Observation ID,Canonical Event ID,Source Dataset,Source Record ID,Date,Event Family,Event Type,Subtype,Mode,Region / Theatre,Country,Location,Latitude,Longitude,Subject Name,Subject Identifier,Asset Type,Actor / Attribution,Description,Outcome / Damage,Fatalities,Injuries,Operational Impact,Trade Impact,Severity,Confidence,Source Reference,Resolution Status,Notes
OBS_000001,,maritime_attacks_2026,1,2026-02-28,Conflict / Security,Conflict attack,Unspecified,Maritime,Persian Gulf / Strait of Hormuz / Gulf of Oman,,"North of Khasab, Oman",,,SKYLIGHT,9330020,Chemical tanker,,4 crew injured; vessel sank,Hit,0,4,4 crew injured; vessel sank,,,,"German Navy Shipping Centre brief, pp. 8-10",Needs canonical event resolution,
OBS_000002,,maritime_attacks_2026,2,2026-03-01,Conflict / Security,Conflict attack,Unspecified,Maritime,Persian Gulf / Strait of Hormuz / Gulf of Oman,,Gulf of Oman,,,MKD VYOM,9284386,Crude oil tanker,,Severely disabled; drifting; heavy hull damage and engine-room fire; evacuated,Hit,1,0,Severely disabled; drifting; heavy hull damage and engine-room fire; evacuated,,,,"German Navy Shipping Centre brief, pp. 8-10",Needs canonical event resolution,
OBS_000003,,maritime_attacks_2026,3,2026-03-01,Conflict / Security,Conflict attack,Unspecified,Maritime,Persian Gulf / Strait of Hormuz / Gulf of Oman,,20 nm northwest of Dubai,,,HERCULES STAR,9916135,Product tanker,,Fire extinguished,Hit,0,0,Fire extinguished,,,,"German Navy Shipping Centre brief, pp. 8-10",Needs canonical event resolution,
OBS_000004,,maritime_attacks_2026,4,2026-03-01,Conflict / Security,Conflict attack,Drone or missile,Maritime,Persian Gulf / Strait of Hormuz / Gulf of Oman,,,,,OCEAN ELECTRA,9402782,Product tanker,,No major damage,Hit,0,0,No major damage,,,,"German Navy Shipping Centre brief, pp. 8-10",Needs canonical event resolution,
OBS_000005,,maritime_attacks_2026,5,2026-03-02,Conflict / Security,Conflict attack,Unspecified,Maritime,Persian Gulf / Strait of Hormuz / Gulf of Oman,,"Port of Muharraq, Bahrain",,,STENA IMPERATIVE,9666077,Oil/chemical tanker,,Fire extinguished; crew evacuated,Hit,0,0,Fire extinguished; crew evacuated,,,,"German Navy Shipping Centre brief, pp. 8-10",Needs canonical event resolution,
OBS_000006,,maritime_attacks_2026,6,2026-03-03,Conflict / Security,Conflict attack,Unspecified,Maritime,Persian Gulf / Strait of Hormuz / Gulf of Oman,,"At anchor, Fujairah, UAE",,,GOLD OAK,9806342,Bulk carrier,,Lateral hit,Hit,0,0,Lateral hit,,,,"German Navy Shipping Centre brief, pp. 8-10",Needs canonical event resolution,
OBS_000007,,maritime_attacks_2026,7,2026-03-03,Conflict / Security,Conflict attack,Unspecified,Maritime,Persian Gulf / Strait of Hormuz / Gulf of Oman,,,,,PELAGIA,9433626,Bulk carrier,,Loud explosion and smoke observed near vessel,Nearby explosion,0,0,Loud explosion and smoke observed near vessel,,,,"German Navy Shipping Centre brief, pp. 8-10",Needs canonical event resolution,
OBS_000008,,maritime_attacks_2026,8,2026-03-03,Conflict / Security,Conflict attack,Unknown projectile,Maritime,Persian Gulf / Strait of Hormuz / Gulf of Oman,,,,,LIBRA TRADER,9562673,Tanker,,Minor damage,Hit,0,0,Minor damage,,,,"German Navy Shipping Centre brief, pp. 8-10",Needs canonical event resolution,
OBS_000009,,maritime_attacks_2026,9,2026-03-04,Conflict / Security,Conflict attack,Projectile,Maritime,Persian Gulf / Strait of Hormuz / Gulf of Oman,,,,,SAFEEN PRESTIGE,9593517,Container ship,,Projectile passed through vessel; fire; crew abandoned. Further attack 18 Mar while unmanned,Hit,0,0,Projectile passed through vessel; fire; crew abandoned. Further attack 18 Mar while unmanned,,,,"German Navy Shipping Centre brief, pp. 8-10",Needs canonical event resolution,
OBS_000010,,maritime_attacks_2026,10,2026-03-04,Conflict / Security,Conflict attack,Unspecified,Maritime,Persian Gulf / Strait of Hormuz / Gulf of Oman,,"At anchor, Iraqi waters",,,SONANGOL NAMIBE,9325049,Crude oil tanker,,Water ingress and ballast-water leakage,Hit,0,0,Water ingress and ballast-water leakage,,,,"German Navy Shipping Centre brief, pp. 8-10",Needs canonical event resolution,
OBS_000011,,maritime_attacks_2026,11,2026-03-06,Conflict / Security,Conflict attack,Two missiles,Maritime,Persian Gulf / Strait of Hormuz / Gulf of Oman,,En route to salvage SAFEEN PRESTIGE,,,MUSSAFAH 2,9522051,Tug,,"4 dead, 3 injured",Hit,4,3,"4 dead, 3 injured",,,,"German Navy Shipping Centre brief, pp. 8-10",Needs canonical event resolution,
OBS_000012,,maritime_attacks_2026,12,2026-03-07,Conflict / Security,Conflict attack,Unspecified,Maritime,Persian Gulf / Strait of Hormuz / Gulf of Oman,,,,,ARABIA III,8771332,Drilling rig,,Fire under control; one injured; crew reduced to minimum,Hit,0,1,Fire under control; one injured; crew reduced to minimum,,,,"German Navy Shipping Centre brief, pp. 8-10",Needs canonical event resolution,
OBS_000013,,maritime_attacks_2026,13,2026-03-11,Conflict / Security,Conflict attack,Unspecified,Maritime,Persian Gulf / Strait of Hormuz / Gulf of Oman,,,,,MAYUREE NAREE,9323649,Bulk carrier,,Fire under control; 3 missing,Hit,0,0,Fire under control; 3 missing,,,,"German Navy Shipping Centre brief, pp. 8-10",Needs canonical event resolution,
OBS_000014,,maritime_attacks_2026,14,2026-03-11,Conflict / Security,Conflict attack,Unspecified,Maritime,Persian Gulf / Strait of Hormuz / Gulf of Oman,,,,,ONE MAJESTY,9424912,Container ship,,Damage to stern above waterline,Hit,0,0,Damage to stern above waterline,,,,"German Navy Shipping Centre brief, pp. 8-10",Needs canonical event resolution,
OBS_000015,,maritime_attacks_2026,15,2026-03-11,Conflict / Security,Conflict attack,Unspecified,Maritime,Persian Gulf / Strait of Hormuz / Gulf of Oman,,,,,STAR GWYNETH,9301031,Bulk carrier,,Punctures in cargo hold and ballast tank; vessel listing,Hit,0,0,Punctures in cargo hold and ballast tank; vessel listing,,,,"German Navy Shipping Centre brief, pp. 8-10",Needs canonical event resolution,
OBS_000016,,maritime_attacks_2026,16,2026-03-11,Conflict / Security,Conflict attack,Unspecified,Maritime,Persian Gulf / Strait of Hormuz / Gulf of Oman,,During STS with SAFESA VISHNU,,,ZEFYROS,9515917,Oil/chemical tanker,,Fire; one fatality,Hit,1,0,Fire; one fatality,,,,"German Navy Shipping Centre brief, pp. 8-10",Needs canonical event resolution,
OBS_000017,,maritime_attacks_2026,17,2026-03-11,Conflict / Security,Conflict attack,Unspecified,Maritime,Persian Gulf / Strait of Hormuz / Gulf of Oman,,During STS with ZEFYROS,,,SAFESA VISHNU,9327009,Crude oil tanker,,Fire,Hit,0,0,Fire,,,,"German Navy Shipping Centre brief, pp. 8-10",Needs canonical event resolution,
OBS_000018,,maritime_attacks_2026,18,2026-03-12,Conflict / Security,Conflict attack,Unspecified,Maritime,Persian Gulf / Strait of Hormuz / Gulf of Oman,,,,,SOURCE BLESSING,9243198,Container ship,,Fire extinguished; German link,Hit,0,0,Fire extinguished; German link,,,,"German Navy Shipping Centre brief, pp. 8-10",Needs canonical event resolution,
OBS_000019,,maritime_attacks_2026,19,2026-03-30,Conflict / Security,Conflict attack,Drone,Maritime,Persian Gulf / Strait of Hormuz / Gulf of Oman,,,,,AL SALMI,9534793,Tanker,,Drone impact on starboard side; fire,Hit,0,0,Drone impact on starboard side; fire,,,,"German Navy Shipping Centre brief, pp. 8-10",Needs canonical event resolution,
OBS_000020,,maritime_attacks_2026,20,2026-03-31,Conflict / Security,Conflict attack,Explosive / unexploded charge,Maritime,Persian Gulf / Strait of Hormuz / Gulf of Oman,,,,,AQUA 1,9573660,Tanker,,Two hits; one explosion and one unexploded charge in engine room,Hit,0,0,Two hits; one explosion and one unexploded charge in engine room,,,,"German Navy Shipping Centre brief, pp. 8-10",Needs canonical event resolution,
OBS_000021,,maritime_attacks_2026,21,2026-04-07,Conflict / Security,Conflict attack,Unknown projectile,Maritime,Persian Gulf / Strait of Hormuz / Gulf of Oman,,,,,QINGDAO STAR,9318163,Container ship,,Damage above waterline,Hit,0,0,Damage above waterline,,,,"German Navy Shipping Centre brief, pp. 8-10",Needs canonical event resolution,
OBS_000022,,maritime_attacks_2026,22,2026-04-07,Conflict / Security,Conflict attack,Up to two missiles/drones,Maritime,Persian Gulf / Strait of Hormuz / Gulf of Oman,,200 nm south of Pakistan,,,GOLD AUTUMN,9220483,Bulk carrier,,Fire; crew rescued by Pakistan,Hit,0,0,Fire; crew rescued by Pakistan,,,,"German Navy Shipping Centre brief, pp. 8-10",Needs canonical event resolution,
OBS_000023,,maritime_attacks_2026,23,2026-04-18,Conflict / Security,State-linked maritime attack,IRGC boats / small arms,Maritime,Persian Gulf / Strait of Hormuz / Gulf of Oman,,,,,SANMAR HERALD,9330563,Tanker,,Damage to bridge windows,Fired upon,0,0,Damage to bridge windows,,,,"German Navy Shipping Centre brief, pp. 8-10",Needs canonical event resolution,
OBS_000024,,maritime_attacks_2026,24,2026-04-18,Conflict / Security,Conflict attack,Drone,Maritime,Persian Gulf / Strait of Hormuz / Gulf of Oman,,,,,CMA CGM EVERGLADE,9894985,Container ship,,Damage to containers,Hit,0,0,Damage to containers,,,,"German Navy Shipping Centre brief, pp. 8-10",Needs canonical event resolution,
OBS_000025,,maritime_attacks_2026,25,2026-04-18,Conflict / Security,Conflict-related incident,Unspecified,Maritime,Persian Gulf / Strait of Hormuz / Gulf of Oman,,,,,MEIN SCHIFF 4,9678408,Cruise ship,,Impact observed in water 150 m away; VHF hailing; German connection,Near impact / hailing,0,0,Impact observed in water 150 m away; VHF hailing; German connection,,,,"German Navy Shipping Centre brief, pp. 8-10",Needs canonical event resolution,
OBS_000026,,maritime_attacks_2026,26,2026-04-22,Conflict / Security,Conflict attack,RPGs and small arms,Maritime,Persian Gulf / Strait of Hormuz / Gulf of Oman,,,,,EPAMINONDAS,9153862,Container ship,,Bridge heavily damaged,Fired upon,0,0,Bridge heavily damaged,,,,"German Navy Shipping Centre brief, pp. 8-10",Needs canonical event resolution,
OBS_000027,,maritime_attacks_2026,27,2026-04-22,Conflict / Security,State seizure / attack,IRGC / small arms,Maritime,Persian Gulf / Strait of Hormuz / Gulf of Oman,,,,,MSC FRANCESCA,9401116,Container ship,,Hull/accommodation damage; ordered to anchor; seized by Iran,Fired upon and seized,0,0,Hull/accommodation damage; ordered to anchor; seized by Iran,,,,"German Navy Shipping Centre brief, pp. 8-10",Needs canonical event resolution,
OBS_000028,,maritime_attacks_2026,28,2026-04-22,Conflict / Security,State-linked maritime attack,IRGC / small arms,Maritime,Persian Gulf / Strait of Hormuz / Gulf of Oman,,,,,EUPHORIA,9235828,Container ship,,Crew retreated to citadel; escaped seizure,Fired upon,0,0,Crew retreated to citadel; escaped seizure,,,,"German Navy Shipping Centre brief, pp. 8-10",Needs canonical event resolution,
OBS_000029,,maritime_attacks_2026,29,2026-05-03,Conflict / Security,Conflict attack,"Unknown projectile, likely drones",Maritime,Persian Gulf / Strait of Hormuz / Gulf of Oman,,,,,BARAKAH,9902615,Tanker,,Engine room and cargo hold hit; crew abandoned ship,Hit,0,0,Engine room and cargo hold hit; crew abandoned ship,,,,"German Navy Shipping Centre brief, pp. 8-10",Needs canonical event resolution,
OBS_000030,,maritime_attacks_2026,30,2026-05-03,Conflict / Security,Maritime armed attack,Several small boats / small arms,Maritime,Persian Gulf / Strait of Hormuz / Gulf of Oman,,,,,MINOAN FALCON,9605841,Bulk carrier,,Damage to bridge and superstructure,Fired upon,0,0,Damage to bridge and superstructure,,,,"German Navy Shipping Centre brief, pp. 8-10",Needs canonical event resolution,
OBS_000031,,maritime_attacks_2026,31,2026-05-04,Conflict / Security,Conflict attack,Unknown projectile,Maritime,Persian Gulf / Strait of Hormuz / Gulf of Oman,,,,,JV INNOVATION,9276688,Tanker,,Heavy hull damage; third-party reporting,Hit,0,0,Heavy hull damage; third-party reporting,,,,"German Navy Shipping Centre brief, pp. 8-10",Needs canonical event resolution,
OBS_000032,,maritime_attacks_2026,32,2026-05-05,Conflict / Security,Conflict attack,Unknown projectile,Maritime,Persian Gulf / Strait of Hormuz / Gulf of Oman,,,,,CMA CGM SAN ANTONIO,9294173,Container ship,,"Several injuries, some serious; evacuated ashore; German connection",Hit,0,0,"Several injuries, some serious; evacuated ashore; German connection",,,,"German Navy Shipping Centre brief, pp. 8-10",Needs canonical event resolution,
OBS_000033,,maritime_attacks_2026,33,2026-05-10,Conflict / Security,Conflict attack,Drone,Maritime,Persian Gulf / Strait of Hormuz / Gulf of Oman,,,,,SAFESEA NEHA,9563392,Bulk carrier,,Fire extinguished; light quarterdeck damage,Hit,0,0,Fire extinguished; light quarterdeck damage,,,,"German Navy Shipping Centre brief, pp. 8-10",Needs canonical event resolution,
OBS_000034,,maritime_attacks_2026,34,2026-06-01,Conflict / Security,Conflict attack,Unspecified,Maritime,Persian Gulf / Strait of Hormuz / Gulf of Oman,,,,,MSC SARISKA V,8715857,Container ship,,Starboard-side damage at waterline; fire extinguished,Hit,0,0,Starboard-side damage at waterline; fire extinguished,,,,"German Navy Shipping Centre brief, pp. 8-10",Needs canonical event resolution,
OBS_000035,,maritime_attacks_2026,35,2026-06-14,Conflict / Security,Conflict attack,Cruise missile,Maritime,Persian Gulf / Strait of Hormuz / Gulf of Oman,,,,,BOCHEM MARENGO,9749025,Oil/chemical tanker,,Damage to ballast tank and cargo hold,Hit,0,0,Damage to ballast tank and cargo hold,,,,"German Navy Shipping Centre brief, pp. 8-10",Needs canonical event resolution,
OBS_000036,,maritime_attacks_2026,36,2026-06-25,Conflict / Security,Conflict attack,Projectile,Maritime,Persian Gulf / Strait of Hormuz / Gulf of Oman,,,,,EVER LOVELY,9629110,Container ship,,Minor bridge damage,Hit,0,0,Minor bridge damage,,,,"German Navy Shipping Centre brief, pp. 8-10",Needs canonical event resolution,
OBS_000037,,maritime_attacks_2026,37,2026-06-27,Conflict / Security,Conflict attack,Projectile,Maritime,Persian Gulf / Strait of Hormuz / Gulf of Oman,,,,,KIKU,9329796,Crude oil tanker,,No major damage,Hit,0,0,No major damage,,,,"German Navy Shipping Centre brief, pp. 8-10",Needs canonical event resolution,
OBS_000038,,maritime_attacks_2026,38,2026-07-07,Conflict / Security,Conflict attack,Unspecified,Maritime,Persian Gulf / Strait of Hormuz / Gulf of Oman,,,,,AL REKAYYAT,9397339,LNG tanker,,Engine-room fire extinguished; crew abandoned; vessel under tow,Hit,0,0,Engine-room fire extinguished; crew abandoned; vessel under tow,,,,"German Navy Shipping Centre brief, pp. 8-10",Needs canonical event resolution,
OBS_000039,,maritime_attacks_2026,39,2026-07-07,Conflict / Security,Conflict attack,Unspecified,Maritime,Persian Gulf / Strait of Hormuz / Gulf of Oman,,,,,WEDYAN,9524970,Crude oil tanker,,Minor structural damage,Hit,0,0,Minor structural damage,,,,"German Navy Shipping Centre brief, pp. 8-10",Needs canonical event resolution,
OBS_000040,,maritime_attacks_2026,40,2026-07-07,Conflict / Security,Conflict attack,Unspecified,Maritime,Persian Gulf / Strait of Hormuz / Gulf of Oman,,,,,CYPRUS PROSPERITY,9595216,Crude oil tanker,,Minor structural damage,Hit,0,0,Minor structural damage,,,,"German Navy Shipping Centre brief, pp. 8-10",Needs canonical event resolution,
OBS_000041,,maritime_attacks_2026,41,2026-07-11,Conflict / Security,Conflict attack,Unspecified,Maritime,Persian Gulf / Strait of Hormuz / Gulf of Oman,,,,,GFS GALAXY,9401271,Container vessel,,Fire; crew abandoned; one missing; towed to Khor Fakkan,Hit,0,0,Fire; crew abandoned; one missing; towed to Khor Fakkan,,,,"German Navy Shipping Centre brief, pp. 8-10",Needs canonical event resolution,
OBS_000042,,maritime_attacks_2026,42,2026-07-13,Conflict / Security,Conflict attack,Unspecified,Maritime,Persian Gulf / Strait of Hormuz / Gulf of Oman,,,,,STOLT MAGNESIUM,9739317,Tanker,,Fire; complete evacuation; all rescued,Hit,0,0,Fire; complete evacuation; all rescued,,,,"German Navy Shipping Centre brief, pp. 8-10",Needs canonical event resolution,
OBS_000043,,maritime_attacks_2026,43,2026-07-13,Conflict / Security,Conflict attack,Unspecified,Maritime,Persian Gulf / Strait of Hormuz / Gulf of Oman,,,,,MOMBASA B,9739501,Tanker,,Fire; one killed; several injured,Hit,1,0,Fire; one killed; several injured,,,,"German Navy Shipping Centre brief, pp. 8-10",Needs canonical event resolution,
OBS_000044,,maritime_attacks_2026,44,2026-07-13,Conflict / Security,Conflict attack,Unspecified,Maritime,Persian Gulf / Strait of Hormuz / Gulf of Oman,,,,,AL BAHYAH,9937799,Tanker,,"Fire; 8 injured, 4 seriously",Hit,0,8,"Fire; 8 injured, 4 seriously",,,,"German Navy Shipping Centre brief, pp. 8-10",Needs canonical event resolution,
OBS_000045,,maritime_attacks_2026,45,2026-07-17,Conflict / Security,Conflict attack,Unspecified,Maritime,Persian Gulf / Strait of Hormuz / Gulf of Oman,,,,,IDI,9307982,Tanker,,Port-side hit; proceeded under own power to anchorage,Hit,0,0,Port-side hit; proceeded under own power to anchorage,,,,"German Navy Shipping Centre brief, pp. 8-10",Needs canonical event resolution,
OBS_000046,,maritime_attacks_2026,46,2026-07-19,Conflict / Security,Conflict attack,Unspecified,Maritime,Persian Gulf / Strait of Hormuz / Gulf of Oman,,,,,KAVOMALEAS,1042823,Tanker,,Fire; crew abandoned; rescued by Omani Coast Guard,Hit,0,0,Fire; crew abandoned; rescued by Omani Coast Guard,,,,"German Navy Shipping Centre brief, pp. 8-10",Needs canonical event resolution,
OBS_000047,,maritime_attacks_2026,47,2026-07-19,Conflict / Security,Conflict attack,Unspecified,Maritime,Persian Gulf / Strait of Hormuz / Gulf of Oman,,,,,ACHELOS,1087524,Tanker,,Steering-gear-room hit; proceeded under own power,Hit,0,0,Steering-gear-room hit; proceeded under own power,,,,"German Navy Shipping Centre brief, pp. 8-10",Needs canonical event resolution,
OBS_000048,,maritime_attacks_2026,48,2026-07-20,Conflict / Security,Conflict attack,Unspecified,Maritime,Persian Gulf / Strait of Hormuz / Gulf of Oman,,,,,KAIFAN,9656046,Tanker,,Fire; crew abandoned; 2 lightly injured; rescued by Omani Coast Guard,Hit,0,2,Fire; crew abandoned; 2 lightly injured; rescued by Omani Coast Guard,,,,"German Navy Shipping Centre brief, pp. 8-10",Needs canonical event resolution,
OBS_000049,,maritime_attacks_2026,49,2026-07-31,Conflict / Security,Conflict attack,Unspecified,Maritime,Persian Gulf / Strait of Hormuz / Gulf of Oman,,,,,GASLOG SHANGHAI,9600528,LNG tanker,,"Port-side engine-room hit; fire, blackout and loss of propulsion",Hit,0,0,"Port-side engine-room hit; fire, blackout and loss of propulsion",,,,"German Navy Shipping Centre brief, pp. 8-10",Needs canonical event resolution,
OBS_000050,,maritime_attacks_2026,50,2026-08-03,Conflict / Security,Conflict attack,Unspecified,Maritime,Persian Gulf / Strait of Hormuz / Gulf of Oman,,,,,MINOAN PIONEER,9471630,Bulk carrier,,Engine-room fire; 22 crew evacuated; 1 missing; vessel at anchor,Hit,0,0,Engine-room fire; 22 crew evacuated; 1 missing; vessel at anchor,,,,"German Navy Shipping Centre brief, pp. 8-10",Needs canonical event resolution,
OBS_000051,,maritime_attacks_2026,51,2026-08-08,Conflict / Security,Conflict attack,Unspecified,Maritime,Persian Gulf / Strait of Hormuz / Gulf of Oman,,,,,UNKNOWN,,Tanker,,Reported fire brought under control,Hit,0,0,Reported fire brought under control,,,,"German Navy Shipping Centre brief, pp. 8-10",Needs canonical event resolution,
OBS_000052,,maritime_attacks_2026,52,2026-08-13,Conflict / Security,Conflict attack,UAVs,Maritime,Persian Gulf / Strait of Hormuz / Gulf of Oman,,,,,NAVIG8MESSI,9482859,Tanker,,Minor damage; continued under own power,Hit,0,0,Minor damage; continued under own power,,,,"German Navy Shipping Centre brief, pp. 8-10",Needs canonical event resolution,
OBS_000053,,maritime_attacks_2026,53,2026-08-13,Conflict / Security,Conflict attack,UAVs,Maritime,Persian Gulf / Strait of Hormuz / Gulf of Oman,,,,,TARIF,9828390,Tanker,,Minor damage; continued under own power,Hit,0,0,Minor damage; continued under own power,,,,"German Navy Shipping Centre brief, pp. 8-10",Needs canonical event resolution,
OBS_000054,,maritime_attacks_2026,54,2026-08-14,Conflict / Security,Conflict attack,Projectile,Maritime,Persian Gulf / Strait of Hormuz / Gulf of Oman,,,,,AL WATAN,9615030,Bulk carrier,,Starboard-side hit; fire extinguished; no casualties,Hit,0,0,Starboard-side hit; fire extinguished; no casualties,,,,"German Navy Shipping Centre brief, pp. 8-10",Needs canonical event resolution,
OBS_000055,,maritime_attacks_2026,55,2026-08-15,Conflict / Security,Conflict attack,Unspecified,Maritime,Persian Gulf / Strait of Hormuz / Gulf of Oman,,,,,RIYAN STAR,9156761,Bulk carrier,,Starboard-side hit below gangway; one fatality,Hit,1,0,Starboard-side hit below gangway; one fatality,,,,"German Navy Shipping Centre brief, pp. 8-10",Needs canonical event resolution,
OBS_000056,,maritime_attacks_2026,56,2026-08-17,Conflict / Security,Conflict attack,Unidentified projectile,Maritime,Persian Gulf / Strait of Hormuz / Gulf of Oman,,,,,MINOAN DIGNITY,9294484,Container ship,,Engine-room hit; one fatality,Hit,1,0,Engine-room hit; one fatality,,,,"German Navy Shipping Centre brief, pp. 8-10",Needs canonical event resolution,
OBS_000057,,maritime_attacks_2026,57,2026-07-22,Conflict / Security,Houthi / Red Sea attack,Unspecified,Maritime,Southern Red Sea / Bab el-Mandeb,,,,,ENCELIA,9240172,Tanker,,Starboard-side hit; fire extinguished with naval assistance,Hit,0,0,Starboard-side hit; fire extinguished with naval assistance,,,,"German Navy Shipping Centre brief, p. 11",Needs canonical event resolution,
OBS_000058,,maritime_attacks_2026,58,2026-07-24,Conflict / Security,Houthi / Red Sea attack,Unspecified,Maritime,Southern Red Sea / Bab el-Mandeb,,,,,NCC MASA,9688336,Tanker,,Minor damage; continued voyage,Hit,0,0,Minor damage; continued voyage,,,,"German Navy Shipping Centre brief, p. 11",Needs canonical event resolution,
OBS_000059,,maritime_attacks_2026,59,2026-08-04,Conflict / Security,Houthi / Red Sea attack,Unspecified,Maritime,Southern Red Sea / Bab el-Mandeb,,,,,MSV FAIZE NOORE,,Merchant vessel,,Fire; crew rescued; vessel subsequently sank,Hit,0,0,Fire; crew rescued; vessel subsequently sank,,,,"German Navy Shipping Centre brief, p. 11",Needs canonical event resolution,
OBS_000060,,maritime_attacks_2026,60,2026-08-11,Conflict / Security,Houthi / Red Sea attack,Unspecified,Maritime,Southern Red Sea / Bab el-Mandeb,,,,,TIHAMAH,1031329,General cargo vessel,,"Fire; 2 fatalities, 4 injured; brief notes 2 additional Yemeni Coast Guard killed",Hit,2,4,"Fire; 2 fatalities, 4 injured; brief notes 2 additional Yemeni Coast Guard killed",,,,"German Navy Shipping Centre brief, p. 11",Needs canonical event resolution,
OBS_000061,,maritime_attacks_2026,61,2026-08-17,Conflict / Security,Houthi / Red Sea attack,Multiple hits,Maritime,Southern Red Sea / Bab el-Mandeb,,,,,AMIR KHAN 1468,1088504,Deck cargo vessel,,Multiple hull hits; complete destruction of vessel structure,Hit,0,0,Multiple hull hits; complete destruction of vessel structure,,,,"German Navy Shipping Centre brief, p. 11",Needs canonical event resolution,
OBS_000062,,maritime_attacks_2026,62,2026-04-21,Conflict / Security,Piracy,Armed boarding,Maritime,Somalia / Gulf of Aden,,"Near Xaafuun / Mareeyo, Puntland",,,HONOUR 25,1099735,Product tanker,,Held by pirates as of 20 Aug,Hijacked,,,Held by pirates as of 20 Aug,,,,"German Navy Shipping Centre brief, p. 2; identifiers from prior cross-checking",Needs canonical event resolution,
OBS_000063,,maritime_attacks_2026,63,2026-04-26,Conflict / Security,Piracy,Armed boarding,Maritime,Somalia / Gulf of Aden,,"Near Garacad, Puntland",,,SWARD,9174244,General cargo / cement carrier,,Held by pirates; externally reported possible mothership,Hijacked,,,Held by pirates; externally reported possible mothership,,,,"German Navy Shipping Centre brief, p. 2; external mothership reporting",Needs canonical event resolution,
OBS_000064,,maritime_attacks_2026,64,2026-05-04,Conflict / Security,Piracy,Armed boarding,Maritime,Somalia / Gulf of Aden,,Yemen-Somalia corridor,,,EUREKA,,Oil/products tanker,,Held by pirates as of 20 Aug,Hijacked,,,Held by pirates as of 20 Aug,,,,"German Navy Shipping Centre brief, p. 2",Needs canonical event resolution,
OBS_000065,,maritime_attacks_2026,65,2026-07-17,Conflict / Security,Piracy,Armed boarding,Maritime,Somalia / Gulf of Aden,,South of Al Mukalla,,,ASANA,,Product/chemical tanker,,Held by pirates as of 20 Aug,Hijacked,,,Held by pirates as of 20 Aug,,,,"German Navy Shipping Centre brief, p. 2",Needs canonical event resolution,
OBS_000066,,maritime_attacks_2026,66,2026-08-17,Conflict / Security,Piracy,Armed boarding,Maritime,Somalia / Gulf of Aden,,Approx. 4 nm south of Maraya,,,LUTUF,,General cargo vessel,,Had routed close to coast due to adverse weather,Hijacked,,,Had routed close to coast due to adverse weather,,,,"German Navy Shipping Centre brief, p. 2",Needs canonical event resolution,
OBS_000067,,maritime_attacks_2026,67,2026-08-20,Conflict / Security,Piracy,Six armed individuals,Maritime,Somalia / Gulf of Aden,,Gulf of Aden,,,SEAMULL (SIBU 1),9204776,Tanker,,Six armed individuals took control; intended diversion to Somalia,Hijacked,,,Six armed individuals took control; intended diversion to Somalia,,,,"German Navy Shipping Centre brief, p. 2; IMO from prior cross-checking",Needs canonical event resolution,
OBS_000068,,piracy_2026,62,2026-04-21,Maritime Crime,Piracy,Armed boarding,Maritime,Somalia / Gulf of Aden,,"Near Xaafuun / Mareeyo, Puntland",,,HONOUR 25,1099735,Product tanker,,Held by pirates as of 20 Aug,Hijacked,,,Hostage/ransom platform; other role unknown,,,German brief confirms held status,"German Navy Shipping Centre brief, p. 2; identifiers from prior cross-checkin...",Needs canonical event resolution,
OBS_000069,,piracy_2026,63,2026-04-26,Maritime Crime,Piracy,Armed boarding,Maritime,Somalia / Gulf of Aden,,"Near Garacad, Puntland",,,SWARD,9174244,General cargo / cement carrier,,Held by pirates; externally reported possible mothership,Hijacked,,,Reported possible mothership + hostage/ransom platform,,,Mothership role externally reported; German brief confirms held status only,"German Navy Shipping Centre brief, p. 2; external mothership reporting; UKMTO...",Needs canonical event resolution,
OBS_000070,,piracy_2026,64,2026-05-04,Maritime Crime,Piracy,Armed boarding,Maritime,Somalia / Gulf of Aden,,Yemen-Somalia corridor,,,EUREKA,,Oil/products tanker,,Held by pirates as of 20 Aug,Hijacked,,,Hostage/ransom platform; other role unknown,,,German brief confirms held status,"German Navy Shipping Centre brief, p. 2",Needs canonical event resolution,
OBS_000071,,piracy_2026,65,2026-07-17,Maritime Crime,Piracy,Armed boarding,Maritime,Somalia / Gulf of Aden,,South of Al Mukalla,,,ASANA,,Product/chemical tanker,,Held by pirates as of 20 Aug,Hijacked,,,Hostage/ransom platform; other role unknown,,,German brief confirms held status,"German Navy Shipping Centre brief, p. 2; UKMTO Warning 090-26 (uploaded PDF: ...",Needs canonical event resolution,
OBS_000072,,piracy_2026,66,2026-08-17,Maritime Crime,Piracy,Armed boarding,Maritime,Somalia / Gulf of Aden,,Approx. 4 nm south of Maraya,,,LUTUF,,General cargo vessel,,Had routed close to coast due to adverse weather,Hijacked,,,Hostage/ransom platform; other role unknown,,,German brief confirms held status,"German Navy Shipping Centre brief, p. 2; UKMTO Warning 114-26 (uploaded PDF: ...",Needs canonical event resolution,
OBS_000073,,piracy_2026,67,2026-08-20,Maritime Crime,Piracy,Six armed individuals,Maritime,Somalia / Gulf of Aden,,Gulf of Aden,,,SEAMULL (SIBU 1),9204776,Tanker,,Six armed individuals took control; intended diversion to Somalia,Hijacked,,,Hostage/ransom platform; other role unknown,,,German brief confirms held status,"German Navy Shipping Centre brief, p. 2; IMO from prior cross-checking; UKMTO...",Needs canonical event resolution,
OBS_000074,,piracy_2026,68,2026-02-17,Maritime Crime,Piracy / armed robbery,Small arms,Maritime,Gulf of Aden / Arabian Sea,,"70NM southwest of Aden, Yemen",,,Unnamed vessel (UKMTO 002-26),,Merchant vessel,,"UKMTO received a report of an incident 70NM southwest of Aden, Yemen. A vesse...",Armed attack / vessel escaped,,,,,,High,UKMTO Warning 002-26 (uploaded PDF: 20260217-UKMTO_WARNING_002 Update 001 1.pdf),Needs canonical event resolution,
OBS_000075,,piracy_2026,69,2026-04-12,Maritime Crime,Piracy / armed robbery,Automatic weapons; Armed skiff/small craft,Maritime,Southern Red Sea / Yemen,,"54NM southwest of Al Hudaydah, Yemen",,,Unnamed vessel (UKMTO 034-26),,Sailing vessel,,"UKMTO has received a report of an incident 54NM southwest of Al Hudaydah, Yem...",Suspicious armed approach,,,,,,Medium,UKMTO Warning 034-26 (uploaded PDF: 20260412_UKMTO_WARNING_034-26.pdf),Needs canonical event resolution,
OBS_000076,,piracy_2026,70,2026-04-23,Maritime Crime,Piracy / armed robbery,Armed skiff/small craft,Maritime,Somalia / Western Indian Ocean,,"83NM southeast of Eyl, Somalia",,,Unnamed vessel (UKMTO 044-26),,Cargo vessel,,"UKMTO has received a report of an incident 83NM southeast of Eyl, Somalia. Th...",Suspicious approach / repelled,,,,,,High,UKMTO Warning 044-26 (uploaded PDF: 20260423-UKMTO_WARNING-044-26.pdf),Needs canonical event resolution,
OBS_000077,,piracy_2026,71,2026-04-28,Maritime Crime,Piracy / armed robbery,Armed skiff/small craft,Maritime,Somalia / Western Indian Ocean,,"500NM east of Mogadishu, Somalia",,,Unnamed vessel (UKMTO 047-26),,Tanker,,"UKMTO has received a report of an incident 500NM east of Mogadishu, Somalia. ...",Suspicious armed approach,,,,,,High,UKMTO Warning 047-26 (uploaded PDF: 20260428-UKMTO_WARNING_SUSPICIOUS ACTIVIT...,Needs canonical event resolution,
OBS_000078,,piracy_2026,72,2026-05-01,Maritime Crime,Piracy / armed robbery,Armed skiff/small craft,Maritime,Gulf of Aden / Arabian Sea,,"within the IRTC, 92NM southwest of Al Mukalla, Yemen",,,Unnamed vessel (UKMTO 048-26),,Bulk carrier,,"UKMTO has received a report of an incident within the IRTC, 92NM southwest of...",Suspicious armed approach,,,,,,High,UKMTO Warning 048-26 (uploaded PDF: 20260501-UKMTO_WARNING_SUSPICIOUS_ACTIVIT...,Needs canonical event resolution,
OBS_000079,,piracy_2026,73,2026-05-02,Maritime Crime,Piracy / armed robbery,Small craft / armed approach,Maritime,Gulf of Aden / Arabian Sea,,,,,Unnamed vessel (UKMTO 049-26),,Bulk carrier,,UKMTO has received a report of a suspicious approach 84NM southwest of Al Muk...,Suspicious armed approach,,,,,,High,UKMTO Warning 049-26 (uploaded PDF: 20260502-UKMTO_WARNING_049-26_SUSPICIOUS_...,Needs canonical event resolution,
OBS_000080,,piracy_2026,74,2026-05-22,Maritime Crime,Piracy / armed robbery,Armed skiff/small craft,Maritime,Gulf of Aden / Arabian Sea,,98NM north of Socotra,,,Unnamed vessel (UKMTO 059-26),,Tanker,,UKMTO has received a report of an incident 98NM north of Socotra. The CSO of ...,Suspicious approach / repelled,,,,,,High,UKMTO Warning 059-26 (uploaded PDF: 20260522-UKMTO-WARNING_059.pdf),Needs canonical event resolution,
OBS_000081,,piracy_2026,75,2026-05-23,Maritime Crime,Piracy / armed robbery,Armed skiff/small craft,Maritime,Gulf of Aden / Arabian Sea,,within the IRTC 200NM west of Socotra,,,Unnamed vessel (UKMTO 060-26),,Product tanker,,UKMTO has received a report of an incident within the IRTC 200NM west of Soco...,Suspicious armed approach,,,,,,High,UKMTO Warning 060-26 (uploaded PDF: 20260523-UKMTO-WARNING_060.pdf),Needs canonical event resolution,
OBS_000082,,piracy_2026,76,2026-06-15,Maritime Crime,Piracy / armed robbery,Small arms,Maritime,Arabian Sea / Gulf of Aden,,14NM south off the coast of Yemen,,,Unnamed vessel (UKMTO 069-26),,Container ship,,UKMTO has received a report of an incident 14NM south off the coast of Yemen....,Attempted boarding / repelled,,,,,,Medium,UKMTO Warning 069-26 (uploaded PDF: 20260615-UKMTO_WARNING_ATTACK-069-26.pdf),Needs canonical event resolution,
OBS_000083,,piracy_2026,77,2026-06-15,Maritime Crime,Piracy / armed robbery,RPG; Small arms; Armed skiff/small craft,Maritime,Gulf of Aden / Arabian Sea,,"111NM southeast of Aden, Yemen",,,Unnamed vessel (UKMTO 070-26),,Tanker,,"UKMTO has received a report of an incident 111NM southeast of Aden, Yemen. A ...",Armed attack / vessel escaped,,,,,,High,UKMTO Warning 070-26 (uploaded PDF: 20260615-UKMTO_WARNING_ATTACK-070-26.pdf),Needs canonical event resolution,
OBS_000084,,piracy_2026,78,2026-06-17,Maritime Crime,Piracy / armed robbery,Armed skiff/small craft,Maritime,Gulf of Aden / Arabian Sea,,"105NM northeast of Aden, Yemen",,,Unnamed vessel (UKMTO 071-26),,Merchant vessel,,"UKMTO has received a report of an incident 105NM northeast of Aden, Yemen. A ...",Suspicious armed approach,,,,,,High,UKMTO Warning 071-26 (uploaded PDF: 20260617-UKMTO_WARNING_ATTACK-071-26 1.pdf),Needs canonical event resolution,
OBS_000085,,piracy_2026,79,2026-06-21,Maritime Crime,Piracy / armed robbery,Armed skiff/small craft,Maritime,Gulf of Aden / Arabian Sea,,"50NM southeast of Al-Shihr, Yemen",,,Unnamed vessel (UKMTO 072-26),,Product tanker,,"UKMTO has received a report of an incident 50NM southeast of Al-Shihr, Yemen....",Attempted boarding / repelled,,,,,,Medium,UKMTO Warning 072-26 (uploaded PDF: 20260621-UKMTO_WARNING_SUSPICIOUS ACTIVIT...,Needs canonical event resolution,
OBS_000086,,piracy_2026,80,2026-07-01,Maritime Crime,Piracy / armed robbery,RPG; Armed skiff/small craft,Maritime,Gulf of Aden / Arabian Sea,,"76NM south of BALHAF, YEMEN",,,Unnamed vessel (UKMTO 077-26),,Merchant vessel,,"UKMTO has received a report of an incident 76NM south of BALHAF, YEMEN. UPDAT...",Piracy-related incident,,,,,,Medium,UKMTO Warning 077-26 (uploaded PDF: 20260701-UKMTO_WARNING_077_26_UPDATE 002 ...,Needs canonical event resolution,
OBS_000087,,piracy_2026,81,2026-07-01,Maritime Crime,Piracy / armed robbery,Small craft / armed approach,Maritime,Gulf of Aden / Arabian Sea,,"85NM south of Balhaf, Yemen",,,Unnamed vessel (UKMTO 078-26),,Tanker,,"UKMTO has received a report of an incident 85NM south of Balhaf, Yemen. The M...",Suspicious armed approach,,,,,,Medium,UKMTO Warning 078-26 (uploaded PDF: 20260701-UKMTO_WARNING_078_26 (1).pdf),Needs canonical event resolution,
OBS_000088,,piracy_2026,82,2026-07-13,Maritime Crime,Piracy / armed robbery,Small craft / armed approach,Maritime,Gulf of Aden / Arabian Sea,,"50NM south of Aden, Yemen",,,Unnamed vessel (UKMTO 084-26),,Tanker,,"UKMTO has received a report of an incident 50NM south of Aden, Yemen. A tanke...",Suspicious approach / repelled,,,,,,High,UKMTO Warning 084-26 (uploaded PDF: 20260713-WARNING-SUSPICIOUS_ACTIVITY_084-...,Needs canonical event resolution,
OBS_000089,,ukmto_warnings_2026,002-26,2026-02-17,Maritime Security Warning,Suspicious Activity,Piracy / armed robbery / suspicious approach,Maritime,,,,,,,,,,"UKMTO received a report of an incident 70NM southwest of Aden, Yemen. A vessel was approached and hailed by one white skiff, with five persons onboard. This was followed by an exchange of small arms fire. Two additional skiffs were also reported in the vicinity. Update 001 UKMTO have been made aware that only warning shots were fired and no weapons were directed at either vessel. This incident has now been downgraded to suspicious activity. Authorities are continuing to investigate.",,,,Offshore / regional maritime,,,High,20260217-UKMTO_WARNING_002 Update 001 1.pdf,Needs canonical event resolution,Has Update: Yes; Latest Update: 001
OBS_000090,,ukmto_warnings_2026,004-26,2026-03-01,Maritime Security Warning,Attack,Suspicious / security incident,Maritime,,,,,,,,,,UKMTO has received a report of an incident 2NM north of Oman. The crew have been evacuated and safe. Authorities are investigating.,,,,Offshore / regional maritime,,,Medium,20260301-UKMTO_WARNING_004-26 1.pdf,Needs canonical event resolution,Has Update: No; Latest Update: 
OBS_000091,,ukmto_warnings_2026,005-26,2026-03-01,Maritime Security Warning,Attack,Conflict / maritime security attack,Maritime,,,,,,,,,,"UKMTO has received a report of an incident 50NM north of Muscat, Oman. It has been reported over VHF Channel 16 that the vessel has been struck by an unknown projectile above the waterline. Although the engine room was originally reported as on fire it has now been reported that the fire is under control. Update 001: UKMTO has received confirmation that the vessel was attacked by an Uncrewed Surface Vehicle (USV), and that the crew has been evacuated to shore. Authorities are investigating.",,,,Offshore / regional maritime,,,High,20260302-UKMTO_WARNING_005-26 -UPDATE_001.pdf,Needs canonical event resolution,Has Update: Yes; Latest Update: 001
OBS_000092,,ukmto_warnings_2026,006-26,2026-03-01,Maritime Security Warning,Attack,Conflict / maritime security attack,Maritime,,,,,,,,,,"UKMTO has received a report of an incident 17NM northwest of Mina Saqr, United Arab Emirates. The Company Security Officer reported that the vessel been struck by an unknown projectile causing a fire. The fire has been extinguished and the vessel intends to continue on its voyage. Authorities are investigating.",,,,Near-port / approaches,,,High,20260301-UKMTO_WARNING_006-26.pdf,Needs canonical event resolution,Has Update: No; Latest Update: 
OBS_000093,,ukmto_warnings_2026,007-26,2026-03-01,Maritime Security Warning,Attack,Conflict / maritime security attack,Maritime,,,,,,,,,,"UKMTO has received a report of an incident 35NM west of Sharjah, United Arab Emirates. It has been reported that an unknown projectile has exploded in very close proximity to a vessel. All crew are safe and well. Authorities are investigating.",,,,Offshore / regional maritime,,,High,20260301-UKMTO_WARNING_007-26.pdf,Needs canonical event resolution,Has Update: No; Latest Update: 
OBS_000094,,ukmto_warnings_2026,008-26,2026-03-02,Maritime Security Warning,Attack,Conflict / maritime security attack,Maritime,,,,,,,,,,UKMTO received a report of an incident in the Port of Bahrain. The Company Security Officer reported that the vessel had been struck by two unknown projectiles causing a fire. The fire has been extinguished and the vessel remains in port. All members of the ships crew are safe and have evacuated the vessel. Authorities are investigating. Vessels are to remain cautious and report any suspicious activity to UKMTO.,,,,Port-side,,,High,20260302-UKMTO_WARNING_008-26.pdf,Needs canonical event resolution,Has Update: No; Latest Update: 
OBS_000095,,ukmto_warnings_2026,009-26,2026-03-03,Maritime Security Warning,Suspicious Activity,Conflict / maritime security attack,Maritime,,,,,,,,,,"UKMTO has received a report of an incident 137NM east of Muscat, Oman. The Master reported a loud explosion in close proximity of the vessel followed by smoke in the water. The vessel and crew are safe. Authorities are investigating.",,,,Offshore / regional maritime,,,High,20260303-UKMTO_WARNING_009-26.pdf,Needs canonical event resolution,Has Update: No; Latest Update: 
OBS_000096,,ukmto_warnings_2026,010-26,2026-03-03,Maritime Security Warning,Attack,Conflict / maritime security attack,Maritime,,,,,,,,,,"UKMTO has received a report of an incident 7NM east of Fujairah, United Arab Emirates. The Master reported the vessel being struck by an unknown projectile causing damage to the steel plating. There has been no fire or water intake. All crew reported safe. Authorities are investigating.",,,,Near-port / approaches,,,High,20260304-UKMTO_WARNING_010-26.pdf,Needs canonical event resolution,Has Update: No; Latest Update: 
OBS_000097,,ukmto_warnings_2026,011-26,2026-03-04,Maritime Security Warning,Attack,Conflict / maritime security attack,Maritime,,,,,,,,,,"UKMTO has received a report of an incident 10NM east of Fujairah, UAE. The tanker experienced a loud blast and debris from an unknown projectile was found on the deck. The funnel of the tanker sustained minor damage but no major damage has been observed with no environmental implications. All crew are safe and accounted for. Authorities are investigating.",,,,Near-port / approaches,,,High,20260304-UKMTO_WARNING_011-26.pdf,Needs canonical event resolution,Has Update: No; Latest Update: 
OBS_000098,,ukmto_warnings_2026,012-26,2026-03-04,Maritime Security Warning,Attack,Conflict / maritime security attack,Maritime,,,,,,,,,,UKMTO has received a report of an incident 2NM north of Oman transiting eastbound in the Straits of Hormuz. A container ship has reported being hit by an unknown projectile just above the water line causing a fire in the engine room. Update 001 – The crew have now abandoned the vessel and all crew are accounted for with no reported injuries. No environmental impact has been reported at this time. Authorities are investigating.,,,,Offshore / regional maritime,,,High,20260304-UKMTO_WARNING_012-26 Update 001.pdf,Needs canonical event resolution,Has Update: Yes; Latest Update: 001
OBS_000099,,ukmto_warnings_2026,013-26,2026-03-04,Maritime Security Warning,Suspicious Activity,Conflict / maritime security attack,Maritime,,,,,,,,,,UKMTO has received a report of an incident 20NM west of Dubai. A container ship has reported witnessing a splash from an unknown projectile in close proximity to the vessel. No damage to the vessel has been reported. Authorities are investigating.,,,,Near-port / approaches,,,High,20260304-UKMTO_WARNING_013-26.pdf,Needs canonical event resolution,Has Update: No; Latest Update: 
OBS_000100,,ukmto_warnings_2026,014-26,2026-03-04,Maritime Security Warning,Attack,Piracy / armed robbery / suspicious approach,Maritime,,,,,,,,,,"UKMTO has received a report of an incident 30NM southeast of MUBARAK AL KABEER, KUWAIT. The Master of a tanker at anchor, reports witnessing and hearing a large explosion on the port side then seeing a small craft leave the vicinity. There is oil in the water coming from a cargo tank which could have some environmental impact, the vessel has taken on water, there are no fires reported and the crew are safe and well. Update 001 05 Mar 26 – UKMTO has received an update that the discharge from the tanker is ballast water. The tanker remains 30NM southeast of MUBARAK AL KABEER, KUWAIT, in IRAQI TTW’s. Authorities are investigating.",,,,Anchorage / port approaches,,,Medium,20260304-UKMTO_WARNING_014-26-UPDATE 001.pdf,Needs canonical event resolution,Has Update: Yes; Latest Update: 001
OBS_000101,,ukmto_warnings_2026,015-26,2026-03-06,Maritime Security Warning,Attack,Conflict / maritime security attack,Maritime,,,,,,,,,,UKMTO has received a report of an incident 6NM north of Oman in the Straits of Hormuz. A third-party source has reported a tug being hit by unknown projectiles in the Straits of Hormuz. Authorities are investigating.,,,,Offshore / regional maritime,,,High,20260306-UKMTO_WARNING_015-26.pdf,Needs canonical event resolution,Has Update: No; Latest Update: 
OBS_000102,,ukmto_warnings_2026,016-26,2026-03-07,Maritime Security Warning,Attack,Suspicious / security incident,Maritime,,,,,,,,,,"UKMTO has received a third-party report of an incident 10NM north of Jubail, Saudi Arabia in TTW. The report is being investigated.",,,,Near-port / approaches,,,Medium,20260307-UKMTO_WARNING_016-26-UK-OS.pdf,Needs canonical event resolution,Has Update: No; Latest Update: 
OBS_000103,,ukmto_warnings_2026,017-26,2026-03-10,Maritime Security Warning,Suspicious Activity,Suspicious / security incident,Maritime,,,,,,,,,,"UKMTO has received a report of an incident 36NM north of Abu Dhabi, United Arab Emirates. The Master reports witnessing a splash and heard a loud bang in close proximity of a bulk carrier. Authorities are investigating.",,,,Offshore / regional maritime,,,Medium,20260310-UKMTO_WARNING_017-26.pdf,Needs canonical event resolution,Has Update: No; Latest Update: 
OBS_000104,,ukmto_warnings_2026,018-26,2026-03-11,Maritime Security Warning,Attack,Conflict / maritime security attack,Maritime,,,,,,,,,,"UKMTO has received a report of an incident 25NM northwest of Ra’s al Khaymah, UAE. The Master of a container vessel has reported that the vessel has sustained damage from a suspected but unknown projectile. Extent of the damage is currently unknown but under investigation by the crew. The Master additionally reports that all crew members are safe and accounted for. Update 001: UKMTO has been informed that there is no environmental impact as a result of the incident.",,,,Near-port / approaches,,,High,20260311-UKMTO_WARNING-UPDATE_001-018-26.pdf,Needs canonical event resolution,Has Update: Yes; Latest Update: 001
OBS_000105,,ukmto_warnings_2026,019-26,2026-03-11,Maritime Security Warning,Attack,Conflict / maritime security attack,Maritime,,,,,,,,,,UKMTO has received a report of an incident 11NM north of Oman in the Straits of Hormuz. It has been reported that a cargo vessel has been hit by an unknown projectile in the Straits of Hormuz which has resulted in a fire onboard. The vessel has requested assistance and the crew are evacuating the vessel. Update- 001: The CSO has reported that the fire onboard the vessel has been extinguished and there is no environmental impact at this time. Update 002 - 13 Mar 26: The CSO has reported that some of the crew remain unlocated at this time and authorities continue to investigate.,,,,Offshore / regional maritime,,,High,20260311-UKMTO_WARNING_019-26_UPDATE-002.pdf,Needs canonical event resolution,Has Update: Yes; Latest Update: 002
OBS_000106,,ukmto_warnings_2026,020-26,2026-03-11,Maritime Security Warning,Attack,Conflict / maritime security attack,Maritime,,,,,,,,,,"UKMTO has received a report of an incident 50NM northwest of Dubai, United Arab Emirates. The Master of a Bulk Carrier has reported their vessel being hit by an unknown projectile. There is no report of any environmental impact. The crew are reported safe and well. Authorities are investigating.",,,,Offshore / regional maritime,,,High,20260311-UKMTO_WARNING_020-26.pdf,Needs canonical event resolution,Has Update: No; Latest Update: 
OBS_000107,,ukmto_warnings_2026,021-26,2026-03-11,Maritime Security Warning,Attack,Conflict / maritime security attack,Maritime,,,,,,,,,,"UKMTO has received a report of an incident 5NM south of Al Basrah, in Iraq TTW. A third party reported that two tankers have been struck by an unknown projectile. The CSO of one affected vessel confirmed the attack had caused a fire onboard. The CSO reported that the crew have been evacuated and safe. Investigations to identify the second vessel affected continue. 120140UTCMAR26: The CSO of the second tanker involved has confirmed the vessel was struck and the attack has caused a fire onboard. All members of the crew have been evacuated. No environmental impact has been reported at this time.",,,,Near-port / approaches,,,High,20260311-UKMTO_WARNING_021-26-UPDATE 001.pdf,Needs canonical event resolution,Has Update: Yes; Latest Update: 001
OBS_000108,,ukmto_warnings_2026,022-26,2026-03-12,Maritime Security Warning,Attack,Conflict / maritime security attack,Maritime,,,,,,,,,,"UKMTO has received a report of an incident 35NM north of Jebel Ali, United Arab Emirates. The Master has reported the container ship was struck by unknown projectile causing a small fire onboard. Full damage assessment impaired by darkness. All crew are reported as safe. No environmental impact has been reported at this time. Authorities are investigating.",,,,Offshore / regional maritime,,,High,20260312-UKMTO_WARNING_022-26.pdf,Needs canonical event resolution,Has Update: No; Latest Update: 
OBS_000109,,ukmto_warnings_2026,023-26,2026-03-16,Maritime Security Warning,Suspicious Activity,Conflict / maritime security attack,Maritime,,,,,,,,,,"UKMTO has received a report of an incident 23NM east of Fujairah, UAE. A Tanker has reported being struck by an unknown projectile whilst at anchor. Minor structural damage reported. No injuries to crew. No environmental impact reported. Update- 001: The CSO has reported that investigations indicate that the vessel was subjected to falling debris from interceptions in the vicinity of the vessel. The vessel received minor structural damage however all crew are confirmed as safe. UKMTO have re-classified this incident as Suspicious Activity.",,,,Anchorage / port approaches,,,High,20260317-UKMTO_WARNING_023-26_UPDATE-001.pdf,Needs canonical event resolution,Has Update: Yes; Latest Update: 001
OBS_000110,,ukmto_warnings_2026,024-26,2026-03-18,Maritime Security Warning,Attack,Conflict / maritime security attack,Maritime,,,,,,,,,,"UKMTO has received a report of an incident 11NM east of Khawr Fakkan, UAE. It has been reported to UKMTO that a vessel has been hit by an unknown projectile which has resulted in a fire onboard.",,,,Near-port / approaches,,,High,20260318-UKMTO_WARNING_024-26.pdf,Needs canonical event resolution,Has Update: No; Latest Update: 
OBS_000111,,ukmto_warnings_2026,025-26,2026-03-19,Maritime Security Warning,Suspicious Activity,Conflict / maritime security attack,Maritime,,,,,,,,,,"UKMTO has received a report of an incident 4NM east of Ras Laffan, Qatar. It has been reported to UKMTO that a vessel has been hit by an unknown projectile. All crew are reported safe and well.",,,,Near-port / approaches,,,High,20260319-UKMTO_WARNING_025-26.pdf,Needs canonical event resolution,Has Update: No; Latest Update: 
OBS_000112,,ukmto_warnings_2026,026-26,2026-03-21,Maritime Security Warning,Attack,Conflict / maritime security attack,Maritime,,,,,,,,,,"UKMTO has received a report of an incident 15NM north of Sharjah, United Arab Emirates. The Master of a Bulk Carrier reported an explosion from an unknown projectile in close proximity to the vessel. All crew are reported safe. Update 001: UKMTO ATTACK Warning 026-26 has been reclassified after review determined the intended target could not be conclusively identified. Authorities are investigating.",,,,Near-port / approaches,,,High,20260322-UKMTO_WARNING_026-26-UPDATE 001.pdf,Needs canonical event resolution,Has Update: Yes; Latest Update: 001
OBS_000113,,ukmto_warnings_2026,028-26,2026-03-30,Maritime Security Warning,Suspicious Activity,Conflict / maritime security attack,Maritime,,,,,,,,,,"UKMTO has received a report of an incident 22NM northeast of RAS TANURA Saudi Arabia. The CSO of the Container Vessel reported 2 unknown projectiles splashing in close proximity, each occurring within 1 hour of each other. The crew are reported as safe. Authorities are investigating.",,,,Near-port / approaches,,,High,20260330_UKMTO_WARNING_028_26-SUSPICIOUS ACTIVITY.pdf,Needs canonical event resolution,Has Update: No; Latest Update: 
OBS_000114,,ukmto_warnings_2026,029-26,2026-03-30,Maritime Security Warning,Suspicious Activity,Conflict / maritime security attack,Maritime,,,,,,,,,,"UKMTO has received a report of an incident 31NM northwest of Dubai, United Arab Emirates. The Company Security Officer reported an unknown projectile had struck their tanker on the starboard side causing a fire to the vessel. The crew are accounted for and safe. No environmental impact has been reported. Update 001: The CSO has confirmed the fire is extinguished, and there are no environmental implications resulting from the strike. UKMTO are unable to determine the source of the projectile and continue to investigate",,,,Offshore / regional maritime,,,High,20260331_UKMTO_WARNING_029_26_UPDATE 001.pdf,Needs canonical event resolution,Has Update: Yes; Latest Update: 001
OBS_000115,,ukmto_warnings_2026,030-26,2026-03-31,Maritime Security Warning,Suspicious Activity,Conflict / maritime security attack,Maritime,,,,,,,,,,"UKMTO has received a report of an incident 17NM north of Ras Laffan, Qatar. The Company Security Officer reported the tanker has been hit by unknown projectile on the port side causing damage to the hull above water line. The crew are reported as safe. There is no environmental impact. Authorities are investigating. UPDATE 001: UKMTO can confirm the vessel was struck by two projectiles. One caused a fire which has since been extinguished. The other remains unexploded within the vessels engine room and is being investigated by the relevant authorities. UKMTO are unable to confirm the source of the projectiles and",,,,Near-port / approaches,,,High,20260331_UKMTO_WARNING_030_26-UPDATE_001.pdf,Needs canonical event resolution,Has Update: Yes; Latest Update: 001
OBS_000116,,ukmto_warnings_2026,031-26,2026-04-05,Maritime Security Warning,Suspicious Activity,Conflict / maritime security attack,Maritime,,,,,,,,,,"UKMTO has received a report of an incident in Khor Fakkan Port, United Arab Emirates. The Master reports witnessing multiple splashes from unknown projectiles, in close proximity of his container ship, whilst alongside conducting loading operations.",,,,Port-side,,,High,20260405_UKMTO_WARNING_031_26.pdf,Needs canonical event resolution,Has Update: No; Latest Update: 
OBS_000117,,ukmto_warnings_2026,032-26,2026-04-07,Maritime Security Warning,Attack,Conflict / maritime security attack,Maritime,,,,,,,,,,"UKMTO has received a time late report of an incident 25NM south of Kish Island, Iran. The container vessel was struck by an unknown projectile which has caused damage above the waterline. The crew are safe and accounted for. No environmental impact has been reported. Authorities are investigating.",,,,Offshore / regional maritime,,,High,20260407_UKMTO_WARNING_032_26.pdf,Needs canonical event resolution,Has Update: No; Latest Update: 
OBS_000118,,ukmto_warnings_2026,034-26,2026-04-12,Maritime Security Warning,Suspicious Activity,Piracy / armed robbery / suspicious approach,Maritime,,,,,,,,,,"UKMTO has received a report of an incident 54NM southwest of Al Hudaydah, Yemen. A sailing vessel was approached by a skiff with approximately 10-12 people on board, 4-5 of whom were armed with automatic weapons. The crew requested that the sailing vessel stopped and when the Master refused they attempted to pull the skiff alongside the sailing vessel to board. The Master deployed a flare and the skiff turned away and departed to the southeast. Authorities are investigating.",,,,Offshore / regional maritime,,,Medium,20260412_UKMTO_WARNING_034-26.pdf,Needs canonical event resolution,Has Update: No; Latest Update: 
OBS_000119,,ukmto_warnings_2026,036-26,2026-04-07,Maritime Security Warning,Attack,Conflict / maritime security attack,Maritime,,,,,,,,,,"UKMTO has received a report of an incident on 07 Apr 26, 112NM southeast of Ras Al Hadd, Oman. The Master of a Bulk Carrier reported to authorities that his vessel was struck by two unidentified projectiles resulting in a fire onboard. A Pakistan Naval vessel rendered assistance and the incident is now reported complete. This UKMTO warning complements JMICC Pakistan Alert 94/26 Ras Al Hadd, Oman",,,,Offshore / regional maritime,,,High,20260414-UKMTO_WARNING_036-26.pdf,Needs canonical event resolution,Has Update: No; Latest Update: 
OBS_000120,,ukmto_warnings_2026,037-26,2026-04-18,Maritime Security Warning,Attack,State/security seizure or attack,Maritime,,,,,,,,,,"UKMTO has received a report of an incident 20NM northeast of OMAN. The Master of a Tanker reports being approached by 2 IRGC gun boats, no VHF challenge that then fired upon the tanker. Tanker and crew are reported safe. Authorities are investigating. Oman",,,,Offshore / regional maritime,,,High,20260418 - UKMTO_WARNING_037_26.pdf,Needs canonical event resolution,Has Update: No; Latest Update: 
OBS_000121,,ukmto_warnings_2026,038-26,2026-04-18,Maritime Security Warning,Attack,Conflict / maritime security attack,Maritime,,,,,,,,,,"UKMTO has received a report of an incident 25NM northeast of OMAN. A report of a Container Ship being hit by an unknown projectile which caused damage to some of the containers, no fires or environment impact reported. Authorities are investigating.",,,,Offshore / regional maritime,,,High,20260418-WARNING_038_26_ATTACK.pdf,Needs canonical event resolution,Has Update: No; Latest Update: 
OBS_000122,,ukmto_warnings_2026,039-26,2026-04-18,Maritime Security Warning,Suspicious Activity,Suspicious / security incident,Maritime,,,,,,,,,,UKMTO has received a report of an incident 3NM east of OMAN. The Master of a Cruise ship reported sighting a splash in close proximity of the vessel.,,,,Offshore / regional maritime,,,Medium,20260418-WARNING_039_26 _SUSPICIOUS ACTIVITY.pdf,Needs canonical event resolution,Has Update: No; Latest Update: 
OBS_000123,,ukmto_warnings_2026,041-26,2026-04-22,Maritime Security Warning,Attack,State/security seizure or attack,Maritime,,,,,,,,,,"UKMTO has received a report of an incident 15NM northeast of OMAN. The Master of a Container Ship reported that the vessel was approached by 1 IRGC gun boat, no VHF challenge that then fired upon the vessel which has caused heavy damage to the bridge. No fires or environmental impact reported. All Crew reported safe.",,,,Offshore / regional maritime,,,High,20260422-UKMTO_WARNING_ATTACK.pdf,Needs canonical event resolution,Has Update: No; Latest Update: 
OBS_000124,,ukmto_warnings_2026,043-26,2026-04-22,Maritime Security Warning,Attack,Conflict / maritime security attack,Maritime,,,,,,,,,,UKMTO has received a report of an incident 8NM west of Iran. A master of an outbound cargo ship reports having been fired upon and is now stopped in the water. Crew are safe and accounted for. There is no reported damage to the vessel. UKMTO is aware of high levels of activity in the SoH area and encourages vessels to report any suspicious activity. Iran,,,,Offshore / regional maritime,,,High,20260422-UKMTO_WARNING_043-26.pdf,Needs canonical event resolution,Has Update: No; Latest Update: 
OBS_000125,,ukmto_warnings_2026,044-26,2026-04-23,Maritime Security Warning,Suspicious Activity,Piracy / armed robbery / suspicious approach,Maritime,,,,,,,,,,"UKMTO has received a report of an incident 83NM southeast of Eyl, Somalia. The Master of a cargo ship was approached by 2 small craft with armed persons onboard. One small craft approached within 600m, warning shots were fired and the suspicious craft returned fire. The suspicious small craft moved away and made clear of the reporting cargo ship. All crew are safe and accounted for.",,,,Offshore / regional maritime,,,High,20260423-UKMTO_WARNING-044-26.pdf,Needs canonical event resolution,Has Update: No; Latest Update: 
OBS_000126,,ukmto_warnings_2026,045-26,2026-04-21,Maritime Security Warning,Suspicious Activity,Piracy / armed robbery / suspicious approach,Maritime,,,,,,,,,,"UKMTO has received a report of an incident 45NM northeast of Mareeyo, Somalia. Military Authorities have reported unauthorised persons taking control of the tanker and manoeuvring the vessel 77NM south within Somali territorial waters. The vessels last known position was 0856N 05032E. UKMTO will continue to monitor.",,,,Offshore / regional maritime,,,High,20260424-UKMTO_WARNING_045-26.pdf,Needs canonical event resolution,Has Update: No; Latest Update: 
OBS_000127,,ukmto_warnings_2026,046-26,2026-04-26,Maritime Security Warning,Suspicious Activity,Piracy / armed robbery / suspicious approach,Maritime,,,,,,,,,,"UKMTO has received a report of an incident 6NM North East of Garacad, Somalia. It has been reported that unauthorised persons have taken control of a cargo vessel which has been re-directed to within territorial waters. Due to the increased threat of possible PAG activity, vessels are advised to transit with caution and report any suspicious activity to UKMTO while authorities investigate. Garacad, Somalia",,,,Offshore / regional maritime,,,High,20260426-UKMTO_WARNING_046-26.pdf,Needs canonical event resolution,Has Update: No; Latest Update: 
OBS_000128,,ukmto_warnings_2026,047-26,2026-04-28,Maritime Security Warning,Suspicious Activity,Piracy / armed robbery / suspicious approach,Maritime,,,,,,,,,,"UKMTO has received a report of an incident 500NM east of Mogadishu, Somalia. The Master of a tanker was approached by a PAG whilst transiting south through the Indian Ocean. A larger wooden vessel crossed ahead of the tanker at 1nm. The Master then reported that two additional craft approached from the starboard side and closed to within 400 meters. Upon sighting the vessels armed sentries, both small craft and the mothership turned away. Due to the increased threat of possible PAG activity, vessels are advised to transit with caution and report any suspicious activity to UKMTO while authorities investigate.",,,,Offshore / regional maritime,,,High,20260428-UKMTO_WARNING_SUSPICIOUS ACTIVITY_047-26.pdf,Needs canonical event resolution,Has Update: No; Latest Update: 
OBS_000129,,ukmto_warnings_2026,048-26,2026-05-01,Maritime Security Warning,Suspicious Activity,Piracy / armed robbery / suspicious approach,Maritime,,,,,,,,,,"UKMTO has received a report of an incident within the IRTC, 92NM southwest of Al Mukalla, Yemen. The Master of bulk carrier has reported being approached by a skiff with a black hull carrying seven armed persons.",,,,Offshore / regional maritime,,,High,20260501-UKMTO_WARNING_SUSPICIOUS_ACTIVITY-048-26.pdf,Needs canonical event resolution,Has Update: No; Latest Update: 
OBS_000130,,ukmto_warnings_2026,049-26,2026-05-02,Maritime Security Warning,Suspicious Activity,Piracy / armed robbery / suspicious approach,Maritime,,,,,,,,,,"UKMTO has received a report of a suspicious approach 84NM southwest of Al Mukalla, Yemen. The Master of a bulk carrier has reported being approached to within 500 metres by 1 green hulled skiff which was accompanied by 1 white fishing vessel.",,,,Offshore / regional maritime,,,High,20260502-UKMTO_WARNING_049-26_SUSPICIOUS_ACTIVITY (1).pdf,Needs canonical event resolution,Has Update: No; Latest Update: 
OBS_000131,,ukmto_warnings_2026,050-26,2026-05-03,Maritime Security Warning,Attack,Piracy / armed robbery / suspicious approach,Maritime,,,,,,,,,,"UKMTO has received a report of an incident 11NM west of Sirik, Iran. The Master of a northbound bulk carrier has reported being attacked by multiple small craft. All crew reported safe and no environmental impact reported.",,,,Offshore / regional maritime,,,Medium,20260503-UKMTO_WARNING_ATTACK-050-26.pdf,Needs canonical event resolution,Has Update: No; Latest Update: 
OBS_000132,,ukmto_warnings_2026,052-26,2026-05-03,Maritime Security Warning,Attack,Conflict / maritime security attack,Maritime,,,,,,,,,,UKMTO has received a report of an incident 78NM north of Fujairah. United Arab Emirates. A tanker has reported being hit by unknown projectiles. All crew reported safe. No environmental impact reported. Authorities are investigating.,,,,Offshore / regional maritime,,,High,20260503-UKMTO_WARNING_ATTACK_052-26.pdf,Needs canonical event resolution,Has Update: No; Latest Update: 
OBS_000133,,ukmto_warnings_2026,053-26,2026-05-04,Maritime Security Warning,Suspicious Activity,Marine casualty / fire,Maritime,,,,,,,,,,"UKMTO has received a report of an incident 36NM north of Dubai, United Arab Emirates. The cargo vessel reported a fire in the engine room, the cause of the fire is unknown at this time. All crew are safe and accounted for. Authorities are investigating.",,,,Offshore / regional maritime,,,Medium,20260504-UKMTO_WARNING_053-26.pdf,Needs canonical event resolution,Has Update: No; Latest Update: 
OBS_000134,,ukmto_warnings_2026,054-26,2026-05-04,Maritime Security Warning,Suspicious Activity,Marine casualty / fire,Maritime,,,,,,,,,,"UKMTO has received a report of an incident 14NM west of Mina Saqr, United Arab Emirates. UKMTO received information from a third party that a vessel was on fire and requesting vessels in the vicinity to keep a safe distance from them. The cause of the fire has not been verified at this time No environmental impact reported Authorities are investigating.",,,,Near-port / approaches,,,Medium,20260504-UKMTO_WARNING_054-26.pdf,Needs canonical event resolution,Has Update: No; Latest Update: 
OBS_000135,,ukmto_warnings_2026,055-26,2026-05-05,Maritime Security Warning,Attack,Conflict / maritime security attack,Maritime,,,,,,,,,,UKMTO has received a report of an incident within the Strait of Hormuz. A verified source reported a cargo vessel has been struck by an unknown projectile. Environmental impact is unknown at time of report.,,,,Offshore / regional maritime,,,High,20260505-UKMTO_WARNING_055-26.pdf,Needs canonical event resolution,Has Update: No; Latest Update: 
OBS_000136,,ukmto_warnings_2026,056-26,2026-05-10,Maritime Security Warning,Attack,Conflict / maritime security attack,Maritime,,,,,,,,,,"UKMTO has received a report of an incident 23NM northeast of DOHA, QATAR. The Master of a Bulk Carrier reports being hit by an unknown projectile. There was a small fire that has been extinguished, there are no casualties. There is no reported environmental impact. Authorities are investigating.",,,,Near-port / approaches,,,High,20260510-UKMTO_056_26_WARNING_ATTACK.pdf,Needs canonical event resolution,Has Update: No; Latest Update: 
OBS_000137,,ukmto_warnings_2026,057-26,2026-05-14,Maritime Security Warning,Suspicious Activity,State/security seizure or attack,Maritime,,,,,,,,,,"UKMTO has received a report of an incident 38NM northeast of Fujairah, United Arab Emirates. The CSO has reported that the vessel has been taken by unauthorised personnel whist at anchor and is now bound for Iranian Territorial Waters. UKMTO continue to investigate.",,,,Anchorage / port approaches,,,High,20260514-UKMTO_057_26_WARNING_SUSPICIOUS ACTIVITY.pdf,Needs canonical event resolution,Has Update: No; Latest Update: 
OBS_000138,,ukmto_warnings_2026,059-26,2026-05-22,Maritime Security Warning,Suspicious Activity,Piracy / armed robbery / suspicious approach,Maritime,,,,,,,,,,UKMTO has received a report of an incident 98NM north of Socotra. The CSO of a tanker has confirmed that the vessel was approached by a small craft with five persons onboard. The vessels Armed Security Team fired warning shots at the small craft which forced them to alter course. Authorities are investigating.,,,,Offshore / regional maritime,,,High,20260522-UKMTO-WARNING_059.pdf,Needs canonical event resolution,Has Update: No; Latest Update: 
OBS_000139,,ukmto_warnings_2026,060-26,2026-05-23,Maritime Security Warning,Suspicious Activity,Piracy / armed robbery / suspicious approach,Maritime,,,,,,,,,,"UKMTO has received a report of an incident within the IRTC 200NM west of Socotra. The Master of a products tanker has reported that the vessel was approached by a small craft with 5 persons onboard, closest point of approach 100m. The vessel’s Armed Security Team were deployed and the small craft altered course away from the reporting vessel.",,,,Offshore / regional maritime,,,High,20260523-UKMTO-WARNING_060.pdf,Needs canonical event resolution,Has Update: No; Latest Update: 
OBS_000140,,ukmto_warnings_2026,062-26,2026-05-26,Maritime Security Warning,Attack,Conflict / maritime security attack,Maritime,,,,,,,,,,"UKMTO has received a report of an incident 60NM east of Muscat, Oman. The Master of a Tanker reports of an external explosion, Port side aft close to the waterline. The crew and vessel are safe, although the Master reports some bunker fuel has discharged into the sea. Authorities are investigating.",,,,Offshore / regional maritime,,,High,20260526-UKMTO_WARNING_062_26.pdf,Needs canonical event resolution,Has Update: No; Latest Update: 
OBS_000141,,ukmto_warnings_2026,063-26,2026-06-01,Maritime Security Warning,Attack,Conflict / maritime security attack,Maritime,,,,,,,,,,"UKMTO has received a report of an incident 40NM southeast of Umm Qasr, Iraq. A Cargo Vessel was transiting in the Arabian Gulf when it experienced a large explosion following potential impact from an unknown projectile on the starboard side. UKMTO is unaware of any environmental impact at this time. Update 001: UKMTO has been informed of a second impact to the Cargo Vessel, resulting in a fire which has since been extinguished. No report of injuries to crew.",,,,Offshore / regional maritime,,,High,20260601-UKMTO_WARNING_063-UPDATE_001.pdf,Needs canonical event resolution,Has Update: Yes; Latest Update: 001
OBS_000142,,ukmto_warnings_2026,064-26,2026-06-08,Maritime Security Warning,Suspicious Activity,Marine casualty / fire,Maritime,,,,,,,,,,"UKMTO has received a report of an incident 15NM northeast of Masirah, Oman. A tanker has experienced a fire onboard resulting in the evacuation of crew. Omani and Indian Authorities are coordinating the response. There are no reports of environmental impact at present.",,,,Offshore / regional maritime,,,Medium,20260608-UKMTO_WARNING-064-26.pdf,Needs canonical event resolution,Has Update: No; Latest Update: 
OBS_000143,,ukmto_warnings_2026,066-26,2026-06-10,Maritime Security Warning,Suspicious Activity,Marine casualty / fire,Maritime,,,,,,,,,,"UKMTO has received a report of an incident 20NM northeast of Sohar, Oman. Local authorities have reported a tanker has experienced a fire in their engine room and are on the scene assisting with the evacuation of the crew. The vessel is reporting 1 casualty and 2 crew members missing. No environment impact reported. Authorities continue investigating. Sohar, Oman",,,,Near-port / approaches,,,Medium,20260610-UKMTO_WARNING_066-26.pdf,Needs canonical event resolution,Has Update: No; Latest Update: 
OBS_000144,,ukmto_warnings_2026,067-26,2026-06-11,Maritime Security Warning,Suspicious Activity,Marine casualty / fire,Maritime,,,,,,,,,,"UKMTO has received a report of an incident 21NM northeast of Sohar, Oman. Local authorities have reported a tanker has experienced a fire in the engine room. No environmental impact has been reported. Authorities continue to investigate.",,,,Near-port / approaches,,,Medium,20260611-UKMTO_WARNING_067-26.pdf,Needs canonical event resolution,Has Update: No; Latest Update: 
OBS_000145,,ukmto_warnings_2026,068-26,2026-06-12,Maritime Security Warning,Attack,Conflict / maritime security attack,Maritime,,,,,,,,,,UKMTO has received a report of an incident 6NM east of Oman. It is reported a Tanker was struck by an unknown projectile in the Port Bow. The Crew are reported safe and there is no reported environmental impact. The tanker is continuing to its next Port of call. Authorities are investigating.,,,,Offshore / regional maritime,,,High,20260613-UKMTO_WARNING_ATTACK_068_26.pdf,Needs canonical event resolution,Has Update: No; Latest Update: 
OBS_000146,,ukmto_warnings_2026,069-26,2026-06-15,Maritime Security Warning,Attack,Piracy / armed robbery / suspicious approach,Maritime,,,,,,,,,,UKMTO has received a report of an incident 14NM south off the coast of Yemen. A container vessel has reported being approached by a small skiff. The crew of the small skiff opened fire on the vessel and attempted to board. Authorities are investigating.,,,,Offshore / regional maritime,,,Medium,20260615-UKMTO_WARNING_ATTACK-069-26.pdf,Needs canonical event resolution,Has Update: No; Latest Update: 
OBS_000147,,ukmto_warnings_2026,070-26,2026-06-15,Maritime Security Warning,Attack,Piracy / armed robbery / suspicious approach,Maritime,,,,,,,,,,"UKMTO has received a report of an incident 111NM southeast of Aden, Yemen. A tanker has reported being approached by a small skiff with 4 crew. The crew of the skiff were armed and opened fire on the vessel with an RPG. Authorities are investigating.",,,,Offshore / regional maritime,,,High,20260615-UKMTO_WARNING_ATTACK-070-26.pdf,Needs canonical event resolution,Has Update: No; Latest Update: 
OBS_000148,,ukmto_warnings_2026,071-26,2026-06-17,Maritime Security Warning,Attack,Piracy / armed robbery / suspicious approach,Maritime,,,,,,,,,,"UKMTO has received a report of an incident 105NM northeast of Aden, Yemen. A vessel has been approached to within 4 meters and fired upon by 2 skiffs with an unknown number of armed persons on board. The vessel has deployed security team and returned fire. The suspect skiffs have now disengaged and are in excess 4NM of the vessel. The crew are safe.",,,,Offshore / regional maritime,,,High,20260617-UKMTO_WARNING_ATTACK-071-26 1.pdf,Needs canonical event resolution,Has Update: No; Latest Update: 
OBS_000149,,ukmto_warnings_2026,072-26,2026-06-21,Maritime Security Warning,Suspicious Activity,Piracy / armed robbery / suspicious approach,Maritime,,,,,,,,,,"UKMTO has received a report of an incident 50NM southeast of Al-Shihr, Yemen. The Master of a product tanker reported being approached by a skiff carrying five armed persons who appeared to be attempting to board the vessel. In response, the vessel conducted evasive manoeuvres and altered course away from the skiff. Vessel is now proceeding to its next port of call. The vessel and crew are reported safe. Authorities are investigating.",,,,Offshore / regional maritime,,,Medium,20260621-UKMTO_WARNING_SUSPICIOUS ACTIVITY-072-26.pdf,Needs canonical event resolution,Has Update: No; Latest Update: 
OBS_000150,,ukmto_warnings_2026,074-26,2026-06-25,Maritime Security Warning,Attack,Conflict / maritime security attack,Maritime,,,,,,,,,,"UKMTO has received a report of an incident 7.5NM southeast of Dahit, Oman. A cargo vessel has been hit on the starboard side by an unknown projectile, causing damage to the bridge. Master has reported no casualties and no environmental impact. Authorities are investigating.",,,,Offshore / regional maritime,,,High,20260625-UKMTO_WARNING_ATTACK-074-26.pdf,Needs canonical event resolution,Has Update: No; Latest Update: 
OBS_000151,,ukmto_warnings_2026,076-26,2026-06-27,Maritime Security Warning,Attack,Conflict / maritime security attack,Maritime,,,,,,,,,,UKMTO has received a report of an incident within the Strait of Hormuz. The Master of Tanker has reported being struck by an unidentified projectile. The vessel sustained damage to their bridge; all crew are reported safe. No environmental damage reported at present.,,,,Offshore / regional maritime,,,High,20260627-UKMTO_WARNING-076-26.pdf,Needs canonical event resolution,Has Update: No; Latest Update: 
OBS_000152,,ukmto_warnings_2026,077-26,2026-07-01,Maritime Security Warning,Incident,Piracy / armed robbery / suspicious approach,Maritime,,,,,,,,,,"UKMTO has received a report of an incident 76NM south of BALHAF, YEMEN. UPDATE 001 – UKMTO have been informed that the suspicious small craft has now departed from the vessel but remains active in the area and could possibly be a risk to other vessels. CSO reports the vessel has minor damage on the bridge and confirms it’s one suspicious small craft with 4 POB, armed with RPG. UPDATE 002 – UKMTO Warning 077_26 has been reclassified as an ILLEGAL BOARDING. The Master has further reported that the unauthorised personnel caused damage to the bridge and several adjacent compartments. The crew remain secure in the citadel and are reported safe",,,,Offshore / regional maritime,,,Medium,20260701-UKMTO_WARNING_077_26_UPDATE 002 (1).pdf,Needs canonical event resolution,Has Update: Yes; Latest Update: 002
OBS_000153,,ukmto_warnings_2026,078-26,2026-07-01,Maritime Security Warning,Suspicious Activity,Piracy / armed robbery / suspicious approach,Maritime,,,,,,,,,,"UKMTO has received a report of an incident 85NM south of Balhaf, Yemen. The Master of a tanker had reported a small craft approached the vessel on the port quarter at 2NM. The small craft was described as having a low freeboard and orange interior with 4 POB. The small craft has now left the vicinity proceeding south. The crew are reported as safe and the vessel is continuing on its voyage. Authorities are investigating.",,,,Offshore / regional maritime,,,Medium,20260701-UKMTO_WARNING_078_26 (1).pdf,Needs canonical event resolution,Has Update: No; Latest Update: 
OBS_000154,,ukmto_warnings_2026,079-26,2026-07-05,Maritime Security Warning,Attack,Conflict / maritime security attack,Maritime,,,,,,,,,,"UKMTO has received a report of an incident 30NM southwest of Al Hudaydah, Yemen. A cargo vessel has triggered a distress alert stating that they are under attack by unknown armed assailants. Authorities are investigating.",,,,Offshore / regional maritime,,,High,20260705-WARNING_ATTACK_079-26 (1).pdf,Needs canonical event resolution,Has Update: No; Latest Update: 
OBS_000155,,ukmto_warnings_2026,080-26,2026-07-06,Maritime Security Warning,Attack,Conflict / maritime security attack,Maritime,,,,,,,,,,"UKMTO has received a report of an incident 8NM east of Limah, Oman. A tanker has reported being hit by an unknown projectile on the port side causing a fire, whilst travelling southbound. No casualties or environmental impact reported. Authorities are investigating.",,,,Offshore / regional maritime,,,High,20260706-UKMTO_WARNING_080-26_ATTACK (1).pdf,Needs canonical event resolution,Has Update: No; Latest Update: 
OBS_000156,,ukmto_warnings_2026,081-26,2026-07-07,Maritime Security Warning,Attack,Conflict / maritime security attack,Maritime,,,,,,,,,,UKMTO has received a report of an incident involving a tanker transiting the Strait of Hormuz. The tanker was struck by an unidentified projectile and is believed to have structural damage. No casualties or environmental impact reported.,,,,Offshore / regional maritime,,,High,20260707-UKMTO_WARNING_81-26 (1).pdf,Needs canonical event resolution,Has Update: No; Latest Update: 
OBS_000157,,ukmto_warnings_2026,082-26,2026-07-07,Maritime Security Warning,Attack,Conflict / maritime security attack,Maritime,,,,,,,,,,"UKMTO has received a report of a further incident involving a tanker transiting the Strait of Hormuz. The tanker was struck by an unknown Uncrewed Aerial Vehicle (UAV) and has sustained minor structural damage. No casualties or environmental impact reported, and vessel is continuing to its next port of call.",,,,Offshore / regional maritime,,,High,20260707-UKMTO_WARNING_82-26 (1).pdf,Needs canonical event resolution,Has Update: No; Latest Update: 
OBS_000158,,ukmto_warnings_2026,083-26,2026-07-11,Maritime Security Warning,Attack,Marine casualty / fire,Maritime,,,,,,,,,,UKMTO has received a report of an incident 9NM east of Oman. Military authorities have reported that a container ship has sustained damage to the rear of the vessel which has caused a fire onboard. UPDATE 001: UKMTO has been informed by military authorities and the CSO of the vessel that the crew have abandoned the vessel and are currently embarked in a lifeboat. UPDATE 002: UKMTO has spoken to the CSO of the container ship who confirms that the crew has been rescued by local authorities. Authorities continue to investigate.,,,,Offshore / regional maritime,,,Medium,20260711-UKMTO_WARNING_083-UPDATE_002.pdf,Needs canonical event resolution,Has Update: Yes; Latest Update: 002
OBS_000159,,ukmto_warnings_2026,084-26,2026-07-13,Maritime Security Warning,Suspicious Activity,Piracy / armed robbery / suspicious approach,Maritime,,,,,,,,,,"UKMTO has received a report of an incident 50NM south of Aden, Yemen. A tanker travelling east in the IRTC has reported being approached by 6 small boats approaching from the starboard side. One small boat has closed to 5 cables and the AST on board the tanker has fired warning shots. The other 5 small boats have remained at 1NM. Authorities are investigating.",,,,Offshore / regional maritime,,,High,20260713-WARNING-SUSPICIOUS_ACTIVITY_084-26.pdf,Needs canonical event resolution,Has Update: No; Latest Update: 
OBS_000160,,ukmto_warnings_2026,085-26,2026-07-13,Maritime Security Warning,Attack,Conflict / maritime security attack,Maritime,,,,,,,,,,"UKMTO has received a report of an incident 40NM northeast of Qalhat, Oman. The Master of a Tanker reports being hit by an unknown projectile on the starboard side engine room. All crew are safe and accounted for with no environmental impact reported.",,,,Offshore / regional maritime,,,High,20260713- UKMTO_WARNING_085_26.pdf,Needs canonical event resolution,Has Update: No; Latest Update: 
OBS_000161,,ukmto_warnings_2026,086-26,2026-07-13,Maritime Security Warning,Attack,Conflict / maritime security attack,Maritime,,,,,,,,,,"UKMTO has received a report of an incident 13NM southeast of Limah, Oman. A tanker has reported being hit by a missile while transiting outbound on the southern route. Authorities are investigating.",,,,Offshore / regional maritime,,,High,20260714-UKMTO_WARNING_086-26_ATTACK.pdf,Needs canonical event resolution,Has Update: No; Latest Update: 
OBS_000162,,ukmto_warnings_2026,087-26,2026-07-13,Maritime Security Warning,Attack,Conflict / maritime security attack,Maritime,,,,,,,,,,"UKMTO has received a report of an incident 13NM southeast of Limah, Oman. A tanker has reported being hit by a missile while transiting outbound on the southern route. Authorities are investigating.",,,,Offshore / regional maritime,,,High,20260714-UKMTO_WARNING_087-26_ATTACK.pdf,Needs canonical event resolution,Has Update: No; Latest Update: 
OBS_000163,,ukmto_warnings_2026,088-26,2026-07-16,Maritime Security Warning,Attack,Conflict / maritime security attack,Maritime,,,,,,,,,,"UKMTO has received a report of an incident 19NM east of Khasab, Oman. A tanker has reported being hit by an unknown projectile causing minor structural damage to the port side. All crew are safe and accounted for, no environmental impact has been reported and the vessel is continuing to its next port of call. Authorities are investigating.",,,,Offshore / regional maritime,,,High,20260717-WARNING_088-26_ATTACK.pdf,Needs canonical event resolution,Has Update: No; Latest Update: 
OBS_000164,,ukmto_warnings_2026,090-26,2026-07-17,Maritime Security Warning,Suspicious Activity,Piracy / armed robbery / suspicious approach,Maritime,,,,,,,,,,"UKMTO has received a report of an incident 65NM south of Al Mukalla, Yemen. Military authorities have reported that the vessel was boarded by unauthorised personnel whilst transiting east in the Gulf of Aden. UPDATE 001 – Military authorities have reported to UKMTO that the vessel involved has been manoeuvred into Somalian territorial waters. UKMTO has re-classified this incident as Hijack Authorities are investigating.",,,,Offshore / regional maritime,,,High,20260717-UKMTO_WARNING_090_26-UPDATE_001.pdf,Needs canonical event resolution,Has Update: Yes; Latest Update: 001
OBS_000165,,ukmto_warnings_2026,092-26,2026-07-19,Maritime Security Warning,Attack,Conflict / maritime security attack,Maritime,,,,,,,,,,"UKMTO has received a report of an incident 8NM northwest of Kumzar, Oman. UKMTO have received information from military authorities that a vessel is on fire. The cause of the fire has not been verified as this time. Update – 001 UKMTO has reclassified as an Attack. The CSO has confirmed the vessel was struck by an unknown projectile. The crew safely abandoned the vessel and have been recovered by a tug boat. The fire has not been extinguished and the vessel is currently adrift. There is no reported environmental impact.",,,,Offshore / regional maritime,,,High,20260719-WARNING_092-26_ATTACK_UPDATE 001.pdf,Needs canonical event resolution,Has Update: Yes; Latest Update: 001
OBS_000166,,ukmto_warnings_2026,093-26,2026-07-19,Maritime Security Warning,Attack,Conflict / maritime security attack,Maritime,,,,,,,,,,"UKMTO has received a report of an incident 17NM east of Dibba, United Arab Emirates. The Master of a vessel reports being struck by an unknown projectile causing damage to the steering gear. All the crew are reported as safe. There is no environmental impact. Authorities are investigating.",,,,Near-port / approaches,,,High,20260720-UKMTO_WARNING_093_26.pdf,Needs canonical event resolution,Has Update: No; Latest Update: 
OBS_000167,,ukmto_warnings_2026,094-26,2026-07-20,Maritime Security Warning,Attack,Conflict / maritime security attack,Maritime,,,,,,,,,,"UKMTO has received a report of an incident 8NM northeast of LIMAH, OMAN UKMTO has received multiple reports that a tanker is reporting over VHF Channel 16 that it has been struck by an unknown projectile in the Strait of Hormuz. UPDATE 001: The CSO of the tanker has reported to UKMTO that the crew have abandoned the vessel and are currently embarked in a lifeboat. No environmental impact has been reported. Authorities are investigating.",,,,Offshore / regional maritime,,,High,20260720-UKMTO_WARNING_094_26 - UPDATE 001.pdf,Needs canonical event resolution,Has Update: Yes; Latest Update: 001
OBS_000168,,ukmto_warnings_2026,095-26,2026-07-22,Maritime Security Warning,Attack,Conflict / maritime security attack,Maritime,,,,,,,,,,"UKMTO has received a report of an incident 70NM southwest of AL SHUQAIQ, Saudi Arabia. The Master of a tanker reports being struck by an unknown projectile which has caused a fire onboard that the crew are currently fighting. There are no reported casualties and no environmental impact.",,,,Offshore / regional maritime,,,High,20260722-UKMTO_WARNING_ATTACK_095_26.pdf,Needs canonical event resolution,Has Update: No; Latest Update: 
OBS_000169,,ukmto_warnings_2026,097-26,2026-07-24,Maritime Security Warning,Suspicious Activity,Conflict / maritime security attack,Maritime,,,,,,,,,,UKMTO has received a report of an incident in the southern Red Sea. It has been reported to UKMTO that a tanker witnessed a splash from an unknown projectile in close proximity to the vessel. Reports confirm that the vessel and crew are safe. Environmental impact is unconfirmed at present.,,,,Offshore / regional maritime,,,High,20260726-UKMTO_WARNING_SUSPICIOUS_ACTIVITY_097_26.pdf,Needs canonical event resolution,Has Update: No; Latest Update: 
OBS_000170,,ukmto_warnings_2026,101-26,2026-07-31,Maritime Security Warning,Attack,Conflict / maritime security attack,Maritime,,,,,,,,,,"UKMTO has received a report of an incident 11NM northeast off Lima, Oman. The CSO of a tanker reports the vessel has been struck by an unknown projectile which has caused damage to the engine room. The tanker is not under command and the regional Coast Guard have been informed. There are no reported casualties or environmental impact.",,,,Offshore / regional maritime,,,High,20260801-UKMTO_WARNING_101_26_ATTACK 1.pdf,Needs canonical event resolution,Has Update: No; Latest Update: 
OBS_000171,,ukmto_warnings_2026,102-26,2026-07-31,Maritime Security Warning,Attack,Conflict / maritime security attack,Maritime,,,,,,,,,,"UKMTO has received a report of an incident 21NM northeast of Khasab, Oman. The Master of a tanker reports seeing a large splash and explosion in close proximity to the vessel. No damage to the vessel has been reported at this time.",,,,Offshore / regional maritime,,,High,20260801-UKMTO_WARNING_102_26_ATTACK.pdf,Needs canonical event resolution,Has Update: No; Latest Update: 
OBS_000172,,ukmto_warnings_2026,104-26,2026-08-03,Maritime Security Warning,Attack,Conflict / maritime security attack,Maritime,,,,,,,,,,"UKMTO has received a report of an incident 20NM northeast of Al Khasab, Oman. A cargo vessel has broadcasted on VHF 16 that they have been hit by an unknown projectile. Authorities are investigating.",,,,Offshore / regional maritime,,,High,20260803-UKMTO_WARNING_104-26.pdf,Needs canonical event resolution,Has Update: No; Latest Update: 
OBS_000173,,ukmto_warnings_2026,105-26,2026-08-05,Maritime Security Warning,Attack,Conflict / maritime security attack,Maritime,,,,,,,,,,"UKMTO has received a time-late report of an incident 9NM southwest of Al Mukha, Yemen. The CSO of the vessel has reported that the vessel was attacked by an Uncrewed Surface Vessel which caused a fire onboard. The crew have been rescued by local authorities and are safe and well. The vessel has been reported as sunk.",,,,Offshore / regional maritime,,,High,20260805-UKMTO_WARNING_105.pdf,Needs canonical event resolution,Has Update: No; Latest Update: 
OBS_000174,,ukmto_warnings_2026,106-26,2026-08-05,Maritime Security Warning,Attack,Conflict / maritime security attack,Maritime,,,,,,,,,,"UKMTO has received a report of an incident 95NM southeast of Aden, Yemen. The Master of a tanker reported hearing a loud explosion in close proximity to the vessel. All crew accounted for and safe. There is no environmental impact reported. Authorities are investigating.",,,,Offshore / regional maritime,,,High,20260805-UKMTO_WARNING_106-26.pdf,Needs canonical event resolution,Has Update: No; Latest Update: 
OBS_000175,,ukmto_warnings_2026,107-26,2026-08-05,Maritime Security Warning,Attack,Conflict / maritime security attack,Maritime,,,,,,,,,,"UKMTO has received a time late report of an incident 9NM southeast of Kumzar, Oman. The Master of a tanker has reported hearing two explosions whilst transiting in the Strait of Hormuz. The report confirms that crew and vessel are safe. No environmental damage has been reported.",,,,Offshore / regional maritime,,,High,20260805-UKMTO_WARNING_107_26.pdf,Needs canonical event resolution,Has Update: No; Latest Update: 
OBS_000176,,ukmto_warnings_2026,108-26,2026-08-08,Maritime Security Warning,Attack,Conflict / maritime security attack,Maritime,,,,,,,,,,"UKMTO has received a report of an incident 18NM east of Khasab, Oman. A verified source has reported that a vessel was struck by an unknown projectile which caused a fire that has been extinguished. There is no reported environmental impact. The vessel and crew are reported as safe.",,,,Offshore / regional maritime,,,High,20260808-UKMTO_WARNING_ATTACK_108_26.pdf,Needs canonical event resolution,Has Update: No; Latest Update: 
OBS_000177,,ukmto_warnings_2026,110-26,2026-08-11,Maritime Security Warning,Attack,Conflict / maritime security attack,Maritime,,,,,,,,,,"UKMTO has been informed of an incident off the coast of Al Mokha, Yemen. It has been reported that a cargo vessel in the Southern Red Sea has been hit by an unknown projectile resulting in casualties. Authorities are investigating.",,,,Offshore / regional maritime,,,High,20260811- UKMTO_WARNING_110-26.pdf,Needs canonical event resolution,Has Update: No; Latest Update: 
OBS_000178,,ukmto_warnings_2026,111-26,2026-08-14,Maritime Security Warning,Attack,Conflict / maritime security attack,Maritime,,,,,,,,,,"UKMTO has received a report of an incident in the Strait of Hormuz. UKMTO has received reports from Military Authorities that a tanker was struck by a Uncrewed Ariel Vehicle (UAV) whilst conducting an outbound transit of the Strait of Hormuz. The vessel was subject to minor damage, crew are reported as safe and accounted for and no environmental impact has been reported.",,,,Offshore / regional maritime,,,High,20260814_UKMTO_WARNING_111-26.pdf,Needs canonical event resolution,Has Update: No; Latest Update: 
OBS_000179,,ukmto_warnings_2026,112-26,2026-08-14,Maritime Security Warning,Attack,Conflict / maritime security attack,Maritime,,,,,,,,,,"UKMTO has received a report of an incident in the Strait of Hormuz. UKMTO has received reports from Military Authorities that a tanker was struck by a Uncrewed Ariel Vehicle (UAV) whilst conducting an outbound transit of the Strait of Hormuz. The vessel was subject to minor damage, crew are reported as safe and accounted for and no environmental impact has been reported.",,,,Offshore / regional maritime,,,High,20260814_UKMTO_WARNING_112-26.pdf,Needs canonical event resolution,Has Update: No; Latest Update: 
OBS_000180,,ukmto_warnings_2026,113-26,2026-08-15,Maritime Security Warning,Attack,Conflict / maritime security attack,Maritime,,,,,,,,,,"UKMTO has received a report of an incident in the Strait of Hormuz UKMTO has received a verified report of a Bulk carrier being struck by an unknown projectile which has hit the hull. The crew are reported safe, no damage assessment has been reported and environmental impact is unknown at present.",,,,Offshore / regional maritime,,,High,20260815_UKMTO_WARNING_113.pdf,Needs canonical event resolution,Has Update: No; Latest Update: 
OBS_000181,,ukmto_warnings_2026,114-26,2026-08-17,Maritime Security Warning,Suspicious Activity,Suspicious / security incident,Maritime,,,,,,,,,,UKMTO has received a report of an incident 4NM south of MAREEYO SOMALIA. The CSO of a cargo vessel reports being boarded by 8 armed unauthorised persons who have taken control of the vessel.,,,,Offshore / regional maritime,,,Medium,20260817-UKMTO_WARNING_114_26.pdf,Needs canonical event resolution,Has Update: No; Latest Update: 
OBS_000182,,ukmto_warnings_2026,115-26,2026-08-18,Maritime Security Warning,Attack,Conflict / maritime security attack,Maritime,,,,,,,,,,"UKMTO has received a report of an incident in the Strait of Hormuz. The Company Security Officer has reported that the vessel was struck by an unknown projectile while conducting an outbound transit of the Strait of Hormuz. The impact caused damage to the engine room and resulted in a crew casualty. The remaining crew are currently being assisted by the Omani Coast Guard. At present, no environmental impact has been reported. Authorities are investigating.",,,,Offshore / regional maritime,,,High,20260818- UKMTO_WARNING_ATTACK_115-26.pdf,Needs canonical event resolution,Has Update: No; Latest Update: 
OBS_000183,,ukmto_warnings_2026,116-26,2026-08-15,Maritime Security Warning,Attack,Conflict / maritime security attack,Maritime,,,,,,,,,,UKMTO has received a time late report of an incident in the Strait of Hormuz. A third party has reported that a bulk carrier was struck by an unknown projectile whilst conducting a transit of the Strait of Hormuz. The impact caused damage to the starboard side of the vessel and resulted in a crew casualty. There is no report of an environmental impact.,,,,Offshore / regional maritime,,,High,20260818-UKMTO_WARNING_116-26.pdf,Needs canonical event resolution,Has Update: No; Latest Update: 
OBS_000184,,ukmto_warnings_2026,117-26,2026-08-17,Maritime Security Warning,Attack,Conflict / maritime security attack,Maritime,,,,,,,,,,"UKMTO has received a report of an incident 40NM southeast of Al Mukha, Yemen. Local Authorities report a cargo ship being struck by multiple unknown projectiles. The cargo vessel was unmanned at the time of the incident; however, the damage has resulted in a complete constructive loss. Authorities are investigating.",,,,Offshore / regional maritime,,,High,20260818 -UKMTO_WARNING_117_26-1.pdf,Needs canonical event resolution,Has Update: No; Latest Update: 
OBS_000185,,ukmto_warnings_2026,118-26,2026-08-20,Maritime Security Warning,Suspicious Activity,Suspicious / security incident,Maritime,,,,,,,,,,"UKMTO has received a report of an incident 136NM east of Al Mukalla, Yemen. A tanker has broadcast a distress call on VHF 16 that they have been approached by an unauthorised vessel whilst travelling west in the Gulf of Aden. Update 001 – UKMTO have received confirmation that the tanker has been boarded by six armed persons who are now in control of the vessel and redirecting to Somalia. Authorities are investigating.",,,,Offshore / regional maritime,,,Medium,20260820-UKMTO_118-26_UPDATE-001.pdf,Needs canonical event resolution,Has Update: Yes; Latest Update: 001
OBS_000186,,ukmto_warnings_2026,119-26,2026-08-24,Maritime Security Warning,Attack,Conflict / maritime security attack,Maritime,,,,,,,,,,"UKMTO has received a report of an incident 63NM west of Yanbu, Saudi Arabia. The Company Security Officer reported a tanker has been struck by unknown projectile causing a fire to the vessel on the main deck. All crew are safe and accounted for and no environmental impact has been reported.",,,,Offshore / regional maritime,,,High,20260824-UKMTO_WARNING_119-26.pdf,Needs canonical event resolution,Has Update: No; Latest Update: 
OBS_000187,,ukmto_warnings_2026,120-26,2026-08-24,Maritime Security Warning,Attack,Conflict / maritime security attack,Maritime,,,,,,,,,,"UKMTO has received a report of an incident 9NM northeast of Ash Shishah, Oman. The Master of an oil tanker reports the vessel has been struck by an unknown projectile causing damage to the engine room and disabling the vessel. Crew are reported safe. Environmental impact is unknown at time of report.",,,,Offshore / regional maritime,,,High,20260824-UKMTO_WARNING_120-26.pdf,Needs canonical event resolution,Has Update: No; Latest Update: 
OBS_000188,,ukmto_warnings_2026,121-26,2026-08-25,Maritime Security Warning,Attack,Conflict / maritime security attack,Maritime,,,,,,,,,,UKMTO has received a report of an incident in the Strait of Hormuz. Local authorities have reported a tanker has been hit by an unknown projectile causing fire to the vessel which has since been extinguished. All crew are reported as safe and accounted for and there has been no report of environmental impact. Authorities are investigating.,,,,Offshore / regional maritime,,,High,20260827-UKMTO_ATTACK-121-26.pdf,Needs canonical event resolution,Has Update: No; Latest Update: 
OBS_000189,,ukmto_warnings_2026,122-26,2026-08-29,Maritime Security Warning,Attack,Conflict / maritime security attack,Maritime,,,,,,,,,,"UKMTO has received a time-late report of an incident 12NM north of Khasab, Oman. A tanker has been struck by an unknown projectile whilst transiting inbound in the Strait of Hormuz. No casualties or environmental impact are reported at this time. Authorities are investigating.",,,,Offshore / regional maritime,,,High,20260829-UKMTO_WARNING_122-26.pdf,Needs canonical event resolution,Has Update: No; Latest Update: 
OBS_000190,,ukmto_warnings_2026,124-26,2026-08-31,Maritime Security Warning,Attack,Conflict / maritime security attack,Maritime,,,,,,,,,,"UKMTO has received a report of an incident 17NM east of Khasab, Oman. A tanker has reported being struck by 3 unknown projectiles whilst completing an outbound transit of the Strait of Hormuz. No casualties or environmental impact has been reported. Authorities are investigating.",,,,Offshore / regional maritime,,,High,20260831-UKMTO_WARNING_124-26.pdf,Needs canonical event resolution,Has Update: No; Latest Update: 
OBS_000191,,ukmto_warnings_2026,126-26,2026-09-02,Maritime Security Warning,Attack,Suspicious / security incident,Maritime,,,,,,,,,,UKMTO has received a time-late report of an incident in the Strait of Hormuz. UKMTO has received a verified report that a tanker was involved in a security incident resulting in two casualties. There is no report of environmental impact at this time. Update 001: UKMTO has received confirmation that the two casualties reported in this incident have now been confirmed as fatalities. Authorities are investigating.,,,,Offshore / regional maritime,,,Medium,20260902-UKMTO_WARNING_126-UPDATE_001.pdf,Needs canonical event resolution,Has Update: Yes; Latest Update: 001
OBS_000192,,centcom_maritime_actions_2026,1,2026-04-19,Military / Enforcement,Disabled + boarded/seized,5-inch Mk 45 gun into engine room; Marine boarding,Maritime,,,45 NM southeast of Chabahar / Arabian Sea,,,TOUSKA,9328900,Cargo vessel,USS Spruance (DDG-111); 31st MEU,First named vessel physically disabled and seized during blockade.,Propulsion disabled,,,Boarded and held in U.S. custody,,,,https://www.centcom.mil/MEDIA/PUBLIC-RELEASES/Article/4464037/us-forces-disable-vessel-attempting-to-enter-iranian-port-violate-blockade/ | https://www.imo.org/en/mediacentre/hottopics/pages/middle-east-highlighted-incidents.aspx,Needs canonical event resolution,Blockade phase: Initial blockade (13 Apr–18 Jun); Casualties: No injuries reported
OBS_000193,,centcom_maritime_actions_2026,2,2026-04-28,Military / Enforcement,Boarded / searched,Marine boarding,Maritime,,,Arabian Sea,,,BLUE STAR III,,Commercial vessel,31st MEU,Boarding only; not counted among nine disabled vessels.,No damage reported,,,Released after search; voyage confirmed not to include Iranian port call,,,,https://www.centcom.mil/MEDIA/VIDEO-AND-IMAGERY/VIDEOS/dvpmoduleid/37619/dvpsearch/units/videoid/1004319/,Needs canonical event resolution,Blockade phase: Initial blockade; Casualties: None reported
OBS_000194,,centcom_maritime_actions_2026,3,2026-05-06,Military / Enforcement,Disabled,20mm cannon fire into rudder,Maritime,,,Gulf of Oman,,,HASNA,9212917,Oil tanker,F/A-18 Super Hornet from USS Abraham Lincoln (CVN-72),,Rudder disabled; transit stopped,,,Not seized,,,,https://www.centcom.mil/MEDIA/PUBLIC-RELEASES/Article/4479004/us-forces-disable-vessel-in-gulf-of-oman-attempting-to-violate-blockade/ | https://www.imo.org/en/mediacentre/hottopics/pages/middle-east-highlighted-incidents.aspx,Needs canonical event resolution,Blockade phase: Initial blockade; Casualties: No casualties/pollution reported
OBS_000195,,centcom_maritime_actions_2026,4,2026-05-08,Military / Enforcement,Disabled,Precision munition into smokestack,Maritime,,,Gulf of Oman,,,SEA STAR III,9569205,Crude oil tanker,F/A-18 Super Hornet from USS George H.W. Bush (CVN-77),OFAC-linked to National Iranian Tanker Company.,Disabled; transit stopped,,,Not seized,,,,https://www.centcom.mil/MEDIA/PUBLIC-RELEASES/Article/4480820/us-disables-2-more-vessels-violating-blockade-in-gulf-of-oman/ | https://www.imo.org/en/mediacentre/hottopics/pages/middle-east-highlighted-incidents.aspx,Needs canonical event resolution,Blockade phase: Initial blockade; Casualties: No casualties/pollution reported
OBS_000196,,centcom_maritime_actions_2026,5,2026-05-08,Military / Enforcement,Disabled,Precision munition into smokestack,Maritime,,,Gulf of Oman,,,SEVDA,9172040,Oil tanker,F/A-18 Super Hornet from USS George H.W. Bush (CVN-77),,Disabled; transit stopped,,,Not seized,,,,https://www.centcom.mil/MEDIA/PUBLIC-RELEASES/Article/4480820/us-disables-2-more-vessels-violating-blockade-in-gulf-of-oman/ | https://www.imo.org/en/mediacentre/hottopics/pages/middle-east-highlighted-incidents.aspx,Needs canonical event resolution,Blockade phase: Initial blockade; Casualties: No casualties/pollution reported
OBS_000197,,centcom_maritime_actions_2026,6,2026-05-20,Military / Enforcement,Boarded / searched / redirected,Marine boarding,Maritime,,,Gulf of Oman,,,CELESTIAL SEA,,Oil tanker,31st MEU,Boarding only; not counted among disabled vessels.,No damage reported,,,Released after search and directed to alter course,,,,https://www.reuters.com/world/middle-east/us-military-boards-releases-iran-flagged-oil-tanker-gulf-oman-2026-05-20/ | https://www.centcom.mil/OPERATIONS-AND-EXERCISES/EPIC-FURY/?dvpTag=blockade&dvpmoduleid=41413,Needs canonical event resolution,Blockade phase: Initial blockade; Casualties: None reported
OBS_000198,,centcom_maritime_actions_2026,7,2026-05-29,Military / Enforcement,Disabled,Hellfire missile into engine room,Maritime,,,Gulf of Oman,,,LIAN STAR,9072692,General cargo ship,U.S. aircraft,,Disabled; transit stopped,,,Not seized,,,,https://www.centcom.mil/MEDIA/PUBLIC-RELEASES/Article/4504816/us-forces-disable-non-compliant-vessel-in-gulf-of-oman-to-prevent-blockade-viol/ | https://www.imo.org/en/mediacentre/hottopics/pages/middle-east-highlighted-incidents.aspx,Needs canonical event resolution,Blockade phase: Initial blockade; Casualties: No casualties/pollution reported
OBS_000199,,centcom_maritime_actions_2026,8,2026-06-02,Military / Enforcement,Disabled,Hellfire missile into engine room,Maritime,,,Persian/Arabian Gulf toward Kharg Island,,,LEXIE,9203277,Oil tanker,U.S. aircraft,,Disabled; unable to reach Iran,,,Not seized,,,,https://www.centcom.mil/MEDIA/PUBLIC-RELEASES/Article/4506969/centcom-disables-non-compliant-vessel-in-arabian-gulf/ | https://www.imo.org/en/mediacentre/hottopics/pages/middle-east-highlighted-incidents.aspx,Needs canonical event resolution,Blockade phase: Initial blockade; Casualties: No casualties/pollution reported
OBS_000200,,centcom_maritime_actions_2026,9,2026-06-08,Military / Enforcement,Disabled,Precision munition into engineering/steering spaces,Maritime,,,"21 NM northeast of Masirah Island, Oman",,,MARIVEX,9464156,Oil tanker,F/A-18 Super Hornet from USS Abraham Lincoln (CVN-72),Palau registry later said vessel was not validly Palau-flagged on incident date.,Damaged; abandoned,,,Not seized,,,,https://www.centcom.mil/MEDIA/PUBLIC-RELEASES/Article/4511257/us-forces-disable-non-compliant-oil-tanker-in-gulf-of-oman/ | https://www.marinelog.com/news/u-s-strike-disables-would-be-blockade-buster-marivex/,Needs canonical event resolution,Blockade phase: Initial blockade; Casualties: No injuries/pollution reported
OBS_000201,,centcom_maritime_actions_2026,10,2026-06-09,Military / Enforcement,Disabled,Precision munition into engine room,Maritime,,,"25 NM east of Shinas, Oman",,,SETTEBELLO,9162916,Oil products tanker,U.S. aircraft,First confirmed seafarer deaths from U.S. blockade enforcement.,Damaged; abandoned,,,Not seized,,,,https://www.centcom.mil/MEDIA/PUBLIC-RELEASES/Article/4513450/centcom-disables-non-compliant-vessel-in-gulf-of-oman/ | https://www.imo.org/en/mediacentre/pressbriefings/pages/imo-statement-on-settebello-attack.aspx,Needs canonical event resolution,Blockade phase: Initial blockade; Casualties: 3 seafarer fatalities
OBS_000202,,centcom_maritime_actions_2026,11,2026-06-10,Military / Enforcement,Disabled,Two Hellfire missiles into engine room,Maritime,,,"21 NM northeast of Sohar, Oman",,,JALVEER,9486283,Bitumen tanker,U.S. aircraft,CENTCOM said this brought disabled-vessel count to nine.,Damaged; abandoned,,,Not seized,,,,https://www.centcom.mil/MEDIA/PUBLIC-RELEASES/Article/4514268/us-forces-disable-3rd-oil-tanker-violating-blockade-in-gulf-of-oman/ | https://www.imo.org/en/mediacentre/hottopics/pages/middle-east-highlighted-incidents.aspx,Needs canonical event resolution,Blockade phase: Initial blockade; Casualties: No pollution reported
OBS_000203,,centcom_maritime_actions_2026,12,2026-07-15,Military / Enforcement,Disabled,Hellfire missiles into smokestack,Maritime,,,IVO Bushehr Province / Arabian Gulf,,,BELMA,9289491,Crude oil tanker,U.S. aircraft,,Damaged; transit to Kharg stopped,,,Not seized,,,,https://www.centcom.mil/MEDIA/PUBLIC-RELEASES/Article/4546626/us-forces-disable-non-compliant-vessel-in-arabian-gulf/ | https://www.imo.org/en/mediacentre/hottopics/pages/middle-east-highlighted-incidents.aspx,Needs canonical event resolution,Blockade phase: Resumed blockade (from 14 Jul); Casualties: No pollution reported
OBS_000204,,centcom_maritime_actions_2026,13,2026-09-05,Military / Enforcement,Strike / permanently disabled,Air-delivered strike,Maritime,,,Off Kharg Island,,,DOWNY,,Crude oil carrier,CENTCOM forces / U.S. aircraft,IMO number not yet independently verified in public sources reviewed.,Permanently disabled,,,Not applicable,,,,https://www.centcom.mil/MEDIA/PUBLIC-RELEASES/Article/4591744/centcom-destroys-3-irgc-oil-tankers-after-iran-targets-2-us-navy-warships/ | https://www.reuters.com/world/middle-east/us-military-strikes-three-iranian-crude-oil-carriers-central-command-says-2026-09-05/,Needs canonical event resolution,Blockade phase: Post-ceasefire escalation; Casualties: No casualties reported by CENTCOM
OBS_000205,,centcom_maritime_actions_2026,14,2026-09-05,Military / Enforcement,Strike / permanently disabled,Air-delivered strike,Maritime,,,"Near Jask, Iran",,,STARK 1,,Crude oil carrier,CENTCOM forces / U.S. aircraft,IMO number not yet independently verified in public sources reviewed.,Permanently disabled,,,Not applicable,,,,https://www.centcom.mil/MEDIA/PUBLIC-RELEASES/Article/4591744/centcom-destroys-3-irgc-oil-tankers-after-iran-targets-2-us-navy-warships/ | https://www.reuters.com/world/middle-east/us-military-strikes-three-iranian-crude-oil-carriers-central-command-says-2026-09-05/,Needs canonical event resolution,Blockade phase: Post-ceasefire escalation; Casualties: No casualties reported by CENTCOM
OBS_000206,,centcom_maritime_actions_2026,15,2026-09-05,Military / Enforcement,Destroyed,Multiple strikes after crew ordered to abandon ship,Maritime,,,Gulf of Oman,,,KYLO / NOXEN,,Crude oil carrier,CENTCOM forces / U.S. aircraft,CENTCOM says KYLO also known as NOXEN; IMO number not yet independently verified.,Completely destroyed / rendered inoperable,,,Not applicable,,,,https://www.centcom.mil/MEDIA/PUBLIC-RELEASES/Article/4591744/centcom-destroys-3-irgc-oil-tankers-after-iran-targets-2-us-navy-warships/ | https://www.reuters.com/world/middle-east/us-military-strikes-three-iranian-crude-oil-carriers-central-command-says-2026-09-05/,Needs canonical event resolution,Blockade phase: Post-ceasefire escalation; Casualties: Crew ordered to abandon before strike; no casualties reported
OBS_000207,,imo_gulf_confirmed_2026,1,2026-08-31,Conflict / Security,Merchant vessel attack,,Maritime,Arabian/Persian Gulf,,"17NM east of Khasab, Oman",,,SIDR,9854715,,Unidentified projectile attack; Iran suspected in reporting,Damaged; no pollution; 2 fatalities,Damaged; no pollution; 2 fatalities,,,,,,,https://www.imo.org/en/mediacentre/hottopics/pages/middle-east-highlighted-incidents.aspx,Needs canonical event resolution,IMO description is source evidence; assessed actor is analytical context and should remain separate from IMO attribution.
OBS_000208,,imo_gulf_confirmed_2026,2,2026-08-31,Conflict / Security,Merchant vessel attack,,Maritime,Arabian/Persian Gulf,,"17NM east of Khasab, Oman",,,SENEGAL PROSPERITY,9532757,,Unidentified projectile attack; Iran suspected in reporting,Damaged; no pollution,Damaged; no pollution,,,,,,,https://www.imo.org/en/mediacentre/hottopics/pages/middle-east-highlighted-incidents.aspx,Needs canonical event resolution,IMO description is source evidence; assessed actor is analytical context and should remain separate from IMO attribution.
OBS_000209,,imo_gulf_confirmed_2026,3,2026-08-24,Conflict / Security,Merchant vessel attack,,Maritime,Arabian/Persian Gulf,,"9NM northeast of Ash Shishah, Oman",,,METRO VENETIAN,1013391,,Unconfirmed,Damaged; no pollution,Damaged; no pollution,,,,,,,https://www.imo.org/en/mediacentre/hottopics/pages/middle-east-highlighted-incidents.aspx,Needs canonical event resolution,IMO description is source evidence; assessed actor is analytical context and should remain separate from IMO attribution.
OBS_000210,,imo_gulf_confirmed_2026,4,2026-08-17,Conflict / Security,Merchant vessel attack,,Maritime,Arabian/Persian Gulf,,Strait of Hormuz,,,MINOAN DIGNITY,9294484,,Unconfirmed / regional conflict context,Damaged; no pollution; 1 fatality,Damaged; no pollution; 1 fatality,,,,,,,https://www.imo.org/en/mediacentre/hottopics/pages/middle-east-highlighted-incidents.aspx,Needs canonical event resolution,IMO description is source evidence; assessed actor is analytical context and should remain separate from IMO attribution.
OBS_000211,,imo_gulf_confirmed_2026,5,2026-08-15,Conflict / Security,Merchant vessel attack,,Maritime,Arabian/Persian Gulf,,Strait of Hormuz,,,RIYAN STAR,9156761,,Unconfirmed / regional conflict context,Damaged; no pollution; 1 fatality,Damaged; no pollution; 1 fatality,,,,,,,https://www.imo.org/en/mediacentre/hottopics/pages/middle-east-highlighted-incidents.aspx,Needs canonical event resolution,IMO description is source evidence; assessed actor is analytical context and should remain separate from IMO attribution.
OBS_000212,,imo_gulf_confirmed_2026,6,2026-08-14,Conflict / Security,Merchant vessel attack,,Maritime,Arabian/Persian Gulf,,Strait of Hormuz,,,AL WATAN,9615030,,Unconfirmed,Damaged; no pollution,Damaged; no pollution,,,,,,,https://www.imo.org/en/mediacentre/hottopics/pages/middle-east-highlighted-incidents.aspx,Needs canonical event resolution,IMO description is source evidence; assessed actor is analytical context and should remain separate from IMO attribution.
OBS_000213,,imo_gulf_confirmed_2026,7,2026-08-13,Conflict / Security,Merchant vessel attack,,Maritime,Arabian/Persian Gulf,,Strait of Hormuz,,,NAVIG8 MESSI,9482859,,Unconfirmed,Damaged; no pollution,Damaged; no pollution,,,,,,,https://www.imo.org/en/mediacentre/hottopics/pages/middle-east-highlighted-incidents.aspx,Needs canonical event resolution,IMO description is source evidence; assessed actor is analytical context and should remain separate from IMO attribution.
OBS_000214,,imo_gulf_confirmed_2026,8,2026-08-11,Conflict / Security,Merchant vessel attack,,Maritime,Arabian/Persian Gulf,,"70NM south of Gwadar, Pakistan",,,VELA NOVA,9136228,,Unconfirmed,Damaged; no pollution,Damaged; no pollution,,,,,,,https://www.imo.org/en/mediacentre/hottopics/pages/middle-east-highlighted-incidents.aspx,Needs canonical event resolution,IMO description is source evidence; assessed actor is analytical context and should remain separate from IMO attribution.
OBS_000215,,imo_gulf_confirmed_2026,9,2026-08-03,Conflict / Security,Merchant vessel attack,,Maritime,Arabian/Persian Gulf,,"20NM northeast of Al Khasab, Oman",,,MINOAN PIONEER,9471630,,Unconfirmed,Damaged; pollution unconfirmed; 1 missing,Damaged; pollution unconfirmed; 1 missing,,,,,,,https://www.imo.org/en/mediacentre/hottopics/pages/middle-east-highlighted-incidents.aspx,Needs canonical event resolution,IMO description is source evidence; assessed actor is analytical context and should remain separate from IMO attribution.
OBS_000216,,imo_gulf_confirmed_2026,10,2026-07-31,Conflict / Security,Merchant vessel attack,,Maritime,Arabian/Persian Gulf,,"11NM northeast of Lima, Oman",,,GASLOG SHANGHAI,9600528,,Unconfirmed,Damaged; no pollution,Damaged; no pollution,,,,,,,https://www.imo.org/en/mediacentre/hottopics/pages/middle-east-highlighted-incidents.aspx,Needs canonical event resolution,IMO description is source evidence; assessed actor is analytical context and should remain separate from IMO attribution.
OBS_000217,,imo_gulf_confirmed_2026,11,2026-07-24,Conflict / Security,Merchant vessel attack,,Maritime,Arabian/Persian Gulf,,Gulf of Oman,,,LAVINE,8818219,,Unconfirmed,Damaged; no pollution,Damaged; no pollution,,,,,,,https://www.imo.org/en/mediacentre/hottopics/pages/middle-east-highlighted-incidents.aspx,Needs canonical event resolution,IMO description is source evidence; assessed actor is analytical context and should remain separate from IMO attribution.
OBS_000218,,imo_gulf_confirmed_2026,12,2026-07-20,Conflict / Security,Merchant vessel attack,,Maritime,Arabian/Persian Gulf,,"8NM northeast of Limah, Oman",,,KAIFAN,9656046,,Unconfirmed,Damaged; abandoned; 2 injured,Damaged; abandoned; 2 injured,,,,,,,https://www.imo.org/en/mediacentre/hottopics/pages/middle-east-highlighted-incidents.aspx,Needs canonical event resolution,IMO description is source evidence; assessed actor is analytical context and should remain separate from IMO attribution.
OBS_000219,,imo_gulf_confirmed_2026,13,2026-07-19,Conflict / Security,Merchant vessel attack,,Maritime,Arabian/Persian Gulf,,"17NM east of Dibba, UAE",,,ACHELOOS,1087524,,Unconfirmed,Damaged; no pollution,Damaged; no pollution,,,,,,,https://www.imo.org/en/mediacentre/hottopics/pages/middle-east-highlighted-incidents.aspx,Needs canonical event resolution,IMO description is source evidence; assessed actor is analytical context and should remain separate from IMO attribution.
OBS_000220,,imo_gulf_confirmed_2026,14,2026-07-19,Conflict / Security,Merchant vessel attack,,Maritime,Arabian/Persian Gulf,,"8NM northwest of Kumzar, Oman",,,KAVOMALEAS,1042823,,Unconfirmed,Damaged; no pollution; abandoned,Damaged; no pollution; abandoned,,,,,,,https://www.imo.org/en/mediacentre/hottopics/pages/middle-east-highlighted-incidents.aspx,Needs canonical event resolution,IMO description is source evidence; assessed actor is analytical context and should remain separate from IMO attribution.
OBS_000221,,imo_gulf_confirmed_2026,15,2026-07-16,Conflict / Security,Merchant vessel attack,,Maritime,Arabian/Persian Gulf,,"19NM east of Khasab, Oman",,,IDI,9307982,,Unconfirmed,Damaged; no pollution,Damaged; no pollution,,,,,,,https://www.imo.org/en/mediacentre/hottopics/pages/middle-east-highlighted-incidents.aspx,Needs canonical event resolution,IMO description is source evidence; assessed actor is analytical context and should remain separate from IMO attribution.
OBS_000222,,imo_gulf_confirmed_2026,16,2026-07-15,Conflict / Security,Blockade enforcement strike,,Maritime,Arabian/Persian Gulf,,"IVO Bushehr Province, Persian Gulf",,,BELMA,9289491,,United States / CENTCOM,Damaged; no pollution,Damaged; no pollution,,,,,,,https://www.imo.org/en/mediacentre/hottopics/pages/middle-east-highlighted-incidents.aspx,Needs canonical event resolution,IMO description is source evidence; assessed actor is analytical context and should remain separate from IMO attribution.
OBS_000223,,imo_gulf_confirmed_2026,17,2026-07-14,Conflict / Security,Merchant vessel attack,,Maritime,Arabian/Persian Gulf,,13NM from coast of Oman,,,AL BAHYAH,9937799,,Unconfirmed,Damaged; no pollution; 1 fatality; 3 injured,Damaged; no pollution; 1 fatality; 3 injured,,,,,,,https://www.imo.org/en/mediacentre/hottopics/pages/middle-east-highlighted-incidents.aspx,Needs canonical event resolution,IMO description is source evidence; assessed actor is analytical context and should remain separate from IMO attribution.
OBS_000224,,imo_gulf_confirmed_2026,18,2026-07-14,Conflict / Security,Merchant vessel attack,,Maritime,Arabian/Persian Gulf,,13NM from coast of Oman,,,MOMBASA B,9739501,,Unconfirmed,Damaged; no pollution; abandoned; 11 injured,Damaged; no pollution; abandoned; 11 injured,,,,,,,https://www.imo.org/en/mediacentre/hottopics/pages/middle-east-highlighted-incidents.aspx,Needs canonical event resolution,IMO description is source evidence; assessed actor is analytical context and should remain separate from IMO attribution.
OBS_000225,,imo_gulf_confirmed_2026,19,2026-07-13,Conflict / Security,Merchant vessel attack,,Maritime,Arabian/Persian Gulf,,40NM from coast of Oman,,,STOLT MAGNESIUM,9739317,,Unconfirmed,Damaged; no pollution,Damaged; no pollution,,,,,,,https://www.imo.org/en/mediacentre/hottopics/pages/middle-east-highlighted-incidents.aspx,Needs canonical event resolution,IMO description is source evidence; assessed actor is analytical context and should remain separate from IMO attribution.
OBS_000226,,imo_gulf_confirmed_2026,20,2026-07-11,Conflict / Security,Merchant vessel attack,,Maritime,Arabian/Persian Gulf,,9NM east of Oman,,,GFS GALAXY,9401271,,Unconfirmed,Damaged; no pollution; 1 fatality,Damaged; no pollution; 1 fatality,,,,,,,https://www.imo.org/en/mediacentre/hottopics/pages/middle-east-highlighted-incidents.aspx,Needs canonical event resolution,IMO description is source evidence; assessed actor is analytical context and should remain separate from IMO attribution.
OBS_000227,,imo_gulf_confirmed_2026,21,2026-07-07,Conflict / Security,Merchant vessel attack,,Maritime,Arabian/Persian Gulf,,"6NM east of Musandam Peninsula, Oman",,,CYPRUS PROSPERITY,9595216,,Unconfirmed,Damaged; no pollution; no injuries,Damaged; no pollution; no injuries,,,,,,,https://www.imo.org/en/mediacentre/hottopics/pages/middle-east-highlighted-incidents.aspx,Needs canonical event resolution,IMO description is source evidence; assessed actor is analytical context and should remain separate from IMO attribution.
OBS_000228,,imo_gulf_confirmed_2026,22,2026-07-06,Conflict / Security,Merchant vessel attack,,Maritime,Arabian/Persian Gulf,,"16NM east of Khor Fakkan, UAE",,,WEDYAN,9524970,,Unconfirmed,Damaged; no pollution; no injuries,Damaged; no pollution; no injuries,,,,,,,https://www.imo.org/en/mediacentre/hottopics/pages/middle-east-highlighted-incidents.aspx,Needs canonical event resolution,IMO description is source evidence; assessed actor is analytical context and should remain separate from IMO attribution.
OBS_000229,,imo_gulf_confirmed_2026,23,2026-07-06,Conflict / Security,Merchant vessel attack,,Maritime,Arabian/Persian Gulf,,"8NM east of Limah, Oman",,,AL REKAYYAT,9397339,,Unconfirmed,Damaged; no pollution,Damaged; no pollution,,,,,,,https://www.imo.org/en/mediacentre/hottopics/pages/middle-east-highlighted-incidents.aspx,Needs canonical event resolution,IMO description is source evidence; assessed actor is analytical context and should remain separate from IMO attribution.
OBS_000230,,imo_gulf_confirmed_2026,24,2026-06-27,Conflict / Security,Merchant vessel attack,,Maritime,Arabian/Persian Gulf,,8NM off Oman,,,KIKU,9329796,,Iran / one-way attack drone per CENTCOM/Reuters,Damaged; no pollution,Damaged; no pollution,,,,,,,https://www.imo.org/en/mediacentre/hottopics/pages/middle-east-highlighted-incidents.aspx,Needs canonical event resolution,IMO description is source evidence; assessed actor is analytical context and should remain separate from IMO attribution.
OBS_000231,,imo_gulf_confirmed_2026,25,2026-06-25,Conflict / Security,Merchant vessel attack,,Maritime,Arabian/Persian Gulf,,"7.5NM southeast of Dahit, Oman",,,EVER LOVELY,9629110,,Iran accused by U.S.; projectile/drone reported,Damaged; no pollution; no injuries,Damaged; no pollution; no injuries,,,,,,,https://www.imo.org/en/mediacentre/hottopics/pages/middle-east-highlighted-incidents.aspx,Needs canonical event resolution,IMO description is source evidence; assessed actor is analytical context and should remain separate from IMO attribution.
OBS_000232,,port_incidents_2026,1,2026-03-01,Conflict / Security,War / Conflict,Drone strike,Port / Terminal,Middle East,Oman,Port of Duqm,,,Port infrastructure / worker accommodation,,Port / terminal / vessel,Attributed in reporting to Iranian strike activity,Two drones targeted the commercial port; one struck worker accommodation and debris from the second landed near fuel tanks.,No reported pollution,0,1,Localized impact; port security response activated,Direct attack on a commercial port; important benchmark for port resilience and fuel-storage exposure.,High,High,https://omannews.gov.om/topics/en/79/show/127246/ona | https://airwars.org/incidents/irom260301e-march-1-2026,Needs canonical event resolution,Operator / authority: Port of Duqm / Oman authorities; Status: Confirmed by Oman News Agency
OBS_000233,,port_incidents_2026,2,2026-03-01,Conflict / Security,War / Conflict,Strike / fire,Port / Terminal,Middle East,UAE,"Zayed Port, Abu Dhabi",,,Port infrastructure,,Port / terminal / vessel,Iranian attack context,Smoke and fire were reported from the Zayed Port area following Iranian retaliatory strikes.,,,,Operational disruption reported in wider UAE port response,Shows conflict spillover directly into urban port infrastructure.,High,Medium-High,https://www.reutersconnect.com/item/smoke-billows-from-zayed-port-after-an-iranian-attack-following-united-states-and-israel-strikes-on-iran-in-abu-dhabi/dGFnOnJldXRlcnMuY29tLDIwMjY6bmV3c21sX1JDMk9WSkFJQ0xMRA | https://www.reuters.com/world/middle-east/several-loud-blasts-heard-over-dubai-doha-second-day-witnesses-say-2026-03-01/,Needs canonical event resolution,Operator / authority: Abu Dhabi / port authorities; Status: Confirmed visual reporting; detailed damage not fully public
OBS_000234,,port_incidents_2026,3,2026-03-01,Conflict / Security,War / Conflict,Missile/drone debris fire,Port / Terminal,Middle East,UAE,"Jebel Ali Port, Dubai",,,Container port infrastructure,,Port / terminal / vessel,Debris from intercepted incoming threat,Missile or drone debris sparked a fire at Jebel Ali Port; smoke was visible over the terminal area.,,0,,DP World paused activities temporarily during the immediate response,Major global transshipment hub; short disruption has regional supply-chain significance.,High,High,https://www.reutersconnect.com/item/smoke-billows-from-jebel-ali-port-after-missile-debris-sparked-fire-says-dubai-media-office/dGFnOnJldXRlcnMuY29tLDIwMjY6bmV3c21sX1ZBOTYxNzAxMDMyMDI2UlAx | https://www.reuters.com/world/middle-east/several-loud-blasts-heard-over-dubai-doha-second-day-witnesses-say-2026-03-01/,Needs canonical event resolution,Operator / authority: DP World / Dubai authorities; Status: Confirmed by Dubai/Reuters reporting
OBS_000235,,port_incidents_2026,4,2026-03-14,Conflict / Security,War / Conflict,Drone debris / fire,Port / Terminal,Middle East,UAE,Fujairah oil/bunkering hub,,,Oil loading and storage infrastructure,,Port / terminal / vessel,Incoming Iranian drone intercepted; debris impact,Debris from an intercepted drone caused a fire at Fujairah; one person was lightly injured and some oil-loading operations were suspended.,No major spill reported,0,1,Some oil-loading operations suspended; loadings resumed the next day,Critical because Fujairah sits outside Hormuz and functions as an energy bypass hub.,High,High,https://www.reuters.com/world/middle-east/fire-occurred-uaes-fujairah-after-debris-fell-during-interception-drone-no-2026-03-14/ | https://www.reuters.com/business/energy/oil-loading-operations-uaes-fujairah-have-restarted-industry-source-says-2026-03-15/,Needs canonical event resolution,Operator / authority: Fujairah authorities / ADNOC-linked infrastructure; Status: Confirmed; operations subsequently resumed
OBS_000236,,port_incidents_2026,5,2026-03-28,Conflict / Security,War / Conflict,Drone strike / crane damage,Port / Terminal,Middle East,Oman,Port of Salalah,,,Container crane / terminal infrastructure,,Port / terminal / vessel,Likely Iranian strike; local authorities confirmed drone impact,"Two drones targeted Salalah Port, injuring one worker and damaging a container crane.",No major pollution reported,0,1,Port evacuated and operations temporarily suspended; roughly 48-hour estimate reported,Notable because it extends conflict risk to a major Indian Ocean transshipment port outside Hormuz.,High,High,https://airwars.org/incidents/irom260328a-march-28-2026,Needs canonical event resolution,Operator / authority: Port of Salalah / APM Terminals; Status: Assessed / investigated
OBS_000237,,port_incidents_2026,6,2026-07-28,Conflict / Security,War / Conflict,Drone strike / vessel fire,Port / Terminal,Middle East,Egypt,Damietta Port,,,Energos Winter FSRU; GasLog Salem,,Port / terminal / vessel,Drone strike confirmed by Egyptian cabinet; attacker unclaimed,A drone hit a gas vessel at Damietta and fire spread to a second gas vessel.,No major pollution reported,0,0,Emergency response; energy-import infrastructure disrupted / assessed,Direct attack on LNG/FSRU infrastructure broadens port conflict risk beyond Gulf ports.,High,High,https://www.reuters.com/world/middle-east/drone-hits-gas-storage-tanker-egypts-mediterranean-port-2026-07-29/ | https://www.reuters.com/world/middle-east/us-military-says-it-hit-dozens-irans-irgc-targets-2026-07-30/,Needs canonical event resolution,Operator / authority: Egyptian authorities / vessel owners; Status: Investigation ongoing
OBS_000238,,port_incidents_2026,7,2026-09-01,Conflict / Security,War / Conflict,Drone/missile strikes on port infrastructure,Port / Terminal,Europe,Ukraine,Odesa region ports / export facilities,,,Export facilities / logistics infrastructure,,Port / terminal / vessel,Russian drone/missile attacks,Russian strikes damaged port export infrastructure in the Odesa region and contributed to disruption of export routes.,,,1,Export facilities damaged; wider seaport operations heavily constrained,"Important for grain, Danube rerouting and Black Sea maritime-risk assessment.",High,High,https://www.reuters.com/world/middle-east/russia-hits-port-export-facilities-ukraines-odesa-region-kyiv-says-2026-09-01/,Needs canonical event resolution,Operator / authority: Ukrainian port authorities; Status: Confirmed by Ukrainian officials; conflict ongoing
OBS_000239,,port_incidents_2026,8,2026-04-14,Conflict / Security,War / Conflict,Drone strike on port and vessels,Port / Terminal,Europe,Ukraine,Port of Izmail / Odesa maritime corridor,,,Two foreign civilian vessels / port logistics,,Port / terminal / vessel,Russian drone attack,"Russian drones hit Izmail port, damaging port infrastructure and foreign civilian vessels including a Panama-flagged vessel.",,0,0,Port operations reportedly remained stable despite damage,Illustrates direct merchant-vessel exposure inside a functioning wartime export port.,High,High,https://www.reuters.com/world/americas/russian-drones-attacked-ukraines-izmail-port-damaged-panama-flagged-vessel-2026-04-14/,Needs canonical event resolution,Operator / authority: Ukrainian authorities; Status: Confirmed by Ukrainian officials
OBS_000240,,port_incidents_2026,9,2026-08-13,Port / Infrastructure Incident,Industrial Accident,Tank explosion during maintenance,Port / Terminal,Europe,Netherlands,Port of Rotterdam,,,Petroleum product storage tank,,Port / terminal / vessel,Maintenance-related incident; sabotage not indicated initially,Explosion at a petroleum product storage facility during maintenance killed one and injured six.,No major offsite pollution reported,1,6,Localized facility impact; major port systems remained operational,Demonstrates maintenance and hazardous-storage risk inside a major energy port.,High,High,https://www.reuters.com/world/europe/rotterdam-port-explosion-causes-one-death-police-say-2026-08-13/,Needs canonical event resolution,Operator / authority: Gunvor / Rotterdam authorities; Status: Authorities investigating
OBS_000241,,port_incidents_2026,10,2026-07-19,Port / Infrastructure Incident,Collision / Infrastructure,Vessel collision / gantry crane collapse,Port / Terminal,Europe,United Kingdom,Port of Tyne,,,Wind Orca; BG Orange; 750-tonne gantry crane,,Port / terminal / vessel,"Under investigation by police, MAIB and harbour authority","Wind Orca collided with berthed container ship BG Orange and then a quayside crane, causing the crane to collapse.",Plastic pellets released to river/coastline,0,1,Recovery zone established; local operational disruption and cleanup,Strong combined case: collision + crane loss + cargo/environmental release + operational disruption.,High,High,https://www.portoftyne.co.uk/news-and-media/news/port-of-tyne-pellet-incident-qa | https://www.gov.uk/government/publications/marine-accident-investigation-branch-current-investigations/marine-accident-investigation-branch-current-investigations,Needs canonical event resolution,Operator / authority: Port of Tyne; Status: Investigation ongoing
OBS_000242,,port_incidents_2026,11,2026-08-30,Port / Infrastructure Incident,Cargo Handling Accident,Crane overturn / fire,Port / Terminal,Asia-Pacific,India,Mumbai Port / Indira Dock,,,M/V Vienna; shore mobile cranes,,Port / terminal / vessel,Load shift / lifting imbalance reported; formal cause under investigation,"During a heavy-lift operation, a mobile crane overturned toward the vessel and a fire broke out.",No major pollution reported,0,2,Berth area secured; investigation and crane recovery required,"Useful port-safety case for heavy-lift procedures, crane stability and berth exclusion zones.",High,High,https://indianexpress.com/article/cities/mumbai/mumbai-port-orders-safety-probe-after-crane-overturns-at-indira-dock-10860975/ | https://www.dolphin-maritime.com/casualty-news/vienna/,Needs canonical event resolution,Operator / authority: Mumbai Port Authority; Status: Safety investigation opened
OBS_000243,,port_incidents_2026,12,2026-07-10,Port / Infrastructure Incident,Infrastructure Accident,Crane collapse into channel,Port / Terminal,North America,United States,"Charleston / Cooper River, Pier G",,,Port crane,,Port / terminal / vessel,Cause not stated publicly in Coast Guard release,"A crane fell into the Cooper River near Pier G, creating a submerged navigation hazard.",Potential fuel pollution controlled with boom,0,,100-yard safety zone; shipping later resumed around hazard,Demonstrates how shoreside equipment failure can become a channel/navigation incident.,Medium-High,High,https://www.news.uscg.mil/Press-Releases/Article/4540800/coast-guard-responds-to-crane-collapse-in-cooper-river/ | https://www.news.uscg.mil/Press-Releases/Article/4563504/coast-guard-announces-completion-of-crane-salvage-operations-in-cooper-river/,Needs canonical event resolution,Operator / authority: US Coast Guard / port stakeholders; Status: Salvage completed 30 Jul; safety zone rescinded
OBS_000244,,port_incidents_2026,13,2026-07-12,Port / Infrastructure Incident,Collision / Grounding,Vessel collision and controlled grounding,Port / Terminal,Africa,Cameroon,Port of Douala-Bonabéri channel,,,SEA HONOR; BLACK RHINO,,Port / terminal / vessel,Preliminary indication of steering-control loss aboard BLACK RHINO,Outbound SEA HONOR collided with inbound BLACK RHINO near buoy 20; BLACK RHINO was intentionally grounded after damage.,No major pollution reported,0,0,Navigation channel temporarily obstructed then reopened,Direct example of channel blockage risk and emergency grounding to restore access.,High,High,https://www.mintransports.cm/espace-presse/actualit%C3%A9s-du-mint/collision-entre-les-navires-mv-sea-honor-et-le-mv-black-rhino-le-mint-en-visite-de-travail-%C3%A0-douala.html | https://www.dolphin-maritime.com/casualty-news/sea-honor-black-rhino/,Needs canonical event resolution,Operator / authority: Port Authority of Douala; Status: Technical investigation ongoing
OBS_000245,,port_incidents_2026,14,2026-05-20,Port / Infrastructure Incident,Collision / Grounding,Ship contact / dual grounding,Port / Terminal,Africa,Nigeria,Bonny Channel / approach to Onne,,,MAERSK VALPARAISO; LADY MARTINA,,Port / terminal / vessel,Under investigation,Containership MAERSK VALPARAISO contacted tanker LADY MARTINA during manoeuvring; both vessels subsequently grounded.,Associated oil spill response reported,0,5,Channel/berthing disruption and emergency response,"Combines container-port access, collision, injury, grounding and pollution exposure.",High,Medium-High,https://www.dolphin-maritime.com/casualty-news/maersk-valparaiso-lady-martina/,Needs canonical event resolution,Operator / authority: Nigerian maritime authorities; Status: Reported casualty / authorities responded
OBS_000246,,port_incidents_2026,15,2026-08-12,Port / Infrastructure Incident,Grounding,Loss of control / riverbank allision,Port / Terminal,Asia-Pacific,India,Hooghly River approach to Kolkata,,,NAWATA BHUM,,Port / terminal / vessel,Possible steering gear problem plus strong tidal conditions,"Container vessel lost control while navigating the Hooghly, struck the riverbank and grounded.",No major pollution reported,0,0,Temporary vessel immobilization; refloated at high tide with tug assistance,"Good access-channel case for pilotage, steering reliability and tidal constraints.",Medium-High,Medium-High,https://www.dolphin-maritime.com/casualty-news/nawata-bhum/,Needs canonical event resolution,Operator / authority: Syama Prasad Mookerjee Port / vessel interests; Status: Cause not yet officially determined
OBS_000247,,port_incidents_2026,16,2026-06-28,Port / Infrastructure Incident,Grounding,Research vessel grounding,Port / Terminal,North America,United States,"Woods Hole, Massachusetts",,,ATLANTIS,,Port / terminal / vessel,Cause under investigation,Research vessel Atlantis grounded in Great Harbor Channel at the entrance to Woods Hole and freed itself after about 12 minutes.,3500000; No pollution,0,0,Short-lived channel casualty; vessel moored after refloating,Includes quantified damage estimate and formal U.S. major marine casualty status.,Medium,High,https://www.ntsb.gov/investigations/Pages/DCA26FM018.aspx,Needs canonical event resolution,Operator / authority: USCG / NTSB / Woods Hole Oceanographic Institution; Status: USCG lead; NTSB major marine casualty investigation ongoing
OBS_000248,,port_incidents_2026,17,2026-06-05,Port / Infrastructure Incident,Sinking / Container Hazard,Container vessel sank,Port / Terminal,Asia-Pacific,Indonesia,Off Batam / Singapore approaches,,,GOLDEN STAR 1,,Port / terminal / vessel,Water ingress; detailed cause not public,Container vessel took on water and sank about 6 km off Batam; all nine crew were rescued.,No oil pollution reported; potential drifting-container hazard,0,0,Straits traffic unaffected; navigational warnings issued,Relevant to Singapore/Batam approaches and secondary hazards from floating containers.,High,High,https://www.mpa.gov.sg/media-centre/details/container-vessel-sinks-off-batam | https://links.sgx.com/FileOpen/SSL%20-%20SGX%20Announcement%20_Golden%20Star%201%207%20June%202026.ashx?App=Announcement&FileID=891611,Needs canonical event resolution,Operator / authority: Indonesian authorities / MPA Singapore / Samudera Shipping; Status: Monitoring / cargo recovery
OBS_000249,,port_incidents_2026,18,2026-03-03,Port / Infrastructure Incident,Container Loss,Containers overboard,Port / Terminal,North America,United States,South of Aleutian Islands / Long Beach-bound,,,OOCL SUNFLOWER,,Port / terminal / vessel,Heavy-weather/cargo-loss circumstances under review,OOCL Sunflower lost dozens of containers overboard while en route to Long Beach; USCG prepared for vessel arrival and cargo assessment.,Potential floating-container hazard; no discharge observed; 32,0,0,Long Beach authorities prepared for arrival inspection; no port closure,"Although offshore, this is directly relevant to container-loss tracking and destination-port response.",Medium,High,https://incidentnews.noaa.gov/incident/11131,Needs canonical event resolution,Operator / authority: USCG / NOAA / vessel interests; Status: NOAA/USCG response
OBS_000250,,port_incidents_2026,19,2026-08-22,Port / Infrastructure Incident,Sinking,Cargo ship sinking,Port / Terminal,Asia-Pacific,India,Eastern India / Paradip-Dalian route,,,OCEAN WINNER,,Port / terminal / vessel,Cause unknown at initial reporting,Panama-flagged cargo ship Ocean Winner sank off eastern India while carrying iron ore; search and rescue operations followed.,,,,No direct port closure reported; casualty affected regional voyage,Port-linked bulk-shipping casualty; useful for route-level risk even though not inside harbour limits.,High,High,https://www.reuters.com/world/americas/panamaflagged-cargo-ship-sinks-off-eastern-india-coast-guard-says-2026-08-22/,Needs canonical event resolution,Operator / authority: Indian Coast Guard; Status: Search and rescue / investigation
OBS_000251,,port_incidents_2026,20,2026-08-23,Port / Infrastructure Incident,Fire,Cargo hold fire / salvage,Port / Terminal,Asia-Pacific,Malaysia,Strait of Malacca / off Penang,,,CMA CGM PETRA,,Port / terminal / vessel,Cause not public,CMA CGM PETRA suffered a cargo-hold fire in the Strait of Malacca; salvors were engaged and the ship remained off Penang.,No pollution reported,0,0,Missed scheduled port call; salvage operations ongoing,Relevant to Malacca/port-call disruption and salvage capacity.,Medium-High,Medium-High,https://www.dolphin-maritime.com/casualty-news/cma-cgm-petra/,Needs canonical event resolution,Operator / authority: CMA CGM / salvors; Status: Fire contained; salvage continuing
OBS_000252,,port_incidents_2026,21,2026-01-07,Port / Infrastructure Incident,Allision / Flooding,Ferry contact with jetty,Port / Terminal,Europe,United Kingdom,"Holyhead Port, Wales",,,STENA ESTRID,,Port / terminal / vessel,Under MAIB assessment,"Ro-ro passenger ferry contacted a jetty at Holyhead, puncturing the hull and causing engine-room flooding.",,,,Port-side vessel casualty; detailed disruption assessed by MAIB,Early-2026 port allision; useful benchmark for berth-contact and flooding risk.,Medium-High,High,https://www.gov.uk/maib-reports,Needs canonical event resolution,Operator / authority: Stena Line / Holyhead Port; Status: Completed preliminary assessment
OBS_000253,,port_incidents_2026,22,2026-07-29,Port / Infrastructure Incident,Industrial / Occupational,Fatal cargo-handling incident,Port / Terminal,Asia-Pacific,Australia,"Port of Mackay, Queensland",,,M/V BRUCE,,Port / terminal / vessel,Industrial accident under investigation,A worker aboard M/V Bruce died after being struck by a large metal beam while the vessel was in Mackay Harbour.,No pollution reported,1,0,Localized investigation; no broad port shutdown reported,Captures occupational safety as a distinct port-incident category.,High,High,https://www.abc.net.au/news/2026-07-30/man-dies-in-ship-incident-mackay-harbour/106974776,Needs canonical event resolution,Operator / authority: AMSA / North Queensland Bulk Ports; Status: AMSA / coroner process
OBS_000254,,port_incidents_2026,23,2026-03-01,Conflict / Security,War / Conflict,Projectile strike / fire,Port / Terminal,Middle East,UAE,Mina Saqr approaches,,,UKMTO-reported merchant vessel,,Port / terminal / vessel,Conflict / maritime security attack,"UKMTO has received a report of an incident 17NM northwest of Mina Saqr, United Arab Emirates. The Company Security Officer reported that the vessel been struck by an unknown projectile causing a fire. The fire has been extinguished and the vessel intends to continue on its voyage. Authorities are investigating.",See UKMTO warning; no environmental impact recorded where explicitly stated,,,Port/approach risk; vessel-level operational effect varies by warning,Added from user-supplied UKMTO warning archive; port-side/anchorage/near-port classification applied analytically.,High,High,UKMTO Warning 006-26 (uploaded PDF: 20260301-UKMTO_WARNING_006-26.pdf),Needs canonical event resolution,Operator / authority: UKMTO / local maritime authorities; Status: UKMTO warning; latest update incorporated where supplied
OBS_000255,,port_incidents_2026,24,2026-03-02,Conflict / Security,War / Conflict,Projectile strike / fire,Port / Terminal,Middle East,Bahrain,Port of Bahrain,,,UKMTO-reported merchant vessel,,Port / terminal / vessel,Conflict / maritime security attack,UKMTO received a report of an incident in the Port of Bahrain. The Company Security Officer reported that the vessel had been struck by two unknown projectiles causing a fire. The fire has been extinguished and the vessel remains in port. All members of the ships crew are safe and have evacuated the vessel. Authorities are investigating. Vessels are to remain cautious and report any suspicious activity to UKMTO.,See UKMTO warning; no environmental impact recorded where explicitly stated,,,Port/approach risk; vessel-level operational effect varies by warning,Added from user-supplied UKMTO warning archive; port-side/anchorage/near-port classification applied analytically.,High,High,UKMTO Warning 008-26 (uploaded PDF: 20260302-UKMTO_WARNING_008-26.pdf),Needs canonical event resolution,Operator / authority: UKMTO / local maritime authorities; Status: UKMTO warning; latest update incorporated where supplied
OBS_000256,,port_incidents_2026,25,2026-03-03,Conflict / Security,War / Conflict,Projectile strike / fire,Port / Terminal,Middle East,UAE,Fujairah approaches / anchorage,,,UKMTO-reported merchant vessel,,Port / terminal / vessel,Conflict / maritime security attack,"UKMTO has received a report of an incident 7NM east of Fujairah, United Arab Emirates. The Master reported the vessel being struck by an unknown projectile causing damage to the steel plating. There has been no fire or water intake. All crew reported safe. Authorities are investigating.",See UKMTO warning; no environmental impact recorded where explicitly stated,,,Port/approach risk; vessel-level operational effect varies by warning,Added from user-supplied UKMTO warning archive; port-side/anchorage/near-port classification applied analytically.,High,High,UKMTO Warning 010-26 (uploaded PDF: 20260304-UKMTO_WARNING_010-26.pdf),Needs canonical event resolution,Operator / authority: UKMTO / local maritime authorities; Status: UKMTO warning; latest update incorporated where supplied
OBS_000257,,port_incidents_2026,26,2026-03-04,Conflict / Security,War / Conflict,Projectile strike,Port / Terminal,Middle East,UAE,Fujairah approaches / anchorage,,,UKMTO-reported merchant vessel,,Port / terminal / vessel,Conflict / maritime security attack,"UKMTO has received a report of an incident 10NM east of Fujairah, UAE. The tanker experienced a loud blast and debris from an unknown projectile was found on the deck. The funnel of the tanker sustained minor damage but no major damage has been observed with no environmental implications. All crew are safe and accounted for. Authorities are investigating.",See UKMTO warning; no environmental impact recorded where explicitly stated,,,Port/approach risk; vessel-level operational effect varies by warning,Added from user-supplied UKMTO warning archive; port-side/anchorage/near-port classification applied analytically.,High,High,UKMTO Warning 011-26 (uploaded PDF: 20260304-UKMTO_WARNING_011-26.pdf),Needs canonical event resolution,Operator / authority: UKMTO / local maritime authorities; Status: UKMTO warning; latest update incorporated where supplied
OBS_000258,,port_incidents_2026,27,2026-03-04,Conflict / Security,War / Conflict,Projectile splash / near miss,Port / Terminal,Middle East,UAE,Dubai approaches,,,UKMTO-reported merchant vessel,,Port / terminal / vessel,Conflict / maritime security attack,UKMTO has received a report of an incident 20NM west of Dubai. A container ship has reported witnessing a splash from an unknown projectile in close proximity to the vessel. No damage to the vessel has been reported. Authorities are investigating.,See UKMTO warning; no environmental impact recorded where explicitly stated,,,Port/approach risk; vessel-level operational effect varies by warning,Added from user-supplied UKMTO warning archive; port-side/anchorage/near-port classification applied analytically.,High,High,UKMTO Warning 013-26 (uploaded PDF: 20260304-UKMTO_WARNING_013-26.pdf),Needs canonical event resolution,Operator / authority: UKMTO / local maritime authorities; Status: UKMTO warning; latest update incorporated where supplied
OBS_000259,,port_incidents_2026,28,2026-03-04,Port / Infrastructure Incident,Maritime Security / Other,Explosion / small craft observed,Port / Terminal,Middle East,Kuwait / Iraq TTW,SE of Mubarak Al Kabeer / Iraqi TTW,,,UKMTO-reported merchant vessel,,Port / terminal / vessel,Piracy / armed robbery / suspicious approach,"UKMTO has received a report of an incident 30NM southeast of MUBARAK AL KABEER, KUWAIT. The Master of a tanker at anchor, reports witnessing and hearing a large explosion on the port side then seeing a small craft leave the vicinity. There is oil in the water coming from a cargo tank which could have some environmental impact, the vessel has taken on water, there are no fires reported and the crew are safe and well. Update 001 05 Mar 26 – UKMTO has received an update that the discharge from the tanker is ballast water. The tanker remains 30NM southeast of MUBARAK AL KABEER, KUWAIT, in IRAQI TTW’s. Authorities are investigating.",See UKMTO warning; no environmental impact recorded where explicitly stated,,,Port/approach risk; vessel-level operational effect varies by warning,Added from user-supplied UKMTO warning archive; port-side/anchorage/near-port classification applied analytically.,High,High,UKMTO Warning 014-26 (uploaded PDF: 20260304-UKMTO_WARNING_014-26-UPDATE 001.pdf),Needs canonical event resolution,Operator / authority: UKMTO / local maritime authorities; Status: UKMTO warning; latest update incorporated where supplied
OBS_000260,,port_incidents_2026,29,2026-03-07,Port / Infrastructure Incident,Maritime Security / Other,Security incident,Port / Terminal,Middle East,Saudi Arabia,Jubail approaches,,,UKMTO-reported merchant vessel,,Port / terminal / vessel,Suspicious / security incident,"UKMTO has received a third-party report of an incident 10NM north of Jubail, Saudi Arabia in TTW. The report is being investigated.",See UKMTO warning; no environmental impact recorded where explicitly stated,,,Port/approach risk; vessel-level operational effect varies by warning,Added from user-supplied UKMTO warning archive; port-side/anchorage/near-port classification applied analytically.,Medium,High,UKMTO Warning 016-26 (uploaded PDF: 20260307-UKMTO_WARNING_016-26-UK-OS.pdf),Needs canonical event resolution,Operator / authority: UKMTO / local maritime authorities; Status: UKMTO warning; latest update incorporated where supplied
OBS_000261,,port_incidents_2026,30,2026-03-11,Conflict / Security,War / Conflict,Projectile strike,Port / Terminal,Middle East,UAE,Ras Al Khaimah approaches,,,UKMTO-reported merchant vessel,,Port / terminal / vessel,Conflict / maritime security attack,"UKMTO has received a report of an incident 25NM northwest of Ra’s al Khaymah, UAE. The Master of a container vessel has reported that the vessel has sustained damage from a suspected but unknown projectile. Extent of the damage is currently unknown but under investigation by the crew. The Master additionally reports that all crew members are safe and accounted for. Update 001: UKMTO has been informed that there is no environmental impact as a result of the incident.",See UKMTO warning; no environmental impact recorded where explicitly stated,,,Port/approach risk; vessel-level operational effect varies by warning,Added from user-supplied UKMTO warning archive; port-side/anchorage/near-port classification applied analytically.,High,High,UKMTO Warning 018-26 (uploaded PDF: 20260311-UKMTO_WARNING-UPDATE_001-018-26.pdf),Needs canonical event resolution,Operator / authority: UKMTO / local maritime authorities; Status: UKMTO warning; latest update incorporated where supplied
OBS_000262,,port_incidents_2026,31,2026-03-11,Conflict / Security,War / Conflict,Projectile strike / fire,Port / Terminal,Middle East,Iraq,Al Basrah approaches / Iraqi TTW,,,UKMTO-reported merchant vessel,,Port / terminal / vessel,Conflict / maritime security attack,"UKMTO has received a report of an incident 5NM south of Al Basrah, in Iraq TTW. A third party reported that two tankers have been struck by an unknown projectile. The CSO of one affected vessel confirmed the attack had caused a fire onboard. The CSO reported that the crew have been evacuated and safe. Investigations to identify the second vessel affected continue. 120140UTCMAR26: The CSO of the second tanker involved has confirmed the vessel was struck and the attack has caused a fire onboard. All members of the crew have been evacuated. No environmental impact has been reported at this time.",See UKMTO warning; no environmental impact recorded where explicitly stated,,,Port/approach risk; vessel-level operational effect varies by warning,Added from user-supplied UKMTO warning archive; port-side/anchorage/near-port classification applied analytically.,High,High,UKMTO Warning 021-26 (uploaded PDF: 20260311-UKMTO_WARNING_021-26-UPDATE 001.pdf),Needs canonical event resolution,Operator / authority: UKMTO / local maritime authorities; Status: UKMTO warning; latest update incorporated where supplied
OBS_000263,,port_incidents_2026,32,2026-03-16,Conflict / Security,War / Conflict,Projectile strike,Port / Terminal,Middle East,UAE,Fujairah approaches / anchorage,,,UKMTO-reported merchant vessel,,Port / terminal / vessel,Conflict / maritime security attack,"UKMTO has received a report of an incident 23NM east of Fujairah, UAE. A Tanker has reported being struck by an unknown projectile whilst at anchor. Minor structural damage reported. No injuries to crew. No environmental impact reported. Update- 001: The CSO has reported that investigations indicate that the vessel was subjected to falling debris from interceptions in the vicinity of the vessel. The vessel received minor structural damage however all crew are confirmed as safe. UKMTO have re-classified this incident as Suspicious Activity.",See UKMTO warning; no environmental impact recorded where explicitly stated,,,Port/approach risk; vessel-level operational effect varies by warning,Added from user-supplied UKMTO warning archive; port-side/anchorage/near-port classification applied analytically.,High,High,UKMTO Warning 023-26 (uploaded PDF: 20260317-UKMTO_WARNING_023-26_UPDATE-001.pdf),Needs canonical event resolution,Operator / authority: UKMTO / local maritime authorities; Status: UKMTO warning; latest update incorporated where supplied
OBS_000264,,port_incidents_2026,33,2026-03-18,Conflict / Security,War / Conflict,Projectile strike / fire,Port / Terminal,Middle East,UAE,Khor Fakkan,,,UKMTO-reported merchant vessel,,Port / terminal / vessel,Conflict / maritime security attack,"UKMTO has received a report of an incident 11NM east of Khawr Fakkan, UAE. It has been reported to UKMTO that a vessel has been hit by an unknown projectile which has resulted in a fire onboard.",See UKMTO warning; no environmental impact recorded where explicitly stated,,,Port/approach risk; vessel-level operational effect varies by warning,Added from user-supplied UKMTO warning archive; port-side/anchorage/near-port classification applied analytically.,High,High,UKMTO Warning 024-26 (uploaded PDF: 20260318-UKMTO_WARNING_024-26.pdf),Needs canonical event resolution,Operator / authority: UKMTO / local maritime authorities; Status: UKMTO warning; latest update incorporated where supplied
OBS_000265,,port_incidents_2026,34,2026-03-19,Conflict / Security,War / Conflict,Projectile strike,Port / Terminal,Middle East,Qatar,Ras Laffan approaches,,,UKMTO-reported merchant vessel,,Port / terminal / vessel,Conflict / maritime security attack,"UKMTO has received a report of an incident 4NM east of Ras Laffan, Qatar. It has been reported to UKMTO that a vessel has been hit by an unknown projectile. All crew are reported safe and well.",See UKMTO warning; no environmental impact recorded where explicitly stated,,,Port/approach risk; vessel-level operational effect varies by warning,Added from user-supplied UKMTO warning archive; port-side/anchorage/near-port classification applied analytically.,High,High,UKMTO Warning 025-26 (uploaded PDF: 20260319-UKMTO_WARNING_025-26.pdf),Needs canonical event resolution,Operator / authority: UKMTO / local maritime authorities; Status: UKMTO warning; latest update incorporated where supplied
OBS_000266,,port_incidents_2026,35,2026-03-21,Conflict / Security,War / Conflict,Projectile strike,Port / Terminal,Middle East,UAE,Sharjah approaches,,,UKMTO-reported merchant vessel,,Port / terminal / vessel,Conflict / maritime security attack,"UKMTO has received a report of an incident 15NM north of Sharjah, United Arab Emirates. The Master of a Bulk Carrier reported an explosion from an unknown projectile in close proximity to the vessel. All crew are reported safe. Update 001: UKMTO ATTACK Warning 026-26 has been reclassified after review determined the intended target could not be conclusively identified. Authorities are investigating.",See UKMTO warning; no environmental impact recorded where explicitly stated,,,Port/approach risk; vessel-level operational effect varies by warning,Added from user-supplied UKMTO warning archive; port-side/anchorage/near-port classification applied analytically.,High,High,UKMTO Warning 026-26 (uploaded PDF: 20260322-UKMTO_WARNING_026-26-UPDATE 001.pdf),Needs canonical event resolution,Operator / authority: UKMTO / local maritime authorities; Status: UKMTO warning; latest update incorporated where supplied
OBS_000267,,port_incidents_2026,36,2026-03-30,Conflict / Security,War / Conflict,Projectile splash / near miss,Port / Terminal,Middle East,Saudi Arabia,Ras Tanura approaches,,,UKMTO-reported merchant vessel,,Port / terminal / vessel,Conflict / maritime security attack,"UKMTO has received a report of an incident 22NM northeast of RAS TANURA Saudi Arabia. The CSO of the Container Vessel reported 2 unknown projectiles splashing in close proximity, each occurring within 1 hour of each other. The crew are reported as safe. Authorities are investigating.",See UKMTO warning; no environmental impact recorded where explicitly stated,,,Port/approach risk; vessel-level operational effect varies by warning,Added from user-supplied UKMTO warning archive; port-side/anchorage/near-port classification applied analytically.,High,High,UKMTO Warning 028-26 (uploaded PDF: 20260330_UKMTO_WARNING_028_26-SUSPICIOUS ACTIVITY.pdf),Needs canonical event resolution,Operator / authority: UKMTO / local maritime authorities; Status: UKMTO warning; latest update incorporated where supplied
OBS_000268,,port_incidents_2026,37,2026-03-31,Conflict / Security,War / Conflict,Projectile strike / fire,Port / Terminal,Middle East,Qatar,Ras Laffan approaches,,,UKMTO-reported merchant vessel,,Port / terminal / vessel,Conflict / maritime security attack,"UKMTO has received a report of an incident 17NM north of Ras Laffan, Qatar. The Company Security Officer reported the tanker has been hit by unknown projectile on the port side causing damage to the hull above water line. The crew are reported as safe. There is no environmental impact. Authorities are investigating. UPDATE 001: UKMTO can confirm the vessel was struck by two projectiles. One caused a fire which has since been extinguished. The other remains unexploded within the vessels engine room and is being investigated by the relevant authorities. UKMTO are unable to confirm the source of the projectiles and",See UKMTO warning; no environmental impact recorded where explicitly stated,,,Port/approach risk; vessel-level operational effect varies by warning,Added from user-supplied UKMTO warning archive; port-side/anchorage/near-port classification applied analytically.,High,High,UKMTO Warning 030-26 (uploaded PDF: 20260331_UKMTO_WARNING_030_26-UPDATE_001.pdf),Needs canonical event resolution,Operator / authority: UKMTO / local maritime authorities; Status: UKMTO warning; latest update incorporated where supplied
OBS_000269,,port_incidents_2026,38,2026-04-05,Conflict / Security,War / Conflict,Projectile splash / near miss,Port / Terminal,Middle East,UAE,Khor Fakkan,,,UKMTO-reported merchant vessel,,Port / terminal / vessel,Conflict / maritime security attack,"UKMTO has received a report of an incident in Khor Fakkan Port, United Arab Emirates. The Master reports witnessing multiple splashes from unknown projectiles, in close proximity of his container ship, whilst alongside conducting loading operations.",See UKMTO warning; no environmental impact recorded where explicitly stated,,,Port/approach risk; vessel-level operational effect varies by warning,Added from user-supplied UKMTO warning archive; port-side/anchorage/near-port classification applied analytically.,High,High,UKMTO Warning 031-26 (uploaded PDF: 20260405_UKMTO_WARNING_031_26.pdf),Needs canonical event resolution,Operator / authority: UKMTO / local maritime authorities; Status: UKMTO warning; latest update incorporated where supplied
OBS_000270,,port_incidents_2026,39,2026-05-04,Port / Infrastructure Incident,Maritime Security / Other,Security incident,Port / Terminal,Middle East,UAE,Mina Saqr approaches,,,UKMTO-reported merchant vessel,,Port / terminal / vessel,Marine casualty / fire,"UKMTO has received a report of an incident 14NM west of Mina Saqr, United Arab Emirates. UKMTO received information from a third party that a vessel was on fire and requesting vessels in the vicinity to keep a safe distance from them. The cause of the fire has not been verified at this time No environmental impact reported Authorities are investigating.",See UKMTO warning; no environmental impact recorded where explicitly stated,,,Port/approach risk; vessel-level operational effect varies by warning,Added from user-supplied UKMTO warning archive; port-side/anchorage/near-port classification applied analytically.,High,High,UKMTO Warning 054-26 (uploaded PDF: 20260504-UKMTO_WARNING_054-26.pdf),Needs canonical event resolution,Operator / authority: UKMTO / local maritime authorities; Status: UKMTO warning; latest update incorporated where supplied
OBS_000271,,port_incidents_2026,40,2026-05-10,Conflict / Security,War / Conflict,Projectile strike / fire,Port / Terminal,Middle East,Qatar,Doha approaches,,,UKMTO-reported merchant vessel,,Port / terminal / vessel,Conflict / maritime security attack,"UKMTO has received a report of an incident 23NM northeast of DOHA, QATAR. The Master of a Bulk Carrier reports being hit by an unknown projectile. There was a small fire that has been extinguished, there are no casualties. There is no reported environmental impact. Authorities are investigating.",See UKMTO warning; no environmental impact recorded where explicitly stated,,,Port/approach risk; vessel-level operational effect varies by warning,Added from user-supplied UKMTO warning archive; port-side/anchorage/near-port classification applied analytically.,High,High,UKMTO Warning 056-26 (uploaded PDF: 20260510-UKMTO_056_26_WARNING_ATTACK.pdf),Needs canonical event resolution,Operator / authority: UKMTO / local maritime authorities; Status: UKMTO warning; latest update incorporated where supplied
OBS_000272,,port_incidents_2026,41,2026-05-14,Conflict / Security,War / Conflict,Vessel seizure / boarding,Port / Terminal,Middle East,UAE,Fujairah approaches / anchorage,,,UKMTO-reported merchant vessel,,Port / terminal / vessel,State/security seizure or attack,"UKMTO has received a report of an incident 38NM northeast of Fujairah, United Arab Emirates. The CSO has reported that the vessel has been taken by unauthorised personnel whist at anchor and is now bound for Iranian Territorial Waters. UKMTO continue to investigate.",See UKMTO warning; no environmental impact recorded where explicitly stated,,,Port/approach risk; vessel-level operational effect varies by warning,Added from user-supplied UKMTO warning archive; port-side/anchorage/near-port classification applied analytically.,High,High,UKMTO Warning 057-26 (uploaded PDF: 20260514-UKMTO_057_26_WARNING_SUSPICIOUS ACTIVITY.pdf),Needs canonical event resolution,Operator / authority: UKMTO / local maritime authorities; Status: UKMTO warning; latest update incorporated where supplied
OBS_000273,,port_incidents_2026,42,2026-06-10,Port / Infrastructure Incident,Maritime Security / Other,Security incident,Port / Terminal,Middle East,Oman,Sohar approaches,,,UKMTO-reported merchant vessel,,Port / terminal / vessel,Marine casualty / fire,"UKMTO has received a report of an incident 20NM northeast of Sohar, Oman. Local authorities have reported a tanker has experienced a fire in their engine room and are on the scene assisting with the evacuation of the crew. The vessel is reporting 1 casualty and 2 crew members missing. No environment impact reported. Authorities continue investigating. Sohar, Oman",See UKMTO warning; no environmental impact recorded where explicitly stated,,,Port/approach risk; vessel-level operational effect varies by warning,Added from user-supplied UKMTO warning archive; port-side/anchorage/near-port classification applied analytically.,High,High,UKMTO Warning 066-26 (uploaded PDF: 20260610-UKMTO_WARNING_066-26.pdf),Needs canonical event resolution,Operator / authority: UKMTO / local maritime authorities; Status: UKMTO warning; latest update incorporated where supplied
OBS_000274,,port_incidents_2026,43,2026-06-11,Port / Infrastructure Incident,Maritime Security / Other,Engine-room fire,Port / Terminal,Middle East,Oman,Sohar approaches,,,UKMTO-reported merchant vessel,,Port / terminal / vessel,Marine casualty / fire,"UKMTO has received a report of an incident 21NM northeast of Sohar, Oman. Local authorities have reported a tanker has experienced a fire in the engine room. No environmental impact has been reported. Authorities continue to investigate.",See UKMTO warning; no environmental impact recorded where explicitly stated,,,Port/approach risk; vessel-level operational effect varies by warning,Added from user-supplied UKMTO warning archive; port-side/anchorage/near-port classification applied analytically.,High,High,UKMTO Warning 067-26 (uploaded PDF: 20260611-UKMTO_WARNING_067-26.pdf),Needs canonical event resolution,Operator / authority: UKMTO / local maritime authorities; Status: UKMTO warning; latest update incorporated where supplied
OBS_000275,,port_incidents_2026,44,2026-07-19,Conflict / Security,War / Conflict,Projectile strike,Port / Terminal,Middle East,UAE,Dibba approaches,,,UKMTO-reported merchant vessel,,Port / terminal / vessel,Conflict / maritime security attack,"UKMTO has received a report of an incident 17NM east of Dibba, United Arab Emirates. The Master of a vessel reports being struck by an unknown projectile causing damage to the steering gear. All the crew are reported as safe. There is no environmental impact. Authorities are investigating.",See UKMTO warning; no environmental impact recorded where explicitly stated,,,Port/approach risk; vessel-level operational effect varies by warning,Added from user-supplied UKMTO warning archive; port-side/anchorage/near-port classification applied analytically.,High,High,UKMTO Warning 093-26 (uploaded PDF: 20260720-UKMTO_WARNING_093_26.pdf),Needs canonical event resolution,Operator / authority: UKMTO / local maritime authorities; Status: UKMTO warning; latest update incorporated where supplied
OBS_000276,,recaap_incidents_2024_2026,2026-1,2026-08-24,Maritime Crime,Robbery/ Theft,4,Maritime,Indonesia (Ports/Anchorages),,"Lubuk Gaung Port, Indonesia",1.743333,101.376667,Juno Pacific,,BULK CARRIER,,"While the vessel was loading palm kernel shells at berth, the watch helmsman discovered two perpetrators rummaging through the spare parts room in the engine room. The watch helmsman immediately made an emergency call to the ship. The perpetrators fled towards the wheelhouse and jumped overboard from the stern deck upon being noticed. They escaped via a small boat waiting nearby. The crew then conducted a search on board. Some spare parts of the generator were stolen. The crew were not injured. The incident was reported to Polairud Marine Police. The Marine Police carried out information gathering on the ship.",,,,At Berth,,,,https://www.recaap.org/alerts,Needs canonical event resolution,Flag: PANAMA
OBS_000277,,recaap_incidents_2024_2026,2026-2,2026-08-23,Maritime Crime,Robbery/ Theft,4,Maritime,Vietnam (Ports/Anchorages),,"Southwest of Vung Tau Light house, Anchorage H13, Vietnam",10.2835,107.039,YM Pioneer,,BULK CARRIER,,"At Anchor While at anchor, at least one perpetrator boarded the ship through freeboard on port bow and went to the paint store at forecastle. A thorough search was conducted on board. 75 cans of paints and a set of cables for welding machines were stolen. The crew were not injured. The incident was reported to the local agent and Vung Tau Border Defence Force.",,,,,,,,https://www.recaap.org/alerts,Needs canonical event resolution,Flag: LIBERIA
OBS_000278,,recaap_incidents_2024_2026,2026-3,2026-08-10,Maritime Crime,Robbery/ Theft,4,Maritime,Bangladesh (Ports/Anchorages),,"Chittagong Port, Bangladesh",22.272667,91.807833,Hafnia Raven,,OIL / CHEMICAL TANKER,,"While berthed, the vessel’s shore security watchman and duty crew detected three to four perpetrators near the port- side midship store. The alarm was immediately raised, alerting the crew and security personnel. Upon activation of the ship’s alarm, the perpetrators escaped. A search was conducted and ship stores, including an emergency hydraulic hand pump, hydraulic blowers and spare PV valves, were stolen from the midship store. Investigation revealed the perpetrators gained access to the vessel from the seaside using hooks and ropes, and subsequently forced entry into the locked midship store. The crew was not injured. The Bangladesh Coast Guard (BCG) subsequently boarded the vessel to conduct further investigation.",,,,At Berth,,,,https://www.recaap.org/alerts,Needs canonical event resolution,Flag: SINGAPORE
OBS_000279,,recaap_incidents_2024_2026,2026-4,2026-07-07,Maritime Crime,Robbery/ Theft,4,Maritime,Indonesia (Ports/Anchorages),,"Jakarta Anchorage Zone E, Indonesia",-6.016667,106.925,Columbia River,,BULK CARRIER,,"At Anchor While anchored, two perpetrators wearing T-shirts and shorts boarded the ship from a small boat using a rope and hook via the poop deck port quarter. The alarm was raised and the perpetrators escaped with stolen engine store spares. The crew was not injured.",,,,,,,,https://www.recaap.org/alerts,Needs canonical event resolution,"Flag: HONG KONG, CHINA"
OBS_000280,,recaap_incidents_2024_2026,2026-5,2026-07-05,Maritime Crime,Robbery/ Theft,4,Maritime,Straits of Malacca & Singapore,,Malacca Strait,1.196667,103.418333,PM Crown,,TANKER,,"While the vessel was transiting the Malacca Strait prior to its arrival in Singapore, the third Engineer discovered that the spare store had been disturbed and immediately reported the incident to the Chief Engineer. A subsequent inventory check confirmed that two turbocharger service kits, two main bearing metal assemblies, one crankpin bearing metal, and one piston ring set were missing. All crew members were accounted for and safe. The incident was reported to the flag State.",,,,While Sailing,,,,https://www.recaap.org/alerts,Needs canonical event resolution,Flag: SINGAPORE
OBS_000281,,recaap_incidents_2024_2026,2026-6,2026-06-30,Maritime Crime,Robbery/ Theft,4,Maritime,Indonesia (Ports/Anchorages),,"Bahodopi Anchorage, Indonesia",-2.014167,122.003667,Southern Hawk,,BULK CARRIER,,"At Anchor While anchored, during routine safety rounds, the duty AB discovered that perpetrators boarded the vessel. The crew conducted a thorough search of the vessel. However, no perpetrators were found onboard. Subsequent onboard checks revealed that several items were stolen from the bosun store, including a brass bell, electrical wires and cables, butterfly nuts, stools, a chain locker sounding cap, a sounding pipe, and a hydraulic oil refilling cap. All crew members were safe and accounted for. The Master reported the incident through the local agent to the local Port Authority.",,,,,,,,https://www.recaap.org/alerts,Needs canonical event resolution,Flag: SINGAPORE
OBS_000282,,recaap_incidents_2024_2026,2026-7,2026-06-29,Maritime Crime,Robbery/ Theft,4,Maritime,Bangladesh (Ports/Anchorages),,"Charlie Anchorage, Chittagong Port Area, Bangladesh",22.1795,91.781667,Hai Xu,,GENERAL CARGO SHIP,,"While underway, a group of perpetrators boarded the vessel and stole ship stores. As this was a vessel to be scrapped, there was no security staff or watchmen onboard. The ship's local agent informed BCG and Chittagong Port Authority. BCG sent a boarding party to the vessel and conducted an investigation onboard. BCG and River Police subsequently recovered and handed over the stolen items to concern authority and shipping agent.",,,,While Sailing,,,,https://www.recaap.org/alerts,Needs canonical event resolution,Flag: SAO TOME & PRINCIPE
OBS_000283,,recaap_incidents_2024_2026,2026-8,2026-06-26,Maritime Crime,Robbery/ Theft,3,Maritime,Straits of Malacca & Singapore,,"Approximately 9.7 nm off Pulau Iyu Kecil (Indonesia), in the eastbound lane of the Traffic Separation Scheme (TSS)",1.1405,103.505,Maria D,,BULK CARRIER,,"While underway, five perpetrators armed with a knife and a in the engine room. Ship's gun-like object were sighted general alarm was activated, deck lights switched on and all crew mustered. A search was conducted with no further sighting of the perpetrators onboard. All crew were accounted for and were safe. Some engine spares were stolen. The incident was reported to Singapore Vessel Traffic Information System (VTIS). Safety broadcast on anti-piracy watch carried out to warn vessels to maintain a vigilant watch at all times in the Singapore Strait (SS). Republic of Singapore Navy (RSN) and Singapore Police Coast Guard (SPCG) were notified of the incident. SPCG boarded the vessel and conducted a security search. No perpetrators were found on board. Information was shared with the Indonesian authorities.",,,,While Sailing,,,,https://www.recaap.org/alerts,Needs canonical event resolution,Flag: LIBERIA
OBS_000284,,recaap_incidents_2024_2026,2026-9,2026-06-22,Maritime Crime,Robbery/ Theft,2,Maritime,Indonesia (Ports/Anchorages),,"Belawan Anchorage, Indonesia",3.918333,98.788333,SDM Shenyang,,BULK CARRIER,,"At Anchor While anchored, the duty officer onboard noticed several small boats near the forward of the vessel and notified the bosun to check. After several minutes, on not receiving any response from the bosun, the duty officer raised the alarm. Crew mustered and proceeded to the forecastle where they saw the bosun tied up. Seven perpetrators carrying knives were also seen escaping from the forecastle store. On investigating, ship properties were reported as stolen. The incident was reported to Belawan VTS, Coast Guard and the local agent.",,,,,,,,https://www.recaap.org/alerts,Needs canonical event resolution,Flag: LIBERIA
OBS_000285,,recaap_incidents_2024_2026,2026-10,2026-06-21,Maritime Crime,Robbery/ Theft,4,Maritime,South China Sea,,Approximately 25.4 nm off Pulau Bintan (Indonesia),1.506,104.9015,Jin Hwa 45 & Jin Hwa 37,,TUG BOAT & BARGE,,"While underway, the barge was boarded by three perpetrators. Four lashing wires, eight turn buckles, one solar light and 10 shovels were stolen. The crew on the tug boat were not injured.",,,,While Sailing,,,,https://www.recaap.org/alerts,Needs canonical event resolution,Flag: MALAYSIA
OBS_000286,,recaap_incidents_2024_2026,2026-11,2026-06-19,Maritime Crime,Robbery/ Theft,3,Maritime,Philippines (Ports/Anchorages),,"Manila International Container Terminal (MICT) Anchorage, Philippines",14.609667,120.816,TS Pusan,,CONTAINER SHIP,,"anchored, four perpetrators armed with knives/bladed weapons boarded the vessel by climbing a rope attached to the forecastle area. Upon boarding, the perpetrators proceeded to the bosun store and forcibly opened the door. After the incident was discovered, the crew immediately secured the area and activated the alarm. Some ship property/stores were stolen. The incident was reported to Vessel Traffic Management System (VTMS) Manila and Coast Guard Station (CGS) Manila. Upon receiving the report, Coast Guard Sub-Station (CGSS) North Harbor and CGS Manila personnel, together with Investigation Detection Unit (IDU) personnel carried out investigation.",,,,At Anchor While,,,,https://www.recaap.org/alerts,Needs canonical event resolution,Flag: MARSHALL ISLANDS
OBS_000287,,recaap_incidents_2024_2026,2026-12,2026-06-13,Maritime Crime,Robbery/ Theft,3,Maritime,Straits of Malacca & Singapore,,"Approximately 3.2 nm off Pulau Cula (Indonesia), in the eastbound lane of the TSS",1.090833,103.731333,Gul Bano,,BULK CARRIER,,"While underway, four perpetrators were sighted in the engine room. One of the perpetrators carried a gun-like object and three perpetrators were unarmed. The ship’s general alarm was activated, deck lights switched on and the crew was mustered. A search was conducted, with no further sighting of the perpetrators onboard. All crew members were accounted for and safe, with no injuries reported. Some further assistance was engine spares were missing. No required. The incident was reported to Singapore VTIS. Safety broadcast on anti-piracy watch was carried out to warn all vessels to maintain a vigilant watch at all times in the SS. The RSN and SPCG were notified of the incident. Information was shared with the Indonesian authorities. Upon arrival at Eastern Holding A Anchorage (AEHA), SPCG boarded the vessel and conducted a search onboard, with no perpetrators found.",,,,While Sailing,,,,https://www.recaap.org/alerts,Needs canonical event resolution,Flag: BANGLADESH
OBS_000288,,recaap_incidents_2024_2026,2026-15,2026-06-05,Maritime Crime,Robbery/ Theft,4,Maritime,Straits of Malacca & Singapore,,"Approximately 1.9 nm off Pulau Cula (Indonesia), in the eastbound lane of the TSS",1.069333,103.6985,Xing Hai He,,BULK CARRIER,,"While underway, two unarmed perpetrators were sighted on deck by crew. The ship’s general alarm was activated, and all crew members were mustered and accounted for. The crew further was not injured and nothing was stolen. No assistance was required. The incident was reported to VTIS. Safety broadcast on anti- piracy watch was carried out to warn all vessels to maintain a vigilant watch at all times in the SS. The RSN and SPCG were notified of the incident. Information was shared with the Indonesian authority. Upon arrival at Pilot Eastern Boarding Ground B (PEBGB), SPCG boarded the vessel and conducted a search onboard, with no perpetrators found.",,,,While Sailing,,,,https://www.recaap.org/alerts,Needs canonical event resolution,Flag: MARSHALL ISLANDS
OBS_000289,,recaap_incidents_2024_2026,2026-14,2026-06-05,Maritime Crime,Robbery/ Theft,3,Maritime,Straits of Malacca & Singapore,,"Approximately 2.3 nm off Pulau Cula (Indonesia), in the eastbound lane of the TSS",1.062167,103.679667,Star Luna,,BULK CARRIER,,"While underway, three perpetrators armed with knives and gun-like objects were sighted in the engine room. The ship's general alarm was activated and the crew mustered. A search was conducted, with no further sighting of the perpetrators onboard. All crew members were accounted for and safe. Some engine spares were missing. No further assistance was required. The incident was reported to Singapore VTIS. Safety broadcast on anti-piracy watch was carried out to warn all vessels to maintain a vigilant watch at all times in the SS. The RSN and SPCG were notified of the incident. Information was shared with the Indonesian authority. Upon arrival at AEHA, SPCG boarded the vessel and conducted a search onboard, with no perpetrators found.",,,,While Sailing,,,,https://www.recaap.org/alerts,Needs canonical event resolution,Flag: MARSHALL ISLANDS
OBS_000290,,recaap_incidents_2024_2026,2026-16,2026-06-04,Maritime Crime,Robbery/ Theft,2,Maritime,Philippines (Ports/Anchorages),,"MICT Anchorage, Philippines",14.609667,120.816,CMA CGM Valparaiso,,CONTAINER SHIP,,"At Anchor While at anchor, four perpetrators armed with guns and the ship knives were sighted onboard. Upon discovery, immediately reported to VTMS Corregidor and CGS Manila. The perpetrators disembarked via an unidentified motor banca. In response, CGS Manila immediately informed CGSS North Harbor to establish communication with the subject vessel. Despite several attempts, the station failed to get in touch with the vessel or the local agent for the exact location or other details pertaining to the perpetrators’ identity.",,,,,,,,https://www.recaap.org/alerts,Needs canonical event resolution,Flag: MALTA
OBS_000291,,recaap_incidents_2024_2026,2026-13,2026-06-04,Maritime Crime,Robbery/ Theft,2,Maritime,Philippines (Ports/Anchorages),,"MICT Anchorage, Philippines",14.609667,120.816,Teh Victory,,CONTAINER SHIP,,"At Anchor While at anchor, six perpetrators boarded the vessel via a small motor banca. Upon being discovered, one of the suspects displayed a firearm tucked at his waist and ordered the crew member to raise his hands. The crew, after being threatened, immediately fled to the bridge and reported the incident. Approximately 30 drums of 20L Paint, four pieces of copper screw from the cover of the Bosun Store and three copper fire hose nozzles were stolen. The VTMS Corregidor of Philippine Coast Guard (PCG) coordinated with CGSS North Harbor on the incident. Upon receiving the information, personnel of the substation immediately proceeded to CGSS Navotas to assist the IDU personnel conducting the investigation and communicating with the Master of the vessel.",,,,,,,,https://www.recaap.org/alerts,Needs canonical event resolution,Flag: MALTA
OBS_000292,,recaap_incidents_2024_2026,2026-17,2026-05-13,Maritime Crime,Robbery/ Theft,3,Maritime,Straits of Malacca & Singapore,,"Approximately 5.3 nm off Pulau Cula (Indonesia), in the eastbound lane of the TSS",1.0575,103.625,Broompark,,BULK CARRIER,,"While underway, a perpetrator with knife was sighted in the engine room workshop. The perpetrator attempted to threaten the engine room watchkeeping staff, who ran away and secured himself in the engine control room. The master was informed and the general alarm was activated. All crew mustered and a search was conducted, with no further sighting of the perpetrators. The crew members were not injured and nothing was stolen. No assistance was required and the vessel continued its voyage. The agent of vessel reported to Maritime and Port Authority of Singapore (MPA). Safety broadcast on anti-piracy watch was carried out to warn all vessels to maintain a vigilant watch at all times in the SS. The RSN’s Maritime Security Task Force (MSTF) and SPCG were notified of the incident. Information was shared with the Indonesian authorities.",,,,While Sailing,,,,https://www.recaap.org/alerts,Needs canonical event resolution,Flag: UNITED KINGDOM
OBS_000293,,recaap_incidents_2024_2026,2026-18,2026-05-07,Maritime Crime,Robbery/ Theft,2,Maritime,Bangladesh (Ports/Anchorages),,"Chittagong Outer Anchorage, Bangladesh",21.8345,91.741833,CNC Neptune,,CONTAINER SHIP,,"At Anchor While at anchor, the deck watchmen observed eight to ten perpetrators armed with long knives boarding the starboard aft deck. One of the perpetrators advanced aggressively, forcing the watchmen to retreat to the port quarter who then raised the alarm. The officer of the Watch (OOW) immediately notified the Master and crew. The ship attempted to contact the Bangladesh Navy and Port Control but with no response. The OOW then observed the perpetrators fleeing from the starboard quarter in two long wooden boats. A subsequent search confirmed no perpetrators remained onboard, but 2900 litres of assorted paint were stolen. The crew were not injured. The incident has been reported to local authorities as well as MPA (flag State).",,,,,,,,https://www.recaap.org/alerts,Needs canonical event resolution,Flag: SINGAPORE
OBS_000294,,recaap_incidents_2024_2026,2026-19,2026-04-26,Maritime Crime,Robbery/ Theft,4,Maritime,Malaysia (Ports/Anchorages),,"Sandakan Anchorage, Malaysia",5.818333,118.135,CS Saker,,TANKER,,"At Anchor While at anchor, during a routine verification of hydro blower specifications for the enclosed-space equipment listing, the training Master was unable to locate the hydro blowers in the forecastle store. Subsequent checks with the crew confirmed that four hydro blowers, one pneumatic blower, one helicopter Rescue Equipment Box, and one coil of tiger rope were missing. The store lock was also found to have been broken. The crew were not injured and no assistance was required. A review of CCTV footage was inconclusive, as visibility was compromised by glare from the forecastle floodlight and forward tube lights. No intruders were captured on the recordings. The incident has been reported to the authorities by the local agent. The Superintendent of the ship also reported the incident to MPA (flag State).",,,,,,,,https://www.recaap.org/alerts,Needs canonical event resolution,Flag: SINGAPORE
OBS_000295,,recaap_incidents_2024_2026,2026-20,2026-04-22,Maritime Crime,Robbery/ Theft,3,Maritime,Straits of Malacca & Singapore,,"Approximately 3.6 nm off Pulau Cula (Indonesia), in the eastbound lane of the TSS",1.056667,103.625,Taipan,,TANKER,,"While underway, a crew member sighted four perpetrators with knives in the engine room. The ship’s general alarm was activated. All crew mustered and accounted for. A search was conducted with no further sighting of the perpetrators. The crew members were not injured and some engine spares were stolen. The incident was reported to Singapore Vessel Traffic Information System (VTIS). Safety broadcast on anti-piracy watch was carried out to warn all vessels to maintain a vigilant watch at all times in the Singapore Strait (SS). The RSN’s MSTF and SPCG were notified of the incident. Information was shared with the Indonesian authority.",,,,While Sailing,,,,https://www.recaap.org/alerts,Needs canonical event resolution,Flag: MARSHALL ISLANDS
OBS_000296,,recaap_incidents_2024_2026,2026-23,2026-04-20,Maritime Crime,Robbery/ Theft,4,Maritime,Straits of Malacca & Singapore,,"Approximately 6.3 nm off Pulau Cula (Indonesia), in the eastbound lane of the TSS",1.069833,103.611,Aliado,,BULK CARRIER,,"While underway, one perpetrator was sighted in the engine room. The ship’s general alarm was activated. All crew mustered and accounted for. A search was conducted with no further sighting of the perpetrators. The crew members were not injured and nothing was stolen. The incident was reported to Singapore VTIS. Safety broadcast on anti-piracy watch was carried out to warn all vessels to maintain a vigilant watch at all times in the SS. The RSN and SPCG were notified of the incident. Information was shared with the Indonesian authority.",,,,While Sailing,,,,https://www.recaap.org/alerts,Needs canonical event resolution,Flag: LIBERIA
OBS_000297,,recaap_incidents_2024_2026,2026-22,2026-04-20,Maritime Crime,Robbery/ Theft,4,Maritime,Straits of Malacca & Singapore,,In the precautionary area of the TSS,1.291167,104.156167,HK Tug 3 & LKH 9889,,TUG BOAT & BARGE,,"While the tug boat towing barge was underway, the Chief Officer noticed a sampan and two perpetrators sighted onboard the barge. The perpetrators subsequently left the barge, and escaped in the sampan. Some scrap metals were stolen. The crew members were not injured. The vessels continued their voyage, with the master declaring that no assistance was required. The incident was reported to MPA (flag State). Singapore Port Operations Control Centre (POCC) confirmed that this information has been shared with the RSN’s MSTF, SPCG and Indonesian authority.",,,,While Sailing,,,,https://www.recaap.org/alerts,Needs canonical event resolution,Flag: SINGAPORE
OBS_000298,,recaap_incidents_2024_2026,2026-21,2026-04-20,Maritime Crime,Robbery/ Theft,4,Maritime,Bangladesh (Ports/Anchorages),,"Outer Anchorage B, near beaching area of Chittagong, Bangladesh",22.355667,91.697667,Posh Eagle,,TUG BOAT,,"At Anchor While at anchor, the crew observed unauthorised persons on deck and alerted the bridge. The general alarm was sounded and all crew mustered. Upon detection, the perpetrators fled and jumped into a small boat. A thorough search was conducted. The paint store lock was damaged and 10 cans of paint were stolen. The crew members were not injured. The incident was reported to MPA (flag State).",,,,,,,,https://www.recaap.org/alerts,Needs canonical event resolution,Flag: SINGAPORE
OBS_000299,,recaap_incidents_2024_2026,2026-24,2026-04-19,Maritime Crime,Robbery/ Theft,4,Maritime,Straits of Malacca & Singapore,,"Northeast of Pulau Karimun Besar (Indonesia), in the eastbound lane of the TSS",1.137167,103.477167,MTT Tahan & MTT Tioman,,TUG BOAT & BARGE,,"While underway, the Master sighted two perpetrators boarding the barge. The perpetrators were not armed. The crew were not injured. Some mooring ropes and packed goods from the container were stolen, which include building materials and automotive products.",,,,While Sailing,,,,https://www.recaap.org/alerts,Needs canonical event resolution,Flag: MALAYSIA
OBS_000300,,recaap_incidents_2024_2026,2026-25,2026-04-17,Maritime Crime,Robbery/ Theft,3,Maritime,Philippines (Ports/Anchorages),,"Waters off Barangay Cuta, Batangas City, Philippines",13.739667,121.049,Baleno Otso,,PASSENGER SHIP,,"At Anchor While grounded, five perpetrators carried knives boarded the vessel. The perpetrators threatened the crew while escaping. Some metal parts and generator wirings were stolen. One crew member promptly reported the incident to CGSS Batangas City when the perpetrators had already fled the vicinity. Upon receiving the report, CGSS Batangas City deployed personnel to render necessary assistance. All five perpetrators were arrested and sent to the station for investigation.",,,,,,,,https://www.recaap.org/alerts,Needs canonical event resolution,Flag: PHILIPPINES
OBS_000301,,recaap_incidents_2024_2026,2026-26,2026-04-15,Maritime Crime,Robbery/ Theft,4,Maritime,Indonesia (Ports/Anchorages),,"Bahodopi Anchorage, Indonesia",-2.786667,122.156667,King Milo,,BULK CARRIER,,"At Anchor While at anchor, the ship was boarded by the perpetrators. Some brass items such as fire hose coupling, nozzles, cargo light wires, ship’s bell and butterfly nuts inside the Bosun Store were stolen. The crew were not injured. The incident was reported to the National Search and Rescue Agency of the coastal State.",,,,,,,,https://www.recaap.org/alerts,Needs canonical event resolution,Flag: PANAMA
OBS_000302,,recaap_incidents_2024_2026,2026-27,2026-04-13,Maritime Crime,Robbery/ Theft,4,Maritime,Straits of Malacca & Singapore,,"Approximately 3 nm off Pulau Nongsa (Indonesia), in the eastbound lane of the TSS",1.255333,104.088,HK Tug 8 & LKH 2882,,TUG BOAT & BARGE,,"While underway, the Master observed a sampan alongside the barge, with approximately two perpetrators on board. The perpetrators subsequently escaped from the barge via the sampan. The perpetrators were not armed. The crew were not injured. Some scrap metals were stolen. The incident was reported to MPA (flag State).",,,,While Sailing,,,,https://www.recaap.org/alerts,Needs canonical event resolution,Flag: SINGAPORE
OBS_000303,,recaap_incidents_2024_2026,2026-28,2026-04-09,Maritime Crime,Robbery/ Theft,3,Maritime,Straits of Malacca & Singapore,,"Approximately 3 nm off Pulau Cula (Indonesia), in the eastbound lane of the TSS",1.05,103.661667,Lowlands Island,,BULK CARRIER,,"While underway, four perpetrators were sighted in the engine room. One of the perpetrators carried a knife, and another perpetrator a gun-like object and knife. The ship's general alarm was activated and crew mustered. After conducting a search onboard, master confirmed there was no further sighting of the perpetrators and some engine spares were stolen. All crew members were accounted for, with no injuries reported. The incident was reported to Singapore VTIS. Safety broadcast on anti-piracy watch was carried out to warn all vessels to maintain a vigilant watch at all times in the SS. The RSN and SPCG were notified of the incident. Information was shared with the Indonesian authority. The SPCG boarded the ship for security checks at Singapore anchorage, with no perpetrators found onboard.",,,,While Sailing,,,,https://www.recaap.org/alerts,Needs canonical event resolution,Flag: PANAMA
OBS_000304,,recaap_incidents_2024_2026,2026-29,2026-03-28,Maritime Crime,Robbery/ Theft,4,Maritime,Philippines (Ports/Anchorages),,"Manila North Anchorage, Philippines",14.595,120.861667,ALS Vesta,,CONTAINER SHIP,,"At Anchor While at anchor, three perpetrators were sighted onboard by the deck watch. Upon noticing the approaching crew, the perpetrators jumped overboard. The perpetrators gained access by climbing the anchor chain, passing through the hawse pipe via a small gap, and pushing the hawse pipe cover open. A thorough inspection was carried out and confirmed that no items were stolen. The perpetrators were not armed. The crew were not injured. The incident was reported to MPA (flag State).",,,,,,,,https://www.recaap.org/alerts,Needs canonical event resolution,Flag: SINGAPORE
OBS_000305,,recaap_incidents_2024_2026,2026-31,2026-03-19,Maritime Crime,Robbery/ Theft,3,Maritime,Straits of Malacca & Singapore,,"Approximately 5.7 nm off Pulau Cula (Indonesia), in the eastbound lane of the TSS",1.060167,103.627667,Hellasship,,BULK CARRIER,,"While underway, four perpetrators armed with long knives were sighted in the steering gear room. The ship's general alarm was activated and crew mustered. After conducting a search onboard, master confirmed there was no further sighting of the perpetrators and nothing was stolen. A crew was slightly injured by the perpetrators with a minor laceration to his head, and the agent arranged for shore medical follow up. The incident was reported to Singapore VTIS. Safety broadcast on anti-piracy watch was carried out to warn all vessels to maintain a vigilant watch at all times in the SS. The RSN and SPCG were notified of the incident. Information was shared with the Indonesian authority. The SPCG boarded the ship at Eastern Boarding Ground “B” (PEBGB) and conducted a search and investigation.",,,,While Sailing,,,,https://www.recaap.org/alerts,Needs canonical event resolution,Flag: LIBERIA
OBS_000306,,recaap_incidents_2024_2026,2026-30,2026-03-19,Maritime Crime,Robbery/ Theft,3,Maritime,Straits of Malacca & Singapore,,"Approximately 5.1 nm off Pulau Cula (Indonesia), in the eastbound lane of the TSS",1.048333,103.628333,Aristoteles Graecia,,BULK CARRIER,,"While underway, four perpetrators were sighted in the engine room. One of the perpetrators was armed with a long knife. The ship's general alarm was activated and crew mustered. After conducting a search onboard, master confirmed there was no further sighting of the perpetrators and some engine spares were stolen. All crew members were safe and accounted for. The incident was reported to Singapore VTIS. Safety broadcast on anti-piracy watch was carried out to warn all vessels to maintain a vigilant watch at all times in the SS. The RSN and SPCG were notified of the incident. Information was shared with the Indonesian authority. The SPCG boarded the ship at Eastern Holding B Anchorage (AEHB) and conducted a search and investigation.",,,,While Sailing,,,,https://www.recaap.org/alerts,Needs canonical event resolution,Flag: CYPRUS
OBS_000307,,recaap_incidents_2024_2026,2026-32,2026-03-18,Maritime Crime,Robbery/ Theft,4,Maritime,Straits of Malacca & Singapore,,"Approximately 6.5 nm off Pulau Cula (Indonesia), in the eastbound lane of the TSS",1.066667,103.6,Darya Tiana,,BULK CARRIER,,"While underway, four perpetrators (not armed) were sighted at the starboard gangway. The ship's general alarm was activated and crew mustered. After conducting a search onboard, master confirmed there was no further sighting of the perpetrators and nothing was stolen. There was no confrontation between the perpetrators and crew; and all crew members were safe and accounted for. The incident was reported to Singapore VTIS. Safety broadcast on anti-piracy watch was carried out to warn all vessels to maintain a vigilant watch at all times in the SS. The RSN and SPCG were notified of the incident. Information was shared with the Indonesian authority.",,,,While Sailing,,,,https://www.recaap.org/alerts,Needs canonical event resolution,"Flag: HONG KONG, CHINA"
OBS_000308,,recaap_incidents_2024_2026,2026-33,2026-03-07,Maritime Crime,Robbery/ Theft,3,Maritime,Straits of Malacca & Singapore,,"Approximately 2.38 nm off Pulau Cula (Indonesia), in the eastbound lane of the TSS",1.038333,103.67,Ocean Radiance,,LPG TANKER,,"While underway, seven perpetrators armed with knives were sighted in the engine room. There was no confrontation with the crew. The master raised the general alarm and crew mustered. A search was carried out onboard with no further sightings of perpetrators. The crew were not injured. The incident was reported to Singapore VTIS. Safety broadcast on anti-piracy watch was carried out to warn all vessels to maintain a vigilant watch at all times in the SS. The RSN and SPCG were notified of the incident. Information was shared with the Indonesian authority.",,,,While Sailing,,,,https://www.recaap.org/alerts,Needs canonical event resolution,Flag: PALAU
OBS_000309,,recaap_incidents_2024_2026,2026-34,2026-02-28,Maritime Crime,Robbery/ Theft,4,Maritime,Straits of Malacca & Singapore,,"Approximately 13.2 nm off Pulau Cula (Indonesia), in the eastbound lane of the TSS",1.0955,103.55,Nord Auriga,,BULK CARRIER,,"While underway, three unarmed perpetrators were sighted on board the ship. The master initiated a security search with no perpetrators found onboard. The crew were not injured. Nothing was stolen. The incident was reported to Singapore POCC. The SPCG boarded the ship at Eastern Bunkering B Anchorage (AEBB) and conducted a search and investigation.",,,,While Sailing,,,,https://www.recaap.org/alerts,Needs canonical event resolution,Flag: SINGAPORE
OBS_000310,,recaap_incidents_2024_2026,2026-35,2026-02-27,Maritime Crime,Robbery/ Theft,2,Maritime,Straits of Malacca & Singapore,,"Approximately 3.2 nm off Pulau Cula (Indonesia), in the eastbound lane of the TSS",1.041167,103.655333,Taz,,BULK CARRIER,,"While underway, five perpetrators boarded the ship. One of the perpetrators was armed with a knife. The ship’s general alarm was raised and crew mustered and accounted for. A search was carried out onboard with no further sightings of perpetrators. The crew were not injured. One crew’s mobile phone was stolen. The incident was reported to Safety Singapore VTIS. broadcast on anti-piracy watch was carried out to warn all vessels to maintain a vigilant watch at all times in the SS. The RSN and SPCG were notified of the incident. Information was shared with the Indonesian authority.",,,,While Sailing,,,,https://www.recaap.org/alerts,Needs canonical event resolution,Flag: MARSHALL ISLANDS
OBS_000311,,recaap_incidents_2024_2026,2026-36,2026-02-20,Maritime Crime,Robbery/ Theft,4,Maritime,Philippines (Ports/Anchorages),,"Manila International Container Terminal (MICT) Anchorage Area, Philippines",14.562833,120.8275,AS Nora,,CONTAINER SHIP,,"At Anchor While at anchor, the duty crew noted that the cover of the hawse pipe of the starboard anchor was opened. After informing the 2nd officer, the general alarm, including the typhoon alarm was raised. A search was conducted with no perpetrators found on board. Subsequently, the master ordered an inventory and inspection of the deck equipment. The crew were not injured. Some ship property/stores were stolen. The incident was reported to VTMS Corregidor and CGS Manila. CGS Manila immediately directed the duty maritime patrol (MARPAT) team to verify the incident, and advised the Master to strengthen onboard security measures and increase roving duties to prevent similar incidents.",,,,,,,,https://www.recaap.org/alerts,Needs canonical event resolution,Flag: MARSHALL ISLANDS
OBS_000312,,recaap_incidents_2024_2026,2026-37,2026-01-26,Maritime Crime,Robbery/ Theft,3,Maritime,Philippines (Ports/Anchorages),,"Manila Bay Anchorage, Philippines",14.551667,120.828333,Maersk Cap Jackson,,CONTAINER SHIP,,"At Anchor While at anchor, a crew member was confronted by six perpetrators, reportedly armed with knives, at Bay 02 on the forward part of the ship. He was threatened, ordered to located remain silent, and confined in the bosun store beneath the forward mooring station. The crew member later freed himself and activated the fire alarm. The perpetrators briefly returned but were unable to gain entry, and subsequently escaped from the ship via the deck leading overboard. An immediate search of the vessel was conducted, with no perpetrators found onboard. Subsequent investigation by the ship’s crew revealed that the padlock and securing arrangement of the bosun store door had been tampered with, indicating forced entry. The stern access to the engineer’s passageway was also found to have been tampered with. A walkie-talkie and two hydrant caps were reported stolen. The company was notified, and the incident was reported to the local coast guard and customs authorities through the local agent.",,,,,,,,https://www.recaap.org/alerts,Needs canonical event resolution,Flag: SINGAPORE
OBS_000313,,recaap_incidents_2024_2026,2026-38,2026-01-25,Maritime Crime,Robbery/ Theft,4,Maritime,Philippines (Ports/Anchorages),,"Vicinity Waters off Cavite City, Philippines",14.518,120.7905,Maersk Vilnius,,CONTAINER SHIP,,"At Anchor While at anchor, the crew noticed that several items, namely cable wires and parts of the ship's beam, were missing from the ship. The master subsequently confirmed that no other losses or damages were sustained, and that no further assistance was required. The crew were not injured. Upon receipt of the report, CGS Manila immediately directed CGSS Cavite City to conduct MARPAT operations and establish contact with the ship. Thereafter, all CGSS within the Cavite area were directed to conduct shore patrols and maintain heightened vigilance, particularly for possible sightings or recovery of the stolen items.",,,,,,,,https://www.recaap.org/alerts,Needs canonical event resolution,Flag: INDIA
OBS_000314,,recaap_incidents_2024_2026,2026-39,2026-01-22,Maritime Crime,Robbery/ Theft,3,Maritime,Philippines (Ports/Anchorages),,"Vicinity waters off Bauan, Batangas, Philippines",13.894833,120.766667,Super Shuttle RoRo 9,,RORO CARGO SHIP,,"At Anchor While at anchor, a seaborne patrol personnel of CGSS Bauan saw one of the perpetrators climbing the ship from an unnamed motor banca. The Philippine Coast Guard team immediately apprehended the perpetrator, and found a knife onboard the motor banca. A comprehensive search of the ship was conducted by the combined teams of CGSS Bauan and Special Operations Group Southern Tagalog. Three additional perpetrators were found onboard the ship, and all four perpetrators were turned over to the Investigation and Detection Unit - Southern Tagalog. Nothing was stolen.",,,,,,,,https://www.recaap.org/alerts,Needs canonical event resolution,Flag: PANAMA
OBS_000315,,recaap_incidents_2024_2026,2026-40,2026-01-19,Maritime Crime,Robbery/ Theft,4,Maritime,Straits of Malacca & Singapore,,"Approximately 6 nm off Pulau Nongsa (Indonesia), in the eastbound lane of the TSS",1.266333,104.153667,Hub 21 & Manyplus 5,,TUG BOAT & BARGE,,"While underway, the master of the tug boat observed three sampans around the barge and three perpetrators on the barge taking scrap metals from the barge. About half an hour later, the perpetrators were sighted leaving in the sampans. The tug boat and barge continued their voyage and no assistance was required. All crew members were accounted for and without injury. Some scrap metals were stolen. The master reported the incident to Singapore VTIS. Safety broadcasts on anti-piracy watch were initiated to remind all vessels to maintain vigilant watch at all times in the SS. RSN and SPCG were notified of the incident. Information of the incident was also shared with Indonesian Authority.",,,,While Sailing,,,,https://www.recaap.org/alerts,Needs canonical event resolution,Flag: MALAYSIA
OBS_000316,,recaap_incidents_2024_2026,2026-41,2026-01-17,Maritime Crime,Robbery/ Theft,3,Maritime,Straits of Malacca & Singapore,,"Approximately 2.6 nm off Pulau Cula (Indonesia), in the eastbound lane of the TSS",1.0725,103.681333,Empress Zonda,,BULK CARRIER,,"While underway, six perpetrators armed with knives were sighted at the steering gear room. The ship’s general alarm was raised. All crew members mustered and were accounted for. A search was carried out with no perpetrators found onboard. The crew members were not injured and some engine spares were stolen. The master reported the incident to Singapore VTIS. Safety broadcasts on anti-piracy watch were initiated to remind all vessels to maintain vigilant watch at all times in the SS. RSN and SPCG were notified of the incident. SPCG boarded the vessel for security check at Singapore Anchorage but did not find any perpetrators on board. Information of the incident was also shared with Indonesian Authority.",,,,While Sailing,,,,https://www.recaap.org/alerts,Needs canonical event resolution,Flag: PANAMA
OBS_000317,,recaap_incidents_2024_2026,2026-43,2026-01-16,Maritime Crime,Robbery/ Theft,4,Maritime,Philippines (Ports/Anchorages),,"Batangas Anchorage, southeast of Brgy San Pedro, Bauan, Batangas, Philippines",13.7585,120.972667,Sakizaya Wisdom,,BULK CARRIER,,"at anchor, several firefighting equipment and shipboard fittings were found missing from the open deck areas during a safety security round of the ship. It is believed that perpetrators boarded the ship during night time and stole the items. The incident was reported to the company, local agents, and VTMS Batangas. Additional security rounds were implemented, and all remaining bronze were removed from the open deck and secured on board as a preventive measure. CGS Batangas directed CGSS Bauan and CGSS Mabini to intensify seaborne patrols and conduct periodic radio announcements to all nearby ships in anchorage area to remain vigilant against illegal activities.",,,,At Anchor While,,,,https://www.recaap.org/alerts,Needs canonical event resolution,Flag: PANAMA
OBS_000318,,recaap_incidents_2024_2026,2026-42,2026-01-16,Maritime Crime,Robbery/ Theft,4,Maritime,Straits of Malacca & Singapore,,"Approximately 3.8 nm off Pulau Nongsa Beacon (Indonesia), in the eastbound lane of the TSS",1.260667,104.103167,HK Tug 8 & LKH 2882,,TUG BOAT & BARGE,,"While underway, the master of the tug boat observed one sampan alongside the barge with approximately five perpetrators sighted on the barge taking scrap metals. About 40 minutes later, the perpetrators were sighted left in the sampans. The tug boat and barge continued their voyage and no assistance was required. All crew members were accounted for and without injury. Some scrap metals were stolen. The master reported the incident to Singapore VTIS. Safety broadcasts on anti-piracy watch were initiated to remind all vessels to maintain vigilance.",,,,While Sailing,,,,https://www.recaap.org/alerts,Needs canonical event resolution,Flag: SINGAPORE
OBS_000319,,recaap_incidents_2024_2026,2026-44,2026-01-05,Maritime Crime,Robbery/ Theft,4,Maritime,Straits of Malacca & Singapore,,"Approximately 4.1 nm off Pulau Nongsa Beacon (Indonesia), in the eastbound lane of the TSS",1.260667,104.078833,HK Tug 9 & LKH 7887,,TUG BOAT & BARGE,,"While underway, approximately six perpetrators were sighted onboard the barge with three sampans alongside. At 1410 hrs, the master updated that the perpetrators escaped from the barge, and all three sampans departed from the area. Some scrap metals were reported stolen. The tug boat and barge continued their voyage and no assistance was required. All crew members were accounted for and without injury. The master reported the incident to Singapore VTIS. Safety broadcasts on anti-piracy watch were initiated to remind all vessels to maintain vigilance.",,,,While Sailing,,,,https://www.recaap.org/alerts,Needs canonical event resolution,Flag: SINGAPORE
OBS_000320,,recaap_incidents_2024_2026,2026-45,2026-01-03,Maritime Crime,Robbery/ Theft,4,Maritime,Philippines (Ports/Anchorages),,"Batangas Anchorage, Philippines",13.766667,120.983333,Super Shuttle RoRo 9,,RORO CARGO SHIP,,"At Anchor While at anchor, perpetrators from one motor banca boarded the ship and stole some cables. The incident was reported to PCG Substation Bauan. The PCG apprehended one perpetrator onboard the motor banca and conducted comprehensive search onboard and apprehended another four perpetrators. The perpetrators were charged under Violation of Article 122 of the revised Penal Code as Amended by R.A 7659- Piracy in General and Mutiny on the High Seas or in Philippine waters.",,,,,,,,https://www.recaap.org/alerts,Needs canonical event resolution,Flag: PANAMA
OBS_000321,,recaap_incidents_2024_2026,2025-1,2025-12-25,Maritime Crime,Robbery/ Theft,4,Maritime,Straits of Malacca & Singapore,,In the eastbound lane of the Traffic Separation Scheme (TSS),1.206333,103.914667,HK Tug 8 & LKH 2882,,TUG BOAT & BARGE,,"While underway, nine perpetrators from three sampans were sighted alongside the barge removing scrap metals while the tug and barge were enroute from Singapore to Vietnam. After observing that all nine perpetrators had departed the barge, the master resumed the eastbound passage. At 1510 hrs, three sampans with nine perpetrators were again observed alongside barge taking scrap metals. At 1525 hrs, the three sampans departed from the barge. The crew was not injured. The master reported the incident to Singapore Vessel Traffic Information System (VTIS). Safety broadcast on anti-piracy watch was initiated to remind all vessels to maintain vigilance.",,,,While Sailing,,,,https://www.recaap.org/alerts,Needs canonical event resolution,Flag: SINGAPORE
OBS_000322,,recaap_incidents_2024_2026,2025-2,2025-12-22,Maritime Crime,Robbery/ Theft,3,Maritime,Indonesia (Ports/Anchorages),,"Tangkil Island Anchorage, Indonesia",-5.52,105.288167,Saphira,,BULK CARRIER,,"At Anchor While at anchor, the duty crew on routine rounds spotted ropes attached with hooks on the poop deck railings and immediately informed the bridge. Alarm was raised and crew mustered. Four perpetrators armed with knives were sighted escaping with stolen engine spares. The crew members were not injured. The incident was reported to port authority through local agent. PRC relayed the message to Indonesia Marine Police HQ.",,,,,,,,https://www.recaap.org/alerts,Needs canonical event resolution,Flag: LIBERIA
OBS_000323,,recaap_incidents_2024_2026,2025-3,2025-12-21,Maritime Crime,Robbery/ Theft,4,Maritime,Straits of Malacca & Singapore,,"Approximately 2.66 nm from Pulau Ramunia (Malaysia), in the westbound lane of the TSS",1.3085,104.251167,Jin Hwa 47 & Jin Hwa 48,,TUG BOAT & BARGE,,"While underway, the master reported that two motorised small boats with five perpetrators onboard came alongside the barge. Four perpetrators were sighted stealing iron scrap from the barge. One of the small boats came alongside for a second time with three perpetrators and transferred scrap metals to the sampan. The master immediately mustered the crew and reported the incident to the shipping company and Singapore Police Coast Guard (PCG). Singapore PCG arrived at the spot and assisted by shadowing the barge. There was no confrontation with the perpetrators and no injuries to the crew. Some scrap metals were reported stolen.",,,,While Sailing,,,,https://www.recaap.org/alerts,Needs canonical event resolution,Flag: MALAYSIA
OBS_000324,,recaap_incidents_2024_2026,2025-4,2025-12-17,Maritime Crime,Robbery/ Theft,3,Maritime,Straits of Malacca & Singapore,,"Approximately 5.4 nm from Pulau Cula (Indonesia), in the eastbound lane of the TSS",1.055333,103.623,Eco Diagon Alley,,BULK CARRIER,,"While underway, the master reported that three perpetrators with batons were sighted in the engine room. The ship’s general alarm was activated and the crew mustered. A search was conducted with no perpetrators found onboard. All crew members were accounted for and without injury. Some engine spare parts were reported stolen. The master reported the incident to Singapore VTIS. Safety broadcast on anti-piracy watch was initiated to remind all vessels to maintain vigilance. The Republic of Singapore Navy’s (RSN) Maritime Security Task Force (MSTF) and Singapore PCG were notified of the incident. Information of the incident was shared with the Indonesian authorities. Upon arrival in Singapore, Singapore PCG boarded the vessel for security check with no perpetrators found.",,,,While Sailing,,,,https://www.recaap.org/alerts,Needs canonical event resolution,Flag: LIBERIA
OBS_000325,,recaap_incidents_2024_2026,2025-5,2025-12-15,Maritime Crime,Robbery/ Theft,3,Maritime,Straits of Malacca & Singapore,,"Approximately 2.74 nm from Pulau Cula (Indonesia), in the eastbound lane of the TSS",1.071333,103.6775,Bulk Sydney,,BULK CARRIER,,"While underway, the 2nd engineer sighted four perpetrators the steering gear room without armed with knives at confrontation. The ship alarm was raised and deck lighting was switched on. A search was conducted with no perpetrators found onboard. All crew members were accounted for and without injury. Some engine spare parts were stolen. The master reported the incident to Singapore VTIS. Safety broadcast on anti-piracy watch was initiated to warn all vessels to always maintain a vigilant watch in the Singapore Strait (SS). The RSN and Singapore PCG were notified of the incident. Singapore PCG boarded the vessel for security check at Singapore Anchorage with no sighting of perpetrators. Information of the incident was shared with the Indonesian authority.",,,,While Sailing,,,,https://www.recaap.org/alerts,Needs canonical event resolution,Flag: LIBERIA
OBS_000326,,recaap_incidents_2024_2026,2025-6,2025-12-13,Maritime Crime,Robbery/ Theft,4,Maritime,Straits of Malacca & Singapore,,"Approximately 4.8 nm from Batu Behanti beacon (Indonesia), in the eastbound lane of the TSS",1.2275,103.984667,Highline 59 & Highline 58,,TUG BOAT & BARGE,,"While underway, two sampans were sighted alongside the towing barge and about 15 to 20 perpetrators were onboard the barge. The perpetrators then left the barge with some scrap metals. All crew members were accounted for with no injuries and no assistance required. The master immediately reported the incident to Singapore VTIS. Safety broadcast on anti-piracy watch was initiated to remind all vessels to maintain vigilance.",,,,While Sailing,,,,https://www.recaap.org/alerts,Needs canonical event resolution,Flag: MALAYSIA
OBS_000327,,recaap_incidents_2024_2026,2025-7,2025-11-27,Maritime Crime,Robbery/ Theft,4,Maritime,Straits of Malacca & Singapore,,"Off Batu Berhanti (Indonesia), in the eastbound lane of the TSS",1.204,103.908667,HK Tug 8 & LKH 2882,,TUG BOAT & BARGE,,"While the tug boat towing barge was underway, the master reported to Singapore VTIS that a small boat with four to five perpetrators was alongside the barge and were removing the scrap metal on the barge. Over the next hour, several other small boats arrived and departed in phases, with a peak of seven boats engaged in In total, removing the scrap metal from the barge. approximately 45 perpetrators in 11 small boats were observed. Singapore VTIS was kept updated and crew safety was confirmed throughout. The company subsequently instructed the master to cross towards Singapore. The small boats later dispersed upon the approach of a Singapore PCG vessel. A small boat tried to return but escaped following the intervention of the Singapore PCG vessel. The tug boat and barge subsequently resumed their voyage to Vietnam. All crew members were accounted for, with no injuries reported. Safety broadcasts on anti-piracy watch were issued to remind all vessels to maintain vigilance.",,,,While Sailing,,,,https://www.recaap.org/alerts,Needs canonical event resolution,Flag: SINGAPORE
OBS_000328,,recaap_incidents_2024_2026,2025-8,2025-11-24,Maritime Crime,Robbery/ Theft,3,Maritime,Straits of Malacca & Singapore,,"Approximately 1.8 nm off Pulau Cula (Indonesia), in the eastbound lane of the TSS",1.0665,103.696833,Fyla,,BULK CARRIER,,"While underway, two perpetrators armed with knives were sighted at the accommodation deck. The master raised the general alarm and mustered all crew. The perpetrators escaped upon being discovered. The master conducted a search and found no sighting of the perpetrators. All crew were accounted for and with no injury. Nothing was stolen. The master reported the incident to Singapore VTIS West. Safety broadcast on anti-piracy watch was initiated to warn all vessels to maintain a vigilant watch at all times in the SS. The RSN’s MSTF and Singapore PCG were notified of the incident. Information of the incident was shared with the Indonesian authorities. Upon arrival in Singapore, the PCG boarded the ship to conduct investigation. No sighting of perpetrators.",,,,While Sailing,,,,https://www.recaap.org/alerts,Needs canonical event resolution,Flag: CYPRUS
OBS_000329,,recaap_incidents_2024_2026,2025-9,2025-11-20,Maritime Crime,Robbery/ Theft,4,Maritime,Straits of Malacca & Singapore,,"Approximately 4 nm off Tanjung Sengkuang (Indonesia), in the eastbound lane of the TSS",1.236,103.974333,HK Tug 9 & LKH 7887,,TUG BOAT & BARGE,,"While the tug boat towing barge was underway, three perpetrators in four sampans came alongside and removed scrap metal from the towed barge. The crew was not injured, and no assistance was required. The tug boat and barge were en route from Singapore to Vietnam. Safety broadcast on anti-piracy watch was initiated to warn all vessels to maintain a vigilant watch at all times in the SS. The RSN’s MSTF and Singapore PCG were notified of the incident.",,,,While Sailing,,,,https://www.recaap.org/alerts,Needs canonical event resolution,Flag: SINGAPORE
OBS_000330,,recaap_incidents_2024_2026,2025-11,2025-11-16,Maritime Crime,Robbery/ Theft,4,Maritime,Straits of Malacca & Singapore,,"Approximately 6 nm off Pulau Cula (Indonesia), in the eastbound lane of the TSS",1.067667,103.614167,Pedhoulas Fighter,,BULK CARRIER,,"While underway, the crew discovered that the padlock leading to the engine room store was found broken. Some footprints were also sighted in the engine room. A search onboard was conducted, with no sighting of perpetrators. All crew members were accounted for, with no injury reported. Some engine spare parts and fire hydrant nozzles were stolen from the engine room store. The ship subsequently anchored at Eastern Bunkering Bravo and the master reported the incident to Singapore VTIS. Safety broadcast on anti-piracy watch was initiated to alert all mariners. The RSN’s MSTF and Singapore PCG were notified of the incident. Information of the incident was shared with the Indonesian authorities. Singapore PCG subsequently boarded the ship for security search, with no perpetrators found onboard.",,,,While Sailing,,,,https://www.recaap.org/alerts,Needs canonical event resolution,Flag: CYPRUS
OBS_000331,,recaap_incidents_2024_2026,2025-10,2025-11-16,Maritime Crime,Robbery/ Theft,3,Maritime,Straits of Malacca & Singapore,,"Approximately 2.4 nm off Pulau Cula (Indonesia), in the eastbound lane of the TSS",1.075,103.708333,Fairchem Mako,,CHEMICAL TANKER,,"While underway, two perpetrators armed with swords were sighted by ship crew in the engine room. Upon seeing the crew, the perpetrators immediately ran out to the poop deck and escaped. The master raised the general alarm and ship crew was mustered. A search onboard was conducted, with no further sighting of perpetrators. All crew members were accounted for, with no injury reported. Some auxiliary further engine spare parts were reported missing. No assistance was required. The master reported the incident to Singapore VTIS. Safety broadcast on anti-piracy watch was initiated to alert all mariners. The RSN’s MSTF and Singapore PCG were notified of the incident. Information of the incident was shared with the Indonesian authorities.",,,,While Sailing,,,,https://www.recaap.org/alerts,Needs canonical event resolution,Flag: MARSHALL ISLANDS
OBS_000332,,recaap_incidents_2024_2026,2025-12,2025-11-14,Maritime Crime,Robbery/ Theft,4,Maritime,Indonesia (Ports/Anchorages),,"Belawan Anchorage, Indonesia",3.931667,98.753333,Solar Roma,,CHEMICAL TANKER,,"At Anchor While at anchor, the Officer of the Watch (OOW) was on the bridge conducting routine anchorage checks, when he sighted three unauthorised persons exiting the Bosun's store. The OOW raised the alarm and the crew was mustered, resulting in the perpetrators escaping. The perpetrators were dressed fully in black, one of them was wearing white gloves. They appear to be slim, athletic build and descended easily using rope to disembark from the ship. The crew conducted a search and it was discovered that the padlock of the Bosun's Store had been broken and the store accessed. Some of the ship’s stores were stolen. The crew was not injured.",,,,,,,,https://www.recaap.org/alerts,Needs canonical event resolution,Flag: LIBERIA
OBS_000333,,recaap_incidents_2024_2026,2025-13,2025-10-16,Maritime Crime,Robbery/ Theft,3,Maritime,Straits of Malacca & Singapore,,"Approximately 7.3 nm off Pulau Cula (Indonesia), in the eastbound lane of the TSS",1.075,103.595,Power Globe,,BULK CARRIER,,"While underway, two perpetrators armed with knives were sighted by the crew in the steering gear room. Upon seeing the crew, the perpetrators escaped immediately. The master raised the general alarm and the crew was mustered. A search onboard was conducted, with no perpetrators found onboard. All crew members were accounted for, with no injury reported. No further assistance was required. The master reported the incident to Singapore VTIS West. Safety broadcast on anti-piracy watch was initiated to warn all vessels to maintain a vigilant watch at all times in the SS. The RSN’s MSTF and Singapore PCG were notified of the incident. Information of the incident was shared with the Indonesian authorities. Singapore PCG subsequently boarded the ship for investigation and security search. Some engine spares were reported missing.",,,,While Sailing,,,,https://www.recaap.org/alerts,Needs canonical event resolution,Flag: CYPRUS
OBS_000334,,recaap_incidents_2024_2026,2025-14,2025-09-30,Maritime Crime,Robbery/ Theft,3,Maritime,Straits of Malacca & Singapore,,"Approximately 4.4 nm off Pulau Cula (Indonesia), in the eastbound lane of the TSS",1.055833,103.6405,Delta Maria,,CRUDE OIL TANKER,,"While underway, three perpetrators had tied up the oiler in the engine room, who witnessed that the perpetrators took some engine spares before they escaped. The oiler managed to free himself and notified the master. The master raised general alarm and mustered all crew. A search was conducted without finding any perpetrators. All crew were accounted for and safe. Some engine spares were stolen. The master reported the incident to Singapore VTIS West. Safety broadcast on anti-piracy watch was initiated to warn all vessels to maintain a vigilant watch at all times in the SS. The RSN and Singapore PCG were notified of the incident. Information of the incident was shared with the Indonesian authorities.",,,,While Sailing,,,,https://www.recaap.org/alerts,Needs canonical event resolution,Flag: MALTA
OBS_000335,,recaap_incidents_2024_2026,2025-15,2025-09-23,Maritime Crime,Robbery/ Theft,4,Maritime,Philippines (Ports/Anchorages),,"Batangas Anchorage, Philippines",13.762667,120.984167,Vivit Arabia LNG,,LNG,,"crew on patrol spotted two perpetrators near the forecastle area and reported to the bridge immediately. Upon being discovered, the perpetrators escaped from the ship. A subsequent inspection revealed that two fire hoses and two portable embarkation ladder lights were stolen. The crew was not injured. The master reported the incident to the Philippine VTIS. Upon reviewing the CCTV footage, it was confirmed that the two perpetrators had boarded the ship through the anchor hawse pipe. After boarding, they remained in the forecastle area, where they stole the equipment.",,,,"At Anchor While at anchor, a deck",,,,https://www.recaap.org/alerts,Needs canonical event resolution,Flag: LIBERIA
OBS_000336,,recaap_incidents_2024_2026,2025-16,2025-09-19,Maritime Crime,Robbery/ Theft,3,Maritime,Indonesia (Ports/Anchorages),,"Tanjung Priok Port, Indonesia",-6.1,106.883333,Ken Ann,,BULK CARRIER,,"While at berth, a crew member was patrolling the deck when he saw three perpetrators armed with knives emerging onto the deck. The crew member sounded the alarm immediately and notified the local authorities. Upon realising the crew was alerted, the perpetrators escaped immediately. A search was conducted onboard and two padlocks on the weather tight doors were found broken. Generator parts were stolen. The crew was not injured. It was later confirmed that another three perpetrators had also boarded the ship, and stole several pieces of timber lashing materials from the deck crane store. These were later recovered and returned to the ship by the authorities, who also arrested three of the perpetrators.",,,,At Berth,,,,https://www.recaap.org/alerts,Needs canonical event resolution,Flag: PANAMA
OBS_000337,,recaap_incidents_2024_2026,2025-17,2025-09-17,Maritime Crime,Robbery/ Theft,4,Maritime,Indonesia (Ports/Anchorages),,"Balongan Anchorage, Indonesia",-6.215,108.461667,Athens Spirit,,TANKER,,"At Anchor While at anchor, the 1st Assistant Engineer observed three unidentified individuals exiting the engine room through the internal door leading to the steering gear room. The Duty watchkeeper then notified the Master who raised the general alarm. The intruders then fled the vessel by jumping overboard from the poop deck and escaped via a high speed craft. All crew were mustered and a comprehensive inspection was conducted onboard the vessel. There was no injury to crew but some stores were stolen.",,,,,,,,https://www.recaap.org/alerts,Needs canonical event resolution,Flag: BAHAMAS
OBS_000338,,recaap_incidents_2024_2026,2025-18,2025-09-14,Maritime Crime,Robbery/ Theft,4,Maritime,Philippines (Ports/Anchorages),,"Vicinity waters off Barangay Wawa, Batangas City, Philippines",13.733333,121.039667,Super Shuttle Ferry 18,,PASSENGER VESSEL,,"At Anchor While at anchor, the ship Master reported to Philippine Coast Guard (PCG) and Coast Guard Station (CGS) Batangas that unidentified men were seen boarding the vessel. CGS Batangas in coordination with Philippine National Police Maritime Group (PNP-MG) immediately responded to the distress call by the ship Master. While in the area, the Team intercepted a fishing banca with two individuals on board. The individuals were found in possession of the emergency generator spare parts, which had been originally located on the vessel's first deck. The two individuals were immediately apprehended. CGS Batangas together with Coast Guard Investigation and Detection Management Service, and representative from the Asian Marine Transport Corporation proceeded to the city prosecutor's office, and promptly coordinated with the city prosecutor for filing of the perpetrators.",,,,,,,,https://www.recaap.org/alerts,Needs canonical event resolution,Flag: PHILIPPINES
OBS_000339,,recaap_incidents_2024_2026,2025-19,2025-09-10,Maritime Crime,Robbery/ Theft,4,Maritime,Malaysia (Ports/Anchorages),,"Sepangar Bay Anchorage, Kota Kinabalu Port, Malaysia",6.027833,116.066833,Verity,,PETROLEUM/ CHEMICAL TANKER,,"At Anchor While at anchor, the duty A/B noticed one perpetrator at the main deck forward port near the paint store area. The duty A/B alerted the bridge, and the alarm was raised and crew mustered. Realising the crew was alerted, the perpetrator jumped back to a small boat with motor engine, which was piloted by another perpetrator, and escaped. The crew was safe with no injuries reported. Nothing was stolen. The master reported to Kota Kinabalu Port Control and the Malaysia Coast Guard conducted an investigation on the incident.",,,,,,,,https://www.recaap.org/alerts,Needs canonical event resolution,Flag: MALAYSIA
OBS_000340,,recaap_incidents_2024_2026,2025-20,2025-08-28,Maritime Crime,Robbery/ Theft,4,Maritime,Straits of Malacca & Singapore,,"Approximately 4.2 nm off Pulau Cula (Indonesia), in the eastbound lane of the TSS",1.051,103.642167,Georgitsi,,BULK CARRIER,,"While underway, three unarmed perpetrators were sighted in the engine room. The ship’s general alarm was activated and the crew mustered. The perpetrators escaped upon being discovered. A security search was conducted, with no perpetrators found onboard and nothing was stolen. All crew members were accounted for, with no injury reported. The ship was en route from Brazil to Singapore. The incident was reported to Singapore VTIS West. Safety broadcasts on anti-piracy watch were initiated to warn all vessels to maintain a vigilant watch at all times in the SS. The RSN's MSTF and Singapore PCG were notified of the incident. Information of the incident was shared with the Indonesian authorities. Upon arrival in Singapore, Singapore PCG boarded the ship for investigation, with no perpetrators found onboard.",,,,While Sailing,,,,https://www.recaap.org/alerts,Needs canonical event resolution,Flag: MARSHALL ISLANDS
OBS_000341,,recaap_incidents_2024_2026,2025-21,2025-08-03,Maritime Crime,Robbery/ Theft,4,Maritime,Straits of Malacca & Singapore,,"Approximately 3 nm off Pulau Nongsa (Indonesia), in the eastbound lane of the TSS",1.223167,103.987833,HK Tug 8 & LKH 2882,,TUG BOAT & BARGE,,"While the tug boat towing barge loaded with scrap metal was underway, 10 perpetrators in nine sampans came alongside the barge and removed some scrap metal from its deck. The crew was not injured. The tug boat and barge were en route from Singapore to Phu My, Vietnam. The incident was reported to Singapore VTIS East.",,,,While Sailing,,,,https://www.recaap.org/alerts,Needs canonical event resolution,Flag: SINGAPORE
OBS_000342,,recaap_incidents_2024_2026,2025-22,2025-07-10,Maritime Crime,Robbery/ Theft,4,Maritime,Bangladesh (Ports/Anchorages),,"Chittagong 'C' Anchorage, Bangladesh",22.133333,91.73,MV Kalolimnos,,LPG,,"At Anchor While at anchor, six to seven perpetrators boarded the ship via climbing the rope and attempted to enter the bosun store in forecastle area. Upon noticing the perpetrators, the watchman sounded the general alarm and all crew members were mustered. The perpetrators then escaped empty- handed in a boat. Bangladesh Coast Guard (BCG) later arrested the perpetrators and handed them over to the local police. BCG verified that no items were stolen and the crew was not injured.",,,,,,,,https://www.recaap.org/alerts,Needs canonical event resolution,Flag: LIBERIA
OBS_000343,,recaap_incidents_2024_2026,2025-23,2025-07-09,Maritime Crime,Robbery/ Theft,4,Maritime,Straits of Malacca & Singapore,,"Approximately 1.8 nm off Pulau Cula (Indonesia), in the eastbound lane of the TSS",1.06,103.688667,Torm Elizabeth,,TANKER,,"While underway, the crew spotted a blue wooden boat alongside port quarter of ship. The master raised the alarm and the crew mustered. Upon hearing the alarm, six perpetrators were observed escaping into the boat. A security search was conducted, with no perpetrators found onboard. The padlocks for the deck store, steering gear room and engine casing were found broken. Some items of ship stores were stolen. The crew was not injured. The incident was reported to Singapore Port Operations Control Centre (POCC). Safety broadcasts on anti-piracy watch were initiated to warn all vessels to maintain a vigilant watch at all times in the SS. The RSN’s MSTF was notified of the incident. Information of the incident was shared with the Indonesian authority.",,,,While Sailing,,,,https://www.recaap.org/alerts,Needs canonical event resolution,Flag: DENMARK
OBS_000344,,recaap_incidents_2024_2026,2025-24,2025-07-08,Maritime Crime,Robbery/ Theft,4,Maritime,Straits of Malacca & Singapore,,"Approximately 1.8 nm off Batu Berhanti Light (Indonesia), in the eastbound lane of the TSS",1.182667,103.854,Tasco Sakorn,,TANKER,,"While underway, the 2nd Engineer discovered the aft door behind the galley was ajar. Upon entering the engine room, he found that engine stores and spare parts were missing. The crew did a thorough security search, but no perpetrators were found onboard, and no suspicious crafts sighted in the vicinity. All crew members were accounted for, with no Internal investigation suggests that injury reported. perpetrators may have boarded the ship via the skylight hatch located at the poop deck portside provision hatch, and escaped through the aft door. The incident was reported to Maritime and Port Authority of Singapore (MPA).",,,,While Sailing,,,,https://www.recaap.org/alerts,Needs canonical event resolution,Flag: SINGAPORE
OBS_000345,,recaap_incidents_2024_2026,2025-26,2025-07-07,Maritime Crime,Robbery/ Theft,4,Maritime,Straits of Malacca & Singapore,,"Approximately 2.5 nm off Pulau Cula (Indonesia), in the eastbound lane of the TSS",1.0635,103.682833,CMA CGM Fort James,,CONTAINER SHIP,,"While underway, the A/B was doing his security patrol when he noticed the padlock on aft station starboard side was damaged. A search was conducted, with no perpetrators found onboard. Subsequent review of CCTV footage revealed that six perpetrators had boarded the ship from starboard aft station. They escaped from the ship about 10 min later. The incident was reported to Singapore POCC. Safety broadcasts on anti-piracy watch were initiated to warn all vessels to maintain a vigilant watch at all times in the SS. The RSN’s MSTF and Singapore PCG were notified of the incident. Information of the incident was shared with the Indonesian authority. Singapore PCG boarded the ship for investigation, and confirmed that all crew members were accounted for, with no injury reported, and nothing was stolen.",,,,While Sailing,,,,https://www.recaap.org/alerts,Needs canonical event resolution,Flag: FRANCE
OBS_000346,,recaap_incidents_2024_2026,2025-25,2025-07-07,Maritime Crime,Robbery/ Theft,4,Maritime,Straits of Malacca & Singapore,,"Approximately 4.9 nm off Pulau Cula (Indonesia), in the eastbound lane of the TSS",1.063167,103.633333,Star Laura,,BULK CARRIER,,"While underway, three perpetrators were sighted in the engine room. The ship’s general alarm was activated and crew mustered. Upon realising the crew was alerted, the perpetrators escaped immediately. A search was conducted, with no perpetrators found onboard. All crew members were safe, with no injury reported. The ship was en route from Brazil to Singapore. The incident was reported to Singapore VTIS West. Safety broadcasts on anti-piracy watch were initiated to warn all vessels to maintain a vigilant watch at all times in the SS. The RSN’s MSTF and Singapore PCG were notified of the incident. Information of the incident was shared with the Indonesian authority. Upon arrival in Singapore, Singapore PCG boarded the ship for investigation and confirmed that nothing was stolen.",,,,While Sailing,,,,https://www.recaap.org/alerts,Needs canonical event resolution,Flag: MARSHALL ISLANDS
OBS_000347,,recaap_incidents_2024_2026,2025-29,2025-07-06,Maritime Crime,Robbery/ Theft,3,Maritime,Straits of Malacca & Singapore,,"Approximately 3.2 nm off Pulau Cula (Indonesia), in the eastbound lane of the TSS",1.046833,103.658833,AL Lulu,,BULK CARRIER,,"While underway, five perpetrators, of which four were armed with knives and one was armed with a gun-like object, were sighted in the engine room. The ship’s general alarm was activated and crew mustered. A search was conducted, with no perpetrators found onboard. All crew members were accounted for and safe, with no injury reported. The master confirmed no further assistance was required, and resumed its voyage to Singapore. The incident was reported to Singapore VTIS West. Safety broadcasts on anti-piracy watch were initiated to warn all vessels to maintain a vigilant watch at all times in the SS. The RSN’s MSTF and Singapore PCG were notified of the incident. Information of the incident was shared with the Indonesian authority. Upon arrival in Singapore, Singapore PCG boarded the ship for investigation and confirmed that some engine spare parts were stolen.",,,,While Sailing,,,,https://www.recaap.org/alerts,Needs canonical event resolution,Flag: MARSHALL ISLANDS
OBS_000348,,recaap_incidents_2024_2026,2025-28,2025-07-06,Maritime Crime,Robbery/ Theft,4,Maritime,Straits of Malacca & Singapore,,"Approximately 3.7 nm off Pulau Cula (Indonesia), in the eastbound lane of the TSS",1.045,103.655,Kota Nabil,,CONTAINER SHIP,,"While underway, three perpetrators were sighted near Bay 34 on the port side of the ship. The ship’s general alarm was activated and crew mustered promptly. Upon realising the crew was alerted, the perpetrators escaped immediately. A search was conducted, with no perpetrators found onboard. Subsequent review of CCTV footage revealed that four perpetrators had broken the padlock leading to the steering gear room. Nothing was stolen. The incident was reported to Singapore POCC. Safety broadcasts on anti-piracy watch were initiated to warn all vessels to maintain a vigilant watch at all times in the SS. The RSN’s MSTF and Singapore PCG were notified of the incident. Singapore PCG boarded the ship for investigation, and confirmed that all crew members were accounted for, with no injury reported.",,,,While Sailing,,,,https://www.recaap.org/alerts,Needs canonical event resolution,Flag: SINGAPORE
OBS_000349,,recaap_incidents_2024_2026,2025-27,2025-07-06,Maritime Crime,Attempted,NA,Maritime,Straits of Malacca & Singapore,,"Approximately 5.6 nm off Pulau Cula (Indonesia), in the eastbound lane of the TSS",1.062833,103.622167,AL Salmi,,TANKER,,"While underway, three perpetrators were sighted attempting to board the ship from the starboard quarter. The ship’s general alarm was activated, deck lights switched on, and search light shone at the perpetrators. Upon realising the crew was alerted, the perpetrators aborted their attempt and escaped. A search was conducted, with no perpetrators found onboard. There was no confrontation with the crew and all crew members were accounted for, with no injury reported. Nothing was stolen. No assistance was required, and the ship resumed its voyage. The incident was reported to Singapore VTIS West. Safety broadcasts on anti-piracy watch were initiated to warn all vessels to maintain a vigilant watch at all times in the SS. The RSN’s MSTF and Singapore PCG were notified of the incident. Information of the incident was shared with the Indonesian authorities.",,,,While Sailing,,,,https://www.recaap.org/alerts,Needs canonical event resolution,Flag: KUWAIT
OBS_000350,,recaap_incidents_2024_2026,2025-33,2025-07-04,Maritime Crime,Robbery/ Theft,4,Maritime,Straits of Malacca & Singapore,,"Approximately 5 nm off Pulau Cula (Indonesia), in the eastbound lane of the TSS",1.1155,103.749167,Stellata,,TANKER,,"While underway, six perpetrators were sighted at the poop deck. The master raised the general alarm and mustered the crew. Upon hearing the alarm, the perpetrators jumped overboard and escaped. A search was conducted, with no perpetrators found onboard. All crew members were The master accounted for, with no injury reported. confirmed no further assistance was required, and resumed its voyage to Singapore. The incident was reported to Singapore VTIS Central. Safety broadcasts on anti-piracy watch were initiated to warn all vessels to maintain a vigilant watch at all times in the SS. The RSN’s MSTF and Singapore PCG were notified of the incident. Information of the incident was shared with the Indonesian authority. Upon arrival in Singapore, Singapore PCG boarded the ship for investigation and confirmed that nothing was stolen.",,,,While Sailing,,,,https://www.recaap.org/alerts,Needs canonical event resolution,Flag: MALTA
OBS_000351,,recaap_incidents_2024_2026,2025-32,2025-07-04,Maritime Crime,Robbery/ Theft,2,Maritime,Indonesia (Ports/Anchorages),,"Belawan Port Anchorage, Indonesia",3.9,98.766667,Nordseraphinea,,CONTAINER SHIP,,"At Anchor While at anchor, the forward watchman did not report to the bridge as instructed. The 3rd officer tried to call him but there was no reply. The 3rd officer then sent another watchman to check, who discovered that the forward watchman was threatened by four perpetrators with knife, tied up and put under mooring platform. As the second watchman went forward, the perpetrators caught and tied him too. The master raised the general alarm and crew mustered in the mess hall. Upon realising the crew was alerted, the perpetrators escaped with personal belongings of the watchmen and some ship stores. After the perpetrators left the ship, one of the watchmen managed to untie himself and help the other watchman to get free. A search onboard the ship was conducted. The crew was not injured. The master reported the incident to VTS. Two navy officers later went onboard the ship for investigation.",,,,,,,,https://www.recaap.org/alerts,Needs canonical event resolution,Flag: CYPRUS
OBS_000352,,recaap_incidents_2024_2026,2025-30,2025-07-04,Maritime Crime,Robbery/ Theft,3,Maritime,Straits of Malacca & Singapore,,"Approximately 2.5 nm off Pulau Cula (Indonesia), in the eastbound lane of the TSS",1.080833,103.715667,Modigliani,,BULK CARRIER,,"While underway, five perpetrators armed with gun-like objects were sighted at the poop deck. The ship’s general alarm was activated and crew mustered. Upon realising the crew was alerted, the perpetrators escaped immediately. A search was conducted, with no perpetrators found onboard. All crew members were accounted for, with no injury reported. The master confirmed no further assistance was required, and resumed its voyage to Singapore. The incident was reported to Singapore VTIS West. Safety broadcasts on anti-piracy watch were initiated to warn all vessels to maintain a vigilant watch at all times in the SS. The RSN’s MSTF and Singapore PCG were notified of the incident. Information of the incident was shared with the Indonesian authority. Upon arrival in Singapore, Singapore PCG boarded the ship for investigation and confirmed that nothing was stolen.",,,,While Sailing,,,,https://www.recaap.org/alerts,Needs canonical event resolution,Flag: LIBERIA
OBS_000353,,recaap_incidents_2024_2026,2025-34,2025-07-02,Maritime Crime,Robbery/ Theft,3,Maritime,Straits of Malacca & Singapore,,"Approximately 3.5 nm off Pulau Cula (Indonesia), in the eastbound lane of the TSS",1.041667,103.6525,Beagle,,BULK CARRIER,,"While underway, four perpetrators armed with knives were sighted at the starboard quarter. The master raised the alarm and crew was mustered. A security search was conducted, with no perpetrators found onboard. All crew members were The master accounted for, with no injury reported. confirmed no further assistance was required, and resumed its voyage to Singapore. The incident was reported to Singapore VTIS West. Safety broadcasts on anti-piracy watch were initiated to warn all vessels to maintain a vigilant watch at all times in the SS. The RSN’s MSTF and Singapore PCG were notified of the incident. Information of the incident was shared with the Indonesian authority. Upon arrival in Singapore, Singapore PCG boarded the ship for investigation and confirmed that nothing was stolen.",,,,While Sailing,,,,https://www.recaap.org/alerts,Needs canonical event resolution,Flag: LIBERIA
OBS_000354,,recaap_incidents_2024_2026,2025-37,2025-07-01,Maritime Crime,Robbery/ Theft,3,Maritime,Straits of Malacca & Singapore,,"Approximately 8.5 nm off Pulau Cula (Indonesia), in the eastbound lane of the TSS",1.0845,103.577333,Galateia,,BULK CARRIER,,"While underway, five perpetrators armed with gun-like sighted in the engine room. The master objects were immediately raised the general alarm and crew mustered for safety. Upon hearing the alarm, the perpetrators escaped immediately. A search was conducted, with no perpetrators found onboard. The crew was not injured. Some engine spare parts were stolen. The ship was en route from Brazil to Singapore. The incident was reported to Singapore VTIS West. Safety broadcasts on anti-piracy watch were initiated to warn all vessels to maintain a vigilant watch at all times in the SS. The RSN’s MSTF and Singapore PCG were notified of the incident. Information of the incident was shared with the Indonesian authority. Upon arrival in Singapore, Singapore PCG boarded the ship, conducted a search, and confirmed no perpetrators were onboard.",,,,While Sailing,,,,https://www.recaap.org/alerts,Needs canonical event resolution,Flag: LIBERIA
OBS_000355,,recaap_incidents_2024_2026,2025-36,2025-07-01,Maritime Crime,Robbery/ Theft,4,Maritime,Straits of Malacca & Singapore,,"Approximately 5.3 nm off Pulau Cula (Indonesia), in the eastbound lane of the TSS",1.054833,103.625167,Jal Kalash,,BULK CARRIER,,"While underway, four perpetrators were spotted at the Port Quarter. The master immediately raised the general alarm and crew mustered for safety. The perpetrators escaped immediately upon hearing the general alarm. A search was conducted, with no perpetrators found onboard. All crew members were safe and accounted for, with no injury reported. Nothing was stolen.",,,,While Sailing,,,,https://www.recaap.org/alerts,Needs canonical event resolution,Flag: SINGAPORE
OBS_000356,,recaap_incidents_2024_2026,2025-35,2025-07-01,Maritime Crime,Attempted,NA,Maritime,Straits of Malacca & Singapore,,"Approximately 3.9 nm off Pulau Cula (Indonesia), in the eastbound lane of the TSS",1.048,103.646167,Cape Race,,BULK CARRIER,,"While underway, four perpetrators were sighted at the stern, attempting to board the ship. The master immediately raised the general alarm and switched on the deck lights. Upon realising the crew had been alerted, the perpetrators escaped immediately in their boat. The crew was mustered and a search was conducted, with no perpetrators found onboard. The ship was en route from Mauritius to Singapore. The incident was reported to Singapore VTIS West. Safety broadcasts on anti-piracy watch were initiated to warn all vessels to maintain a vigilant watch at all times in the SS. The RSN’s MSTF and Singapore PCG were notified of the incident. Upon arrival in Singapore, Singapore PCG boarded the ship, conducted a search, and confirmed no perpetrators were onboard.",,,,While Sailing,,,,https://www.recaap.org/alerts,Needs canonical event resolution,Flag: CYPRUS
OBS_000357,,recaap_incidents_2024_2026,2025-38,2025-06-28,Maritime Crime,Robbery/ Theft,3,Maritime,Straits of Malacca & Singapore,,"Approximately 2.5 nm off Pulau Cula (Indonesia), in the eastbound lane of the TSS",1.0815,103.7155,CMA CGM Africa Three,,CONTAINER SHIP,,"While underway, the crew sighted five perpetrators armed in the engine room via shipboard CCTV. The with knives master raised the alarm and a security search was conducted, with no perpetrators found onboard. All crew members were accounted for, with no injury reported. The incident was reported to Singapore VTIS. Safety broadcasts on anti-piracy watch were initiated to warn all vessels to maintain a vigilant watch at all times in the SS. The RSN’s MSTF and Singapore PCG were notified of the incident. Information of the incident was shared with the Indonesian authority. Singapore PCG boarded the ship for investigation and confirmed that some engine spares were stolen.",,,,While Sailing,,,,https://www.recaap.org/alerts,Needs canonical event resolution,Flag: BAHAMAS
OBS_000358,,recaap_incidents_2024_2026,2025-39,2025-06-27,Maritime Crime,Robbery/ Theft,3,Maritime,Straits of Malacca & Singapore,,"Approximately 3.9 nm off Pulau Cula (Indonesia), in the eastbound lane of the TSS",1.095,103.730833,Tulip,,LPG,,"While underway, the crew sighted four perpetrators armed with gun-like objects in the engine room. The master raised the alarm and mustered the crew to conduct a security search. The search was completed with no perpetrators found onboard. All crew members were safe and accounted for, with no injury reported. Some engine spare parts were stolen. The master indicated that no further assistance was required, and continued her voyage to Hainan, China. The incident was reported to Singapore VTIS West. Safety broadcasts on anti-piracy watch were initiated to warn all vessels to maintain a vigilant watch at all times in the SS. The RSN’s MSTF and Singapore PCG were notified of the incident. Information of the incident was shared with the Indonesian authority.",,,,While Sailing,,,,https://www.recaap.org/alerts,Needs canonical event resolution,Flag: CAMEROON
OBS_000359,,recaap_incidents_2024_2026,2025-40,2025-06-23,Maritime Crime,Robbery/ Theft,3,Maritime,Straits of Malacca & Singapore,,"Approximately 2.5 nm off Pulau Cula (Indonesia), in the eastbound lane of the TSS",1.06,103.683333,Theresa,,PETROLEUM/ CHEMICAL TANKER,,"While underway, four perpetrators armed with knives were sighted in the engine room. The ship’s general alarm was immediately activated and a search was conducted, with no perpetrators found onboard. All crew members were safe and accounted for, with no injury reported. Three paint drums were stolen. The incident was reported to Singapore POCC. Upon arrival in Singapore, Singapore PCG boarded the ship, conducted a search and confirmed no perpetrators were onboard.",,,,While Sailing,,,,https://www.recaap.org/alerts,Needs canonical event resolution,Flag: SINGAPORE
OBS_000360,,recaap_incidents_2024_2026,2025-41,2025-06-19,Maritime Crime,Robbery/ Theft,4,Maritime,India (Ports/Anchorages),,"Kakinada Anchorage, India",17.005,82.325167,MV GH Pathfinder,,OFFSHORE SUPPLY VESSEL,,"At Anchor While at anchor, 12 unarmed perpetrators boarded the ship via a fishing boat. The crew was not injured and nothing was stolen. The incident was reported to the coastal State and an Indian Coast Guard ship was deployed. Five perpetrators were apprehended and handed over to local Port Police Station.",,,,,,,,https://www.recaap.org/alerts,Needs canonical event resolution,Flag: ANTIGUA & BARBUDA
OBS_000361,,recaap_incidents_2024_2026,2025-42,2025-06-18,Maritime Crime,Robbery/ Theft,4,Maritime,Straits of Malacca & Singapore,,"Approximately 1.18 nm off Helen Mar Reef, Racon M (Indonesia), in the eastbound lane of the TSS",1.135,103.758333,Queen,,BULK CARRIER,,"While underway, the crew sighted five perpetrators on the stern deck. The master immediately raised the general alarm and mustered all crew. A search was conducted, with no perpetrators found onboard. All crew members were accounted for, with no injury reported. Nothing was stolen. The ship was scheduled to arrive at Singapore Pilot Eastern Boarding Ground “B” (PEBGB) to anchor at Eastern Bunkering B Anchorage (AEBB). The incident was reported to Singapore VTIS. Safety broadcasts on anti-piracy watch were initiated to warn all vessels to maintain a vigilant watch at all times in the SS. The RSN’s MSTF and Singapore PCG were notified of the incident. Information of the incident was shared with the Indonesian authority. Upon arrival at anchorage, Singapore PCG boarded the ship, conducted a search and confirmed no perpetrators were onboard. The crew reported that the starboard concertina wires were cut and was a possible entry point for the perpetrators.",,,,While Sailing,,,,https://www.recaap.org/alerts,Needs canonical event resolution,Flag: MARSHALL ISLANDS
OBS_000362,,recaap_incidents_2024_2026,2025-43,2025-06-17,Maritime Crime,Robbery/ Theft,4,Maritime,Straits of Malacca & Singapore,,"Approximately 2.4 nm off Pulau Cula (Indonesia), in the eastbound lane of the TSS",1.053667,103.673,Lirica,,TANKER,,"While underway, four perpetrators were sighted on the stern deck. A search was conducted, with no perpetrators found onboard. All crew members were accounted for, with no injury reported. Nothing was stolen. No further assistance was required, and the ship resumed its voyage to Singapore PEBGB. The incident was reported to Singapore VTIS West. Safety broadcasts on anti-piracy watch were initiated to warn all vessels to maintain a vigilant watch at all times in the SS. The RSN’s MSTF and Singapore PCG were notified of the incident. Information of the incident was shared with the Indonesian authority. Upon arrival at anchorage, Singapore PCG boarded the ship, conducted a search and confirmed no perpetrators were onboard.",,,,While Sailing,,,,https://www.recaap.org/alerts,Needs canonical event resolution,Flag: LIBERIA
OBS_000363,,recaap_incidents_2024_2026,2025-44,2025-06-16,Maritime Crime,Robbery/ Theft,4,Maritime,Straits of Malacca & Singapore,,"Approximately 2.1 nm off Pulau Iyu Kecil (Indonesia), in the eastbound lane of the TSS",1.202333,103.385667,Sinar Sigli,,CONTAINER SHIP,,"While underway, the bosun discovered that the lock on the deck store was broken. A search was conducted, with no perpetrators found on board. All crew members were accounted for, with no injury reported. Some ship stores including one set of Self Contained Breathing Apparatus (SCBA), one unit of compressor for SCBA bottle recharge and two units of radio transceiver were missing. The master reported the incident to Singapore POCC via email on 17 Jun 2025. The ship was en route from Port Klang, Malaysia to Laem Chabang, Thailand.",,,,While Sailing,,,,https://www.recaap.org/alerts,Needs canonical event resolution,Flag: LIBERIA
OBS_000364,,recaap_incidents_2024_2026,2025-46,2025-06-15,Maritime Crime,Robbery/ Theft,3,Maritime,Straits of Malacca & Singapore,,"Approximately 5.1 nm off Pulau Cula (Indonesia), in the eastbound lane of the TSS",1.053833,103.628,Greek Seas,,BULK CARRIER,,"While underway, six perpetrators armed with knives and a gun-like object were sighted in the engine room. The master raised the general alarm and crew mustered for safety. Upon hearing the alarm, the perpetrators escaped immediately. A search was conducted, with no perpetrators found onboard. The ship was en route from Mozambique to Singapore. The incident was reported to Singapore VTIS West. Safety broadcasts on anti-piracy watch were initiated to warn all vessels to maintain a vigilant watch at all times in the SS. The RSN’s MSTF and Singapore PCG were notified of the incident. Information of the incident was shared with the Indonesian authority. Upon arrival in port, Singapore PCG boarded the ship, conducted a search and confirmed no perpetrators were onboard. All crew members were safe and accounted for, and nothing was stolen.",,,,While Sailing,,,,https://www.recaap.org/alerts,Needs canonical event resolution,Flag: LIBERIA
OBS_000365,,recaap_incidents_2024_2026,2025-45,2025-06-14,Maritime Crime,Robbery/ Theft,3,Maritime,Straits of Malacca & Singapore,,"Approximately 8.6 nm off Pulau Iyu Kecil (Indonesia), in the eastbound lane of the TSS",1.138,103.4865,Aanya,,BULK CARRIER,,"While underway, five perpetrators armed with long knives boarded the ship. The crew only realised that the ship was boarded after reviewing its security footage on 17 Jun 2025 at 1300 hrs as part of routine inspection. One portable SCBA compressor was reported stolen.",,,,While Sailing,,,,https://www.recaap.org/alerts,Needs canonical event resolution,Flag: PANAMA
OBS_000366,,recaap_incidents_2024_2026,2025-48,2025-06-13,Maritime Crime,Robbery/ Theft,3,Maritime,Straits of Malacca & Singapore,,"Approximately 4.3 nm off Pulau Cula (Indonesia), in the eastbound lane of the TSS",1.108333,103.735,KSL Seattle,,BULK CARRIER,,"While underway, three perpetrators armed with knives were sighted in the engine room. The crew conducted a search, with no perpetrators found onboard. The crew was not injured. Nothing was stolen. The incident was reported to Singapore VTIS Central. Safety broadcasts on anti-piracy watch were initiated to warn all vessels to maintain a vigilant watch at all times in the SS. The RSN’s MSTF and Singapore PCG were notified of the incident. Information of the incident was shared with the Indonesian authority.",,,,While Sailing,,,,https://www.recaap.org/alerts,Needs canonical event resolution,"Flag: HONG KONG, CHINA"
OBS_000367,,recaap_incidents_2024_2026,2025-47,2025-06-13,Maritime Crime,Robbery/ Theft,3,Maritime,Straits of Malacca & Singapore,,"Approximately 2.2 nm off Pulau Cula (Indonesia), in the eastbound lane of the TSS",1.076667,103.706667,Themir,,CHEMICAL TANKER,,"While underway, eight perpetrators armed with knives were sighted in the engine room. The general alarm was raised and crew mustered on the bridge. A search was conducted, with no perpetrators found onboard. The crew was not injured. Nothing was stolen. No assistance was required, and the ship resumed her voyage to China. The incident was reported to Singapore VTIS. Safety broadcasts on anti-piracy watch were initiated to warn all vessels to maintain a vigilant watch at all times in the SS. The RSN’s MSTF and Singapore PCG were notified of the incident. Information of the incident was shared with the Indonesian authority.",,,,While Sailing,,,,https://www.recaap.org/alerts,Needs canonical event resolution,Flag: PANAMA
OBS_000368,,recaap_incidents_2024_2026,2025-49,2025-06-12,Maritime Crime,Robbery/ Theft,3,Maritime,Straits of Malacca & Singapore,,"Approximately 4.2 nm off Pulau Cula (Indonesia), in the eastbound lane of the TSS",1.105,103.746667,Bonneville,,BULK CARRIER,,"While underway, six perpetrators armed with knives and gun-like objects were sighted in the engine room. The general alarm was raised, crew mustered, and a search was conducted, with no perpetrators found onboard. The incident was reported to Singapore VTIS. Safety broadcasts on anti-piracy watch were initiated to warn all vessels to maintain a vigilant watch at all times in the SS. The RSN’s MSTF and Singapore PCG were notified of the incident. Information of the incident was shared with the Indonesian authority. Singapore PCG boarded the ship upon its arrival, conducted a search and confirmed no perpetrators were onboard. The crew was not injured. Some engine spares were reported stolen.",,,,While Sailing,,,,https://www.recaap.org/alerts,Needs canonical event resolution,Flag: MARSHALL ISLANDS
OBS_000369,,recaap_incidents_2024_2026,2025-50,2025-06-07,Maritime Crime,Robbery/ Theft,4,Maritime,Straits of Malacca & Singapore,,"Approximately 3.8 nm off Pulau Nongsa (Indonesia), in the eastbound lane of the TSS",1.2435,104.031333,HK Tug 9 & LKH 7887,,TUG BOAT & BARGE,,"While underway, the crew of the tug boat saw three boats on the port side of barge, four boats on the starboard side, and one boat at the rear. Each boat had three to four perpetrators, with approximately 14 perpetrators boarding the barge. The perpetrators escaped when the general alarm was raised. Some scrap metal was reported stolen. All crew members were accounted for and not injuries reported. The incident was reported to Singapore POCC.",,,,While Sailing,,,,https://www.recaap.org/alerts,Needs canonical event resolution,Flag: SINGAPORE
OBS_000370,,recaap_incidents_2024_2026,2025-54,2025-06-05,Maritime Crime,Robbery/ Theft,4,Maritime,Straits of Malacca & Singapore,,"Approximately 5.3 nm off Pulau Cula (Indonesia), in the eastbound lane of the TSS",1.0575,103.624667,Ausone,,BULK CARRIER,,"While underway, three perpetrators were sighted at the aft station. The general alarm was raised and the crew mustered. Realising that the crew had been alerted, the perpetrators escaped immediately. A thorough search was conducted, with no perpetrators found onboard. All crew members were accounted for, with no injury reported. Nothing was stolen. The incident was reported to Singapore VTIS. Safety broadcasts on anti-piracy watch were initiated to warn all vessels to maintain a vigilant watch at all times in the SS. The RSN’s MSTF and Singapore PCG were notified of the incident. Information of the incident was shared with the Indonesian authority.",,,,While Sailing,,,,https://www.recaap.org/alerts,Needs canonical event resolution,Flag: MARSHALL ISLANDS
OBS_000371,,recaap_incidents_2024_2026,2025-53,2025-06-05,Maritime Crime,Robbery/ Theft,2,Maritime,Straits of Malacca & Singapore,,"Approximately 5.2 nm off Pulau Cula (Indonesia), in the eastbound lane of the TSS",1.065167,103.628333,Densa Shark,,BULK CARRIER,,"While underway, an engineer officer sighted seven perpetrators, with at least one armed with a long knife, in the engine room. The general alarm was raised immediately and all crew members mustered in the engine control room. All crew members were accounted for, with no injury reported. The incident was reported to Singapore VTIS West. Safety broadcasts on anti-piracy watch were initiated to warn all vessels to maintain a vigilant watch at all times in the SS. The RSN’s MSTF and Singapore PCG were notified of the incident. Information of the incident was shared with the Indonesian authority. The Singapore PCG boarded the ship off AEBB and conducted a search, with no perpetrators found onboard. Investigation revealed that generator spare parts were stolen, and a crew member had been restrained by the perpetrators during the incident.",,,,While Sailing,,,,https://www.recaap.org/alerts,Needs canonical event resolution,Flag: MALTA
OBS_000372,,recaap_incidents_2024_2026,2025-56,2025-06-03,Maritime Crime,Robbery/ Theft,4,Maritime,Straits of Malacca & Singapore,,"Approximately 3.3 nm off Pulau Cula (Indonesia), in the eastbound lane of the TSS",1.066667,103.668333,Cape Elianto,,BULK CARRIER,,"While underway, the crew on patrol sighted a perpetrator boarding the ship through the barb wire on the aft deck. The crew alerted the bridge and general alarm was raised. The perpetrator immediately jumped overboard and escaped in a boat, with another five perpetrators. A search was conducted, with no perpetrator found onboard. All crew members were safe and accounted for. Nothing was stolen.",,,,While Sailing,,,,https://www.recaap.org/alerts,Needs canonical event resolution,Flag: SINGAPORE
OBS_000373,,recaap_incidents_2024_2026,2025-55,2025-06-03,Maritime Crime,Robbery/ Theft,3,Maritime,Straits of Malacca & Singapore,,"Approximately 9 nm off Pulau Cula (Indonesia), in the eastbound lane of the TSS",1.084833,103.5675,Successor,,BULK CARRIER,,"While underway, six perpetrators armed with knives were sighted in the engine room. The master immediately raised the general alarm and mustered the crew for safety. A thorough search was conducted with no further sighting of the perpetrators onboard. The crew was not injured. Nothing was reported stolen. The incident was reported to Singapore VTIS Central. Safety broadcasts on anti-piracy watch were initiated to warn all vessels to maintain a vigilant watch at all times in the SS. The RSN’s MSTF and Singapore PCG were notified of the incident. Information of the incident was shared with the Indonesian authorities.",,,,While Sailing,,,,https://www.recaap.org/alerts,Needs canonical event resolution,Flag: CYPRUS
OBS_000374,,recaap_incidents_2024_2026,2025-57,2025-06-01,Maritime Crime,Robbery/ Theft,2,Maritime,Bangladesh (Ports/Anchorages),,"Chittagong Anchorage B, Bangladesh",22.221833,91.74,Name withheld,,BULK CARRIER,,"At Anchor While at anchor, 10 perpetrators armed with knives boarded the ship, and entered the forward storeroom. The alarm was raised and crew mustered. Hearing the alarm and seeing the crew's alertness, the perpetrators escaped with stolen ship incident was stores. The crew members were safe. The reported to port control.",,,,,,,,https://www.recaap.org/alerts,Needs canonical event resolution,Flag: LIBERIA
OBS_000375,,recaap_incidents_2024_2026,2025-59,2025-05-30,Maritime Crime,Robbery/ Theft,4,Maritime,Straits of Malacca & Singapore,,"Approximately 6.4 nm off Tanjung Tondong (Indonesia), in the eastbound lane of the TSS",1.261667,104.238333,Jin Hwa 47 & Jin Hwa 48,,TUG BOAT & BARGE,,"While underway, the master of the tug boat reported that one perpetrator had boarded the barge it was towing from a small boat. The master requested assistance from Singapore PCG to assist with the search of their barge. Singapore PCG later boarded and searched the barge, with no perpetrator found onboard. All crew members were accounted for, with no injury reported. The crew of the tug boat was unable to determine whether anything was stolen. The incident was reported to Singapore POCC. Safety broadcasts on anti-piracy watch were initiated to warn all vessels to maintain a vigilant watch at all times in the SS. The RSN’s MSTF and Singapore PCG was notified of the incident. Information of the incident was shared with the Indonesian authority.",,,,While Sailing,,,,https://www.recaap.org/alerts,Needs canonical event resolution,Flag: MALAYSIA
OBS_000376,,recaap_incidents_2024_2026,2025-58,2025-05-30,Maritime Crime,Robbery/ Theft,4,Maritime,Indonesia (Seas/Straits),,"Approximately 12 nm off Jakarta, Indonesia",-5.876667,106.806667,Powan,,BULK CARRIER,,"A review of CCTV footage revealed that, while drifting, three unarmed perpetrators boarded the ship from the aft port side without being noticed. The perpetrators broke into the emergency escape trunk, the steering gear room, and entered the engine room. They left the ship with some engine spares via the same route. The AB reported that the padlocks for the Emergency Escape Trunk and Steering Gear Room were broken and missing, and the Steering Gear Room door was found open. The duty officer immediately raised the alarm and the crew mustered for a security search. No perpetrators were found onboard. The crew was not injured.",,,,While Sailing,,,,https://www.recaap.org/alerts,Needs canonical event resolution,"Flag: HONG KONG, CHINA"
OBS_000377,,recaap_incidents_2024_2026,2025-61,2025-05-28,Maritime Crime,Robbery/ Theft,2,Maritime,Bangladesh (Ports/Anchorages),,"Chittagong Inner Anchorage B, Bangladesh",22.255,91.716667,Mount ASO,,BULK CARRIER,,"At Anchor While at anchor, five perpetrators armed with long knives boarded the ship from astern and another two perpetrators waited in a small wooden boat (unlit). The perpetrators broke the padlock of the oxygen cylinder room and stole six oxygen cylinders. The duty crew was threatened by the perpetrator with metal. No injury was reported. The ship enhanced the security watch and hardened all deck mast house with additional welding. The master reported the incident to the local authority through the agents.",,,,,,,,https://www.recaap.org/alerts,Needs canonical event resolution,"Flag: HONG KONG, CHINA"
OBS_000378,,recaap_incidents_2024_2026,2025-60,2025-05-28,Maritime Crime,Robbery/ Theft,4,Maritime,Vietnam (Ports/Anchorages),,"Ho Chi Minh I- 19 Anchorage, Vietnam",10.218333,107.011667,KMTC Singapore,,CONTAINER SHIP,,"At Anchor While at anchor, two perpetrators were sighted near the forecastle. Noted that they had been discovered, the perpetrators escaped quickly by climbing down via a rope. The crew was not injured. Some unsecured items (fire nozzles, fire hydrant caps, fire hoses and deck air-valve caps) were stolen.",,,,,,,,https://www.recaap.org/alerts,Needs canonical event resolution,Flag: REPUBLIC OF KOREA
OBS_000379,,recaap_incidents_2024_2026,2025-63,2025-05-27,Maritime Crime,Robbery/ Theft,2,Maritime,Straits of Malacca & Singapore,,"Approximately 1.5 nm off Pulau Cula (Indonesia), in the eastbound lane of the TSS",1.058333,103.695,Strandja,,BULK CARRIER,,"While underway, four perpetrators, three armed with knives and one armed with a pistol, were sighted in the engine room. The master immediately raised the general alarm and crew mustered for safety. A search was conducted, with no further sighting of the perpetrators onboard. One crew member was reported with minor head injury. Nothing was stolen. The incident was reported to Singapore VTIS West. Safety broadcasts on anti-piracy watch were initiated to warn all vessels to maintain a vigilant watch at all times in the SS. The RSN’s MSTF and Singapore PCG were notified of the incident. Information of the incident was shared with the Indonesian authorities. Singapore PCG boarded the ship upon her arrival and conducted a search, with no perpetrators found onboard.",,,,While Sailing,,,,https://www.recaap.org/alerts,Needs canonical event resolution,Flag: MALTA
OBS_000380,,recaap_incidents_2024_2026,2025-62,2025-05-27,Maritime Crime,Robbery/ Theft,4,Maritime,Vietnam (Ports/Anchorages),,"Phu My I18 Anchorage, Vietnam",10.212,107.006,Silver Lake,,BULK CARRIER,,"At Anchor While at anchor, the duty deck watch heard a loud noise from the ship’s port side and saw a perpetrator. After being shouted at by the duty deck watch, the perpetrator jumped overboard and escaped. The ship enhanced her security watches and measures. The crew was not injured. 300 liters of paint were stolen. The incident was reported to Vietnam Coast Guard through the ship’s agent.",,,,,,,,https://www.recaap.org/alerts,Needs canonical event resolution,"Flag: HONG KONG, CHINA"
OBS_000381,,recaap_incidents_2024_2026,2025-64,2025-05-25,Maritime Crime,Robbery/ Theft,4,Maritime,Straits of Malacca & Singapore,,"Approximately 0.6 nm off Helen Mar Racon (Indonesia), in the eastbound lane of the TSS",1.132667,103.7665,Ligari,,BULK CARRIER,,"While underway, three unarmed perpetrators were sighted at the poop deck. The master immediately raised the general alarm and crew mustered for safety. Upon being spotted, the perpetrators escaped from the ship. A search was conducted with no perpetrators found onboard. All crew members were accounted for, with no injury reported. Nothing was stolen. The incident was reported to Singapore VTIS Central. Safety broadcasts on anti-piracy watch were initiated to warn all vessels to maintain a vigilant watch at all times in the SS. The RSN’s MSTF and Singapore PCG were notified of the incident. Information of the incident was shared with the Indonesian authority.",,,,While Sailing,,,,https://www.recaap.org/alerts,Needs canonical event resolution,Flag: MALTA
OBS_000382,,recaap_incidents_2024_2026,2025-66,2025-05-23,Maritime Crime,Robbery/ Theft,3,Maritime,Straits of Malacca & Singapore,,"Approximately 1.8 nm off Pulau Cula (Indonesia), in the eastbound lane of the TSS",1.058833,103.6885,Aeolian Grace,,BULK CARRIER,,"While underway, five perpetrators armed with long pipes were sighted in the engine room. The master raised the general alarm and mustered the crew for safety. A search was conducted, with no further sighting of the perpetrators onboard. All crew members were accounted for, with no injury reported. Some engine spares were stolen. The incident was reported to Singapore VTIS. Safety broadcast on anti-piracy watch was initiated to warn all vessels to maintain a vigilant watch at all times in the SS. The RSN’s MSTF and Singapore PCG were notified of the incident. The Singapore PCG boarded the ship to conduct a search with no perpetrators found. Information of the incident was shared with the Indonesian authorities.",,,,While Sailing,,,,https://www.recaap.org/alerts,Needs canonical event resolution,Flag: MARSHALL ISLANDS
OBS_000383,,recaap_incidents_2024_2026,2025-65,2025-05-23,Maritime Crime,Robbery/ Theft,3,Maritime,Straits of Malacca & Singapore,,"Approximately 1.8 nm off Helen Mar Racon (Indonesia), in the eastbound lane of the TSS",1.115,103.746,Petrel Pacific,,TANKER,,"While underway, the 2nd Engineer sighted four perpetrators in the engine room, one of whom was armed with a knife. The 2nd Engineer immediately informed the master and raised the general alarm. The crew mustered for safety and conducted a search, with no perpetrators found onboard. Some engine spares were stolen. The crew was not injured. The incident was reported to Singapore POCC and PCG. The Singapore PCG boarded the ship upon arrival in Singapore waters to conduct a search, with no perpetrators found.",,,,While Sailing,,,,https://www.recaap.org/alerts,Needs canonical event resolution,Flag: SINGAPORE
OBS_000384,,recaap_incidents_2024_2026,2025-68,2025-05-22,Maritime Crime,Robbery/ Theft,3,Maritime,Straits of Malacca & Singapore,,"Approximately 3.5 nm off Pulau Cula (Indonesia), in the eastbound lane of the TSS",1.059667,103.656333,Alpha Peace,,BULK CARRIER,,"While underway, four perpetrators armed with knives were sighted at starboard quarter deck. The perpetrators immediately jumped into the water upon seeing the alerted crew. The master raised the general alarm and crew mustered for safety. A search was conducted, with no further sighting of the perpetrators onboard. All crew were accounted for, with no injury reported. Nothing was stolen. The ship resumed its voyage to Vietnam. The incident was reported to Singapore VTIS. Safety broadcasts on anti-piracy watch were initiated to warn all vessels to maintain a vigilant watch at all times in the SS. The RSN's MSTF and Singapore PCG were notified of the incident. Information of the incident was shared with the Indonesian authority.",,,,While Sailing,,,,https://www.recaap.org/alerts,Needs canonical event resolution,Flag: LIBERIA
OBS_000385,,recaap_incidents_2024_2026,2025-67,2025-05-22,Maritime Crime,Robbery/ Theft,3,Maritime,Straits of Malacca & Singapore,,"Approximately 4.8 nm off Pulau Cula (Indonesia), in the eastbound lane of the TSS",1.057167,103.633333,Peace,,BULK CARRIER,,"While underway, the crew sighted one perpetrator armed with gun-like object at the starboard quarter deck. The perpetrator immediately jumped into the water upon seeing the alerted crew. In addition, the oiler sighted another four perpetrators (not armed) in the engine room. The master raised the general alarm and mustered the crew for safety. A search was conducted, with no further sighting of the perpetrators onboard. All crew members were accounted for, with no injury reported. Nothing was stolen. No further assistance was required, and the ship resumed its voyage to Singapore. The incident was reported to Singapore VTIS. Safety broadcasts on anti-piracy watch were initiated to warn all vessels to maintain a vigilant watch at all times in the SS. The RSN’s MSTF and Singapore PCG were notified of the incident. Information of the incident was shared with the Indonesian authority. Upon arrival in Singapore anchorage, Singapore PCG boarded the ship and conducted a search, with no perpetrators found onboard.",,,,While Sailing,,,,https://www.recaap.org/alerts,Needs canonical event resolution,Flag: CYPRUS
OBS_000386,,recaap_incidents_2024_2026,2025-69,2025-05-20,Maritime Crime,Robbery/ Theft,3,Maritime,Straits of Malacca & Singapore,,"Approximately 4.4 nm off Pulau Cula (Indonesia), in the eastbound lane of the TSS",1.056667,103.639667,Plata South,,TANKER,,"While underway, the 2nd Engineer sighted five perpetrators in the engine room. Three perpetrators were armed with knives, and one perpetrator was armed with a gun-like object. The 2nd Engineer alerted the master, and the general alarm was immediately raised. The crew mustered for safety and conducted a search, with no perpetrators found onboard. Three lube oil drums and some engine spares parts were stolen. The crew was not injured. No further assistance was required, and the ship resumed its voyage to China. The incident was reported to Singapore VTIS. Safety broadcasts on anti-piracy watch were initiated to warn all vessels to maintain a vigilant watch at all times in the SS. The RSN's MSTF and Singapore PCG were notified of the incident. Information of the incident was shared with the Indonesian authorities.",,,,While Sailing,,,,https://www.recaap.org/alerts,Needs canonical event resolution,Flag: MARSHALL ISLANDS
OBS_000387,,recaap_incidents_2024_2026,2025-70,2025-05-17,Maritime Crime,Robbery/ Theft,3,Maritime,Straits of Malacca & Singapore,,"Approximately 4.9 nm off Pulau Cula, (Indonesia), in the eastbound lane of the TSS",1.116667,103.741333,Thalassini Avra,,BULK CARRIER,,"While underway, five perpetrators armed with knives were sighted at the poop deck. The master immediately raised the general alarm and crew mustered for safety. The perpetrators then escaped. A search was conducted, with no perpetrators found onboard. The crew was not injured and nothing was stolen. The incident was reported to Singapore VTIS. Safety broadcasts on anti-piracy watch were initiated to warn all vessels to maintain a vigilant watch at all times in the SS. The RSN’s MSTF and Singapore PCG were notified of the incident. Upon arrival at Singapore port, Singapore PCG boarded the ship and conducted a security search, with no perpetrators found onboard. Information of the incident was shared with the Indonesian authority.",,,,While Sailing,,,,https://www.recaap.org/alerts,Needs canonical event resolution,Flag: MALTA
OBS_000388,,recaap_incidents_2024_2026,2025-71,2025-05-14,Maritime Crime,Robbery/ Theft,4,Maritime,Straits of Malacca & Singapore,,"Approximately 5.4 nm off Pulau Cula (Indonesia), in the eastbound lane of the TSS",1.12,103.755,Dioni,,BULK CARRIER,,"While underway, three perpetrators were sighted at the poop deck of the ship. The master immediately raised the general alarm and crew mustered for safety. The perpetrators then escaped. A search was conducted, with no perpetrators found onboard. All crew were accounted for with no injuries reported. Some engine spares were stolen. The incident was reported to Singapore VTIS. Safety broadcasts on anti-piracy watch were initiated to warn all vessels to maintain a vigilant watch at all times in the SS. The RSN’s MSTF and Singapore PCG were notified of the incident. PCG boarded the ship and conducted a security search with no perpetrators found while some auxiliary engine spares were stolen. Information of the incident was shared with the Indonesian authorities.",,,,While Sailing,,,,https://www.recaap.org/alerts,Needs canonical event resolution,Flag: PORTUGAL
OBS_000389,,recaap_incidents_2024_2026,2025-72,2025-05-08,Maritime Crime,Robbery/ Theft,4,Maritime,Straits of Malacca & Singapore,,"Approximately 7.6 nm off Pulau Karimun Besar (Indonesia), in the eastbound lane of the TSS",1.1225,103.507167,Jin Hwa 45 & Jin Hwa 37,,TUG BOAT & BARGE,,"While the tug boat towing barge was underway, three perpetrators boarded the barge, stole items such as manhole covers, rope, turnbuckles and solar lights, and escaped.",,,,While Sailing,,,,https://www.recaap.org/alerts,Needs canonical event resolution,Flag: MALAYSIA
OBS_000390,,recaap_incidents_2024_2026,2025-75,2025-05-07,Maritime Crime,Robbery/ Theft,3,Maritime,Straits of Malacca & Singapore,,"Approximately 2.2 nm off Pulau Cula (Indonesia), in the eastbound lane of the TSS",1.059667,103.68,Hui Shun No. 1,,BULK CARRIER,,"While underway, two perpetrators armed with knives were sighted at the aft deck of the ship. The master immediately raised the general alarm and crew mustered for safety. A search was conducted, with no perpetrators found onboard. All crew were accounted for with no injuries reported. Nothing was stolen. The ship was enroute from Port Klang, Malaysia to China. The incident was reported to Singapore VTIS. Safety broadcasts on anti-piracy watch were initiated to warn all vessels to maintain a vigilant watch at all times in the SS. The RSN’s MSTF and Singapore PCG were notified of the incident. Information of the incident was shared with the Indonesian authority.",,,,While Sailing,,,,https://www.recaap.org/alerts,Needs canonical event resolution,"Flag: HONG KONG, CHINA"
OBS_000391,,recaap_incidents_2024_2026,2025-74,2025-05-07,Maritime Crime,Robbery/ Theft,4,Maritime,Straits of Malacca & Singapore,,"Approximately 7.9 nm off Pulau Cula (Indonesia), in the eastbound lane of the TSS",1.088667,103.588333,Elm Galaxy,,CHEMICAL TANKER,,"While underway, one perpetrator was sighted at the aft deck of the ship. The master immediately raised the general alarm and crew mustered for safety. A search was conducted, with no perpetrators found onboard. All crew were accounted for with no injuries reported. Nothing was stolen. The ship was enroute from Singapore Port to Thailand. The incident was reported to Singapore VTIS. Safety broadcasts on anti-piracy watch were initiated to warn all vessels to maintain a vigilant watch at all times in the SS. The RSN’s MSTF and Singapore PCG were notified of the incident. Information of the incident was shared with the Indonesian authority.",,,,While Sailing,,,,https://www.recaap.org/alerts,Needs canonical event resolution,Flag: PANAMA
OBS_000392,,recaap_incidents_2024_2026,2025-73,2025-05-07,Maritime Crime,Robbery/ Theft,3,Maritime,Straits of Malacca & Singapore,,"Approximately 8.9 nm off Pulau Iyu Kechil, (Indonesia), in the eastbound lane of the TSS",1.1355,103.488667,Virgo,,BULK CARRIER,,"While underway, five perpetrators were sighted in the engine room, of which two of them carried gun-like objects. The master immediately raised the general alarm and crew mustered for safety. A search was conducted, with no perpetrators found onboard. All crew were accounted for with no injuries reported. The ship was enroute from India to Singapore port. The incident was reported to Singapore VTIS. Safety broadcasts on anti-piracy watch were initiated to warn all vessels to maintain a vigilant watch at all times in the SS. The RSN’s MSTF and Singapore PCG were notified of the incident. Information of the incident was shared with the Indonesian authority. Upon arrival at Singapore port, Singapore PCG boarded the ship and conducted a security search, with no perpetrators found onboard and some engine spares were reported missing.",,,,While Sailing,,,,https://www.recaap.org/alerts,Needs canonical event resolution,Flag: MARSHALL ISLANDS
OBS_000393,,recaap_incidents_2024_2026,2025-76,2025-05-05,Maritime Crime,Robbery/ Theft,4,Maritime,Straits of Malacca & Singapore,,"Approximately 5.1 nm off Pulau Cula (Indonesia), in the eastbound lane of the TSS",1.116667,103.75,SW Legend,,BULK CARRIER,,"While underway, two perpetrators were sighted at the port quarter of the stern deck. The master immediately raised the general alarm, switched on the deck lights and the crew mustered for safety. Upon realising the crew was alerted, the immediately. A security search was perpetrators escaped conducted with no perpetrators found onboard. The crew was not injured and nothing was stolen. The incident was reported to Singapore VTIS. Safety broadcasts on anti-piracy watch were initiated to warn all vessels to maintain a vigilant watch at all times in the SS. The RSN’s MSTF and Singapore PCG were notified of the incident. Information of the incident was shared with the Indonesian authorities.",,,,While Sailing,,,,https://www.recaap.org/alerts,Needs canonical event resolution,Flag: PANAMA
OBS_000394,,recaap_incidents_2024_2026,2025-77,2025-05-04,Maritime Crime,Robbery/ Theft,4,Maritime,Indonesia (Ports/Anchorages),,"Jakarta Anchorage, Indonesia",-5.979833,106.915833,ALS Juno,,CONTAINER SHIP,,"At Anchor While at anchor, three to four perpetrators boarded the ship at the aft mooring station when the crew was occupied at the forecastle with weighing anchor for departure from anchorage to the port. As all entry doors to restricted areas were locked and secured, the perpetrators stole one heaving line and cut the cables of door sensors (to passageways and steering gear room) before they escaped. The crew was not injured.",,,,,,,,https://www.recaap.org/alerts,Needs canonical event resolution,Flag: PORTUGAL
OBS_000395,,recaap_incidents_2024_2026,2025-79,2025-05-02,Maritime Crime,Robbery/ Theft,4,Maritime,Straits of Malacca & Singapore,,"Approximately 4.8 nm off Pulau Cula (Indonesia), in the eastbound lane of the TSS",1.054667,103.6325,S M A,,CHEMICAL TANKER,,"While underway, four perpetrators holding unknown objects were sighted on deck and in the engine room. The emergency general alarm was raised, and the crew conducted a search with no perpetrators found onboard. The master confirmed there was no confrontation with the perpetrators but the 3rd Engineer and one AB suffered minor hand injuries in the darkness. Engine spare parts were reported stolen. The incident was reported to Singapore VTIS. Safety broadcasts on anti-piracy watch were initiated to warn all vessels to maintain a vigilant watch at all times in the SS. The RSN’s MSTF and Singapore PCG were notified of the incident. Information of the incident was shared with the Indonesian authorities.",,,,While Sailing,,,,https://www.recaap.org/alerts,Needs canonical event resolution,Flag: COOK ISLANDS
OBS_000396,,recaap_incidents_2024_2026,2025-78,2025-05-02,Maritime Crime,Robbery/ Theft,4,Maritime,Straits of Malacca & Singapore,,"Approximately 6 nm off Pulau Cula (Indonesia), in the eastbound lane of the TSS",1.063,103.614167,Culture,,TANKER,,"While underway, five perpetrators were sighted on deck. The master immediately raised the general alarm, and the crew mustered for safety. Upon realising the crew was alerted, the perpetrators escaped immediately. The crew was not injured and nothing was stolen. The incident was reported to Singapore VTIS. Safety broadcasts on anti-piracy watch were initiated to warn all vessels to maintain a vigilant watch at all times in the SS. The RSN’s MSTF and Singapore PCG were notified of the incident. Information of the incident was shared with the Indonesian authorities.",,,,While Sailing,,,,https://www.recaap.org/alerts,Needs canonical event resolution,Flag: MARSHALL ISLANDS
OBS_000397,,recaap_incidents_2024_2026,2025-80,2025-04-25,Maritime Crime,Robbery/ Theft,4,Maritime,Straits of Malacca & Singapore,,"Approximately 3.5 nm off Pulau Cula (Indonesia), in the eastbound lane of the TSS",1.038333,103.651667,ASL Trinity,,BULK CARRIER,,"While underway, unknown number of perpetrators boarded the ship without been noticed by the crew. After security search, it is found that the steering gear room booby hatch security nut was broken and condition door in opening condition. Bare footprints of the perpetrators were also found on poop deck. Some generator spare parts were reported stolen. The crew was not injured. The incident was reported to Singapore VTIS via email after anchored.",,,,While Sailing,,,,https://www.recaap.org/alerts,Needs canonical event resolution,Flag: LIBERIA
OBS_000398,,recaap_incidents_2024_2026,2025-81,2025-04-22,Maritime Crime,Robbery/ Theft,2,Maritime,Straits of Malacca & Singapore,,"Approximately 8.8 nm off Pulau Cula (Indonesia), in the eastbound lane of the TSS",1.09,103.573667,Panagia Force,,BULK CARRIER,,"While underway, four perpetrators armed with knives were sighted in the engine room. The emergency general alarm was raised, and the crew conducted a search onboard, with no further sighting of perpetrators. Three crew members were found tied up in the engine room, but they were not injured. The ship was arriving from Brazil and bound for Singapore Anchorage. The incident was reported to Singapore VTIS. Safety broadcasts on anti-piracy watch were initiated to warn all vessels to maintain a vigilant watch at all times in the SS. The RSN’s MSTF and Singapore PCG were notified of the incident. Information of the incident was shared with the Indonesian authorities. The Singapore PCG boarded the ship at anchorage and confirmed that no perpetrators were found onboard. Engine spare parts and personal belongings were confirmed stolen.",,,,While Sailing,,,,https://www.recaap.org/alerts,Needs canonical event resolution,Flag: MARSHALL ISLANDS
OBS_000399,,recaap_incidents_2024_2026,2025-83,2025-04-21,Maritime Crime,Robbery/ Theft,3,Maritime,Straits of Malacca & Singapore,,"Approximately 2.5 nm off Pulau Cula (Indonesia), in the eastbound lane of the TSS",1.082167,103.705667,Aquaris,,TANKER,,"While underway, three perpetrators armed with knives were sighted in the Engine Control Room. The master raised the general alarm immediately, mustered the crew for safety and conducted a search onboard. All crew were accounted for with no injuries reported. Nothing was stolen. The ship was bound for Tompok, Malaysia. The incident was reported to Singapore VTIS via VHF. Safety broadcasts on anti-piracy watch were initiated to warn all vessels to maintain a vigilant watch at all times in the SS. The RSN’s MSTF and Singapore PCG were notified of the incident. Information of the incident was shared with the Indonesian and Malaysian authorities.",,,,While Sailing,,,,https://www.recaap.org/alerts,Needs canonical event resolution,Flag: PANAMA
OBS_000400,,recaap_incidents_2024_2026,2025-82,2025-04-21,Maritime Crime,Robbery/ Theft,4,Maritime,Straits of Malacca & Singapore,,"Approximately 10.1 nm off Pulau Cula (Indonesia), in the eastbound lane of the TSS",1.166,103.821667,Jin Hwa 49 & Jin Hwa 39,,TUG BOAT & BARGE,,"When the tug boat was towing barge from Port Klang, Malaysia to Kuching, Malaysia, the crew discovered that properties from the barge were missing during a routine inspection. The Singapore PCG was notified of the incident on 29 Apr 2025.",,,,While Sailing,,,,https://www.recaap.org/alerts,Needs canonical event resolution,Flag: MALAYSIA
OBS_000401,,recaap_incidents_2024_2026,2025-84,2025-04-20,Maritime Crime,Robbery/ Theft,3,Maritime,Straits of Malacca & Singapore,,"Approximately 5.6 nm off Pulau Cula (Indonesia), in the eastbound lane of the TSS",1.053333,103.618833,MSC Tara III,,CONTAINER SHIP,,"While underway, three perpetrators were sighted at the upper deck. A crew member ran away after seeing a perpetrator carrying a gun-like object. The master raised the general alarm immediately, mustered the crew for safety and conducted a search onboard. All crew members were accounted for with no injuries reported. Nothing was stolen. The incident was reported to Singapore VTIS via VHF. Safety broadcasts on anti-piracy watch were initiated to warn all vessels to maintain a vigilant watch at all times in the SS. The RSN’s MSTF and Singapore PCG were notified of the incident. Singapore PCG boarded the ship upon her arrival in Singapore. Information of the incident was shared with the Indonesian authorities.",,,,While Sailing,,,,https://www.recaap.org/alerts,Needs canonical event resolution,Flag: LIBERIA
OBS_000402,,recaap_incidents_2024_2026,2025-85,2025-04-19,Maritime Crime,Attempted,NA,Maritime,Straits of Malacca & Singapore,,"Approximately 2.3 nm off Pulau Cula (Indonesia), in the eastbound lane of the TSS",1.062167,103.684,Perlas,,GENERAL CARGO SHIP,,"While underway, four armed perpetrators on a small vessel approached the ship. In response, the ship shone its lights at the perpetrators’ vessel and sounded its whistle. The perpetrators aborted their attempt and escaped in their small vessel at high speed. The crew was not injured and nothing was stolen.",,,,While Sailing,,,,https://www.recaap.org/alerts,Needs canonical event resolution,Flag: PHILIPPINES
OBS_000403,,recaap_incidents_2024_2026,2025-86,2025-04-07,Maritime Crime,Robbery/ Theft,4,Maritime,Straits of Malacca & Singapore,,"Approximately 4 nm off Pulau Karimun Kecil (Indonesia), in the precautionary area of the TSS",1.149833,103.473333,Hafnia Hong Kong,,OIL / CHEMICAL / GAS TANKER,,"While underway, three perpetrators were sighted at the poop deck. The master immediately raised the alarm and the perpetrators escaped from the ship. The crew mustered for safety and subsequently conducted a search onboard with no further sighting of perpetrators. One air compressor and four padlocks were stolen. The crew was not injured. The incident was reported to Singapore VTIS. Safety broadcast on anti-piracy watch was initiated to warn all vessels to maintain a vigilant watch at all times in the SS. The RSN’s MSTF and Singapore PCG were notified of the incident. Singapore PCG boarded the ship upon her arrival in port of Singapore and conducted a search with no perpetrator found. Information of the incident was shared with the Indonesian authorities.",,,,While Sailing,,,,https://www.recaap.org/alerts,Needs canonical event resolution,Flag: MALTA
OBS_000404,,recaap_incidents_2024_2026,2025-87,2025-04-06,Maritime Crime,Robbery/ Theft,4,Maritime,Straits of Malacca & Singapore,,"Approximately 2.3 nm off Pulau Cula (Indonesia), in the eastbound lane of the TSS",1.079333,103.715,Silver Star,,BULK CARRIER,,"While underway, the duty engineer sighted five perpetrators in the engine room. The master immediately raised the alarm and crew mustered for safety. Upon all crew accounted for, the crew conducted a search onboard with no further sighting of perpetrators. Nothing was stolen and the crew was not injured. The incident was reported to Singapore VTIS. Safety broadcast on anti-piracy watch was initiated to warn all vessels to maintain a vigilant watch at all times in the SS. The RSN’s MSTF and Singapore PCG were notified of the incident. Singapore PCG boarded the ship upon her arrival in port of Singapore and conducted a search with no perpetrators found. Information of the incident was shared with the Indonesian authorities.",,,,While Sailing,,,,https://www.recaap.org/alerts,Needs canonical event resolution,Flag: VIETNAM
OBS_000405,,recaap_incidents_2024_2026,2025-88,2025-04-04,Maritime Crime,Robbery/ Theft,4,Maritime,Bangladesh (Ports/Anchorages),,"Chittagong Anchorage B area, Bangladesh",22.2,91.7,MV Blueray,,GENERAL CARGO SHIP,,"At Anchor While at anchor, five perpetrators boarded the ship from a wooden boat, and stole about 30 paint cans. The crew was not injured. The master reported the incident to Bangladesh Coast Guard (BCG). The BCG anti-smuggle team carried out combing operations on 6 April 25, apprehended the five perpetrators, recovered the stolen paint cans and returned them to the ship. The perpetrators were handed over to the local police for legal action.",,,,,,,,https://www.recaap.org/alerts,Needs canonical event resolution,Flag: LIBERIA
OBS_000406,,recaap_incidents_2024_2026,2025-89,2025-04-03,Maritime Crime,Robbery/ Theft,3,Maritime,Straits of Malacca & Singapore,,"Approximately 4.4 nm off Batu Berhanti Racon B (Indonesia), in the eastbound lane of the TSS",1.1655,103.812,SITC Yuncheng,,CONTAINER SHIP,,"While underway, the Singapore PCG informed Singapore POCC that a sampan was following the ship. Singapore VTIS alerted the ship immediately. The master subsequently confirmed that three perpetrators with knives boarded the ship via starboard side quarter on the main deck. The alarm was raised and crew mustered to conduct a security search to locate the perpetrators. The perpetrators and jumped stole some lashing gears, overboard and escaped. All crew members were accounted for, with no injury reported. Safety broadcast on anti-piracy watch was initiated to warn all vessels to maintain a vigilant watch at all times in the SS. The RSN’s MSTF and Singapore PCG was notified of the incident. Information of the incident was shared with the Indonesian authorities.",,,,While Sailing,,,,https://www.recaap.org/alerts,Needs canonical event resolution,"Flag: HONG KONG, CHINA"
OBS_000407,,recaap_incidents_2024_2026,2025-92,2025-03-30,Maritime Crime,Robbery/ Theft,3,Maritime,Straits of Malacca & Singapore,,"Approximately 2.1 nm off Palau Cula (Indonesia), in the eastbound lane of the TSS",1.075333,103.708,Andreas Petrakis,,BULK CARRIER,,"While underway, the duty engineer sighted one perpetrator armed with a gun-like object in the engine room. The master raised the general alarm and a search was conducted, with no further sighting of the perpetrators. The crew was not injured. Nothing was stolen. The incident was reported to Singapore VTIS. Safety broadcast on anti-piracy watch was initiated to warn all vessels to maintain a vigilant watch at all times in the SS. The RSN’s MSTF and Singapore PCG were notified of the incident. The Singapore PCG boarded the ship at anchorage to conduct a search with no perpetrators found. Information of the incident was shared with the Indonesian authorities.",,,,While Sailing,,,,https://www.recaap.org/alerts,Needs canonical event resolution,Flag: MALTA
OBS_000408,,recaap_incidents_2024_2026,2025-91,2025-03-30,Maritime Crime,Robbery/ Theft,4,Maritime,Straits of Malacca & Singapore,,"Approximately 2.3 nm off Helen Mar Reef (Indonesia), in the eastbound lane of the TSS",1.158,103.784333,Junior,,BULK CARRIER,,"While underway, one perpetrator was sighted at the starboard quarter of the ship. The master raised the general alarm and a search was conducted. The perpetrator then jumped overboard. The crew was not injured. Nothing was stolen. The incident was reported to Singapore VTIS. Safety broadcast on anti-piracy watch was initiated to warn all vessels to maintain a vigilant watch at all times in the SS. The RSN’s MSTF and Singapore PCG were notified of the incident Information of the incident was shared with the Indonesian authorities.",,,,While Sailing,,,,https://www.recaap.org/alerts,Needs canonical event resolution,Flag: LIBERIA
OBS_000409,,recaap_incidents_2024_2026,2025-90,2025-03-30,Maritime Crime,Robbery/ Theft,4,Maritime,Straits of Malacca & Singapore,,"Near Takong Kecil Lighthouse (Indonesia), in the eastbound lane of the TSS",1.089667,103.7255,Kota Halus,,CONTAINER SHIP,,"While underway, three perpetrators were sighted on the port poop deck moving towards the aft station. Upon being spotted, the perpetrators jumped overboard and escaped in a small boat. The master raised the general alarm and a search was conducted. During the search, it was discovered that the air-conditioning room was accessed and a portable welding machine was missing. The crew was not injured. The incident was reported to Singapore VTIS. Safety broadcast on anti-piracy watch was initiated to warn all vessels to maintain a vigilant watch. The Singapore PCG boarded the ship to conduct a search with no perpetrators found.",,,,While Sailing,,,,https://www.recaap.org/alerts,Needs canonical event resolution,Flag: SINGAPORE
OBS_000410,,recaap_incidents_2024_2026,2025-94,2025-03-29,Maritime Crime,Robbery/ Theft,4,Maritime,Straits of Malacca & Singapore,,"Approximately 1.5 nm off Helen Mar Reef (Indonesia), in the eastbound lane of the TSS",1.121667,103.748667,Agneta Pallas III,,TANKER,,"While underway, five perpetrators were sighted at the starboard quarter of the ship stern area. The master raised the general alarm and conducted a search. No perpetrators were found onboard. The crew was not injured. Nothing was stolen. The incident was reported to Singapore VTIS. Safety broadcast on anti-piracy watch was initiated to warn all vessels to maintain a vigilant watch at all times in the SS. The RSN’s MSTF and Singapore PCG were notified of the incident. Information of the incident was shared with the Indonesian authorities.",,,,While Sailing,,,,https://www.recaap.org/alerts,Needs canonical event resolution,Flag: LIBERIA
OBS_000411,,recaap_incidents_2024_2026,2025-93,2025-03-29,Maritime Crime,Robbery/ Theft,4,Maritime,Straits of Malacca & Singapore,,"Approximately 1 nm off Pulau Takong Kecil (Indonesia), in the eastbound lane of the TSS",1.100333,103.735,Wan Hai 327,,CONTAINER SHIP,,"While underway, four perpetrators were sighted at the vessel stern area and a small boat was spotted on the starboard quarter of the ship. The master immediately raised the general alarm and ordered a thorough search on board, with no further sighting of the perpetrators. Nothing was stolen and the crew was not injured. The incident was reported to Singapore VTIS. Safety broadcast on anti-piracy watch was initiated to warn all vessels to maintain a vigilant watch at all times in the SS. The RSN’s MSTF and Singapore PCG were notified of the incident.",,,,While Sailing,,,,https://www.recaap.org/alerts,Needs canonical event resolution,Flag: SINGAPORE
OBS_000412,,recaap_incidents_2024_2026,2025-95,2025-03-28,Maritime Crime,Robbery/ Theft,4,Maritime,Straits of Malacca & Singapore,,"Approximately 1.55 nm off Karang Banteng (Indonesia), in the eastbound lane of the TSS",1.1575,103.786333,Selatan Damai,,CONTAINER SHIP,,"While underway, four perpetrators were sighted going to the engine room from portside main deck. The master raised the alarm and crew mustered to conduct a search. The perpetrators escaped from the ship upon raising of the alarm. Some engine spares were stolen. The crew was not injured. The incident was reported to Singapore POCC by master via email upon arrival to terminal. Safety broadcast on anti-piracy watch was initiated to warn all vessels to maintain a vigilant watch at all times in the SS. The RSN’s MSTF and Singapore PCG were notified of the incident. Information of the incident was shared with the Indonesian authorities. The Singapore PCG boarded the ship for investigation and conducted a search onboard, with no perpetrators found.",,,,While Sailing,,,,https://www.recaap.org/alerts,Needs canonical event resolution,Flag: INDONESIA
OBS_000413,,recaap_incidents_2024_2026,2025-96,2025-03-26,Maritime Crime,Attempted,NA,Maritime,Straits of Malacca & Singapore,,"Approximately 1.4 nm from Helen Mar Reef (Indonesia), in the eastbound lane of the TSS",1.145,103.771667,Su May,,BULK CARRIER,,"While underway, four perpetrators attempted to board the ship from the port quarter via a wooden boat. The alarm was raised and search-light was shined at the perpetrators, who then escaped upon sighting. Crew mustered and a search was conducted onboard. Nothing was stolen except two-metre section of razor wire on the port quarter had been cut. The crew was not injured. The incident was reported to Singapore VTIS. Safety broadcast on anti-piracy watch was initiated to warn all vessels to maintain a vigilant watch at all times in the SS. The RSN’s MSTF and Singapore PCG were notified of the incident. Information of the incident was shared with the Indonesian authorities.",,,,While Sailing,,,,https://www.recaap.org/alerts,Needs canonical event resolution,Flag: LIBERIA
OBS_000414,,recaap_incidents_2024_2026,2025-98,2025-03-23,Maritime Crime,Robbery/ Theft,3,Maritime,Straits of Malacca & Singapore,,"Approximately 1 nm from Helen Mar Reef (Indonesia), in the eastbound lane of the TSS",1.1405,103.772833,Fatema Jahan I,,BULK CARRIER,,"While underway, the master reported to Singapore VTIS that two perpetrators carrying gun-like objects were sighted in the engine room of the ship. The emergency general alarm was raised and the ship crew conducted a search for the perpetrators, with no perpetrators found onboard. Nothing was stolen and the crew was not injured. Safety broadcast on anti-piracy watch was initiated to warn all vessels to maintain a vigilant watch at all times in the SS. The RSN’s MSTF and Singapore PCG were notified of the incident. The Singapore PCG boarded the ship at anchorage and confirmed that no perpetrators were found and nothing was stolen. Information of the incident was shared with the Indonesian authorities.",,,,While Sailing,,,,https://www.recaap.org/alerts,Needs canonical event resolution,Flag: BANGLADESH
OBS_000415,,recaap_incidents_2024_2026,2025-97,2025-03-23,Maritime Crime,Robbery/ Theft,4,Maritime,South China Sea,,At the approaches to Singapore Strait,1.415,104.519333,Jin Hwa 43 & Jin Hwa 44,,TUG BOAT & BARGE,,"While underway, the master reported to Singapore POCC that three perpetrators had boarded the barge from a small boat. After about 20 min, the perpetrators were seen leaving the barge. The crew was unable to determine any loss of property and the crew was not injured. Safety broadcast on anti-piracy watch was initiated to warn all vessels to maintain a vigilant watch at all times in the SS. The RSN’s MSTF and Singapore PCG were notified of the incident. Information of the incident was shared with the Indonesian authority.",,,,While Sailing,,,,https://www.recaap.org/alerts,Needs canonical event resolution,Flag: MALAYSIA
OBS_000416,,recaap_incidents_2024_2026,2025-100,2025-03-22,Maritime Crime,Robbery/ Theft,4,Maritime,India (Ports/Anchorages),,"Kandla anchorage, India",22.762833,70.041833,Xin Long Yun 58,,CONTAINER SHIP,,"At Anchor While at anchor, six to seven perpetrators boarded the ship using a ladder. A few lashing gears were stolen. The crew was not injured. The local agent reported the incident to the Marine Police who subsequently boarded the ship. The Kandla Port Authority and ships in the area have been advised to enhance vigil and to adhere to the standard norms of security/SOPs especially during the night/dark hours to mitigate such incidents from occurring. The Indian Coast Guard ships were also alerted about the incident.",,,,,,,,https://www.recaap.org/alerts,Needs canonical event resolution,Flag: PANAMA
OBS_000417,,recaap_incidents_2024_2026,2025-99,2025-03-22,Maritime Crime,Attempted,NA,Maritime,Indonesia (Ports/Anchorages),,"Tarahan anchorage, Indonesia",-5.555667,105.3135,Name withheld,,CHEMICAL/ OIL PRODUCT TANKER,,"At Anchor While at anchor, four perpetrators approached the ship. The duty crew noticed a perpetrator trying to board the ship, and raised the alarm, which resulted in the perpetrator abandoning the attempted boarding. The incident was reported to VTS.",,,,,,,,https://www.recaap.org/alerts,Needs canonical event resolution,Flag: MARSHALL ISLANDS
OBS_000418,,recaap_incidents_2024_2026,2025-101,2025-03-19,Maritime Crime,Robbery/ Theft,3,Maritime,Straits of Malacca & Singapore,,"Approximately 0.8 nm off Takong Kecil Lighthouse (Indonesia), in the eastbound lane of the TSS",1.084667,103.722167,CNC Leopard,,CONTAINER SHIP,,"While underway, the ship’s anti-piracy watchman noticed two perpetrators armed with long knives on the rescue boat deck at starboard side. A perpetrator was trying to break the security grating lock of the external stairway, and the other perpetrator was climbing up by the water down spout. The watchman immediately notified the master, who raised the general alarm, instructed the crew to switch on all deck lights and inform the engine room. The two perpetrators escaped to the port side of the ship, and were later spotted escaping in a small wooden boat, with a total of about five perpetrators onboard. The crew conducted a check and found that the padlocks of the deck store, starboard side external stairway grating, steering gear room skylight access cover and paint locker were broken. There were also traces of the perpetrators’ attempt to enter the upper deck and poop deck entrance doors. Some work tools and equipment including an electric impact wrench, hand drill, jig saw and ratchet wrench were stolen. The crew was not injured.",,,,While Sailing,,,,https://www.recaap.org/alerts,Needs canonical event resolution,Flag: SINGAPORE
OBS_000419,,recaap_incidents_2024_2026,2025-102,2025-03-17,Maritime Crime,Robbery/ Theft,4,Maritime,Straits of Malacca & Singapore,,"Approximately 5 nm off Tanjung Piai (Malaysia), in the precautionary area of the TSS",1.204667,103.567167,Bonspeed 10 & POE 2502,,TUG BOAT & BARGE,,"While underway, three perpetrators from a sampan were spotted boarding the barge. The master raised the general alarm, after which the perpetrators left the barge. A search was conducted and some scrap metal was stolen. The crew was not injured. The incident was reported to Singapore VTIS. Safety broadcast on anti-piracy watch was initiated to warn all vessels to maintain a vigilant watch at all times in the SS. The RSN’s MSTF and Singapore PCG were notified of the incident. Information of the incident was shared with the Malaysian authorities.",,,,While Sailing,,,,https://www.recaap.org/alerts,Needs canonical event resolution,Flag: MALAYSIA
OBS_000420,,recaap_incidents_2024_2026,2025-104,2025-03-16,Maritime Crime,Robbery/ Theft,4,Maritime,Straits of Malacca & Singapore,,"Approximately 3 nm off Tanjung Setapa (Malaysia), in the westbound lane of the TSS",1.2925,104.157167,Danum 70 & Linau 135,,TUG BOAT & BARGE,,"While underway and approaching Pilot Eastern Boarding Ground “A” (PEBGA) pilot station, the master of the tug boat discovered items missing from the vessels. The doors of the containers on the barge were pried open and seals were cut. Missing items included anchor windlass battery, gangway ladder from barge and various items from containers on the barge. All crew were accounted for with no injuries reported. The master immediately reported the incident to his local agent. Safety broadcast on anti-piracy watch was initiated to warn all vessels to maintain a vigilant watch at all times in the SS. The RSN’s MSTF and Singapore PCG were notified of the incident. Information of the incident was shared with the Malaysian authorities. Singapore PCG boarded the ship at anchorage and conducted a search, with no perpetrators found.",,,,While Sailing,,,,https://www.recaap.org/alerts,Needs canonical event resolution,Flag: MALAYSIA
OBS_000421,,recaap_incidents_2024_2026,2025-103,2025-03-16,Maritime Crime,Robbery/ Theft,4,Maritime,South China Sea,,At the approaches to Singapore Strait,1.488333,104.506667,Bonspeed 10 & POE 2502,,TUG BOAT & BARGE,,"While underway, two sampans were spotted alongside the barge. The master raised the general alarm and conducted a search. No perpetrators were found onboard. The crew was not injured. Some scrap metal was stolen. The incident was reported to Singapore VTIS. Safety broadcast on anti-piracy watch was initiated to warn all vessels to maintain a vigilant watch at all times in the SS. The RSN’s MSTF and Singapore PCG were notified of the incident. Information of the incident was shared with the Malaysian authorities.",,,,While Sailing,,,,https://www.recaap.org/alerts,Needs canonical event resolution,Flag: MALAYSIA
OBS_000422,,recaap_incidents_2024_2026,2025-105,2025-03-13,Maritime Crime,Robbery/ Theft,2,Maritime,Straits of Malacca & Singapore,,"Approximately 4.7 nm off Pulau Cula (Indonesia), In the eastbound lane of the TSS",1.11,103.748333,TS Nansha,,CONTAINER SHIP,,"While underway, four perpetrators armed with guns and knives boarded the ship and entered the engine room. They tied two duty oilers and locked them in the CO2 room, before they escaped with stolen engine spares. The 2nd Engineer later discovered the duty oilers and freed them. The alarm was raised, crew mustered and a search onboard was conducted.",,,,While Sailing,,,,https://www.recaap.org/alerts,Needs canonical event resolution,Flag: MARSHALL ISLANDS
OBS_000423,,recaap_incidents_2024_2026,2025-106,2025-03-11,Maritime Crime,Robbery/ Theft,3,Maritime,Straits of Malacca & Singapore,,"Approximately 3.2 nm off Pulau Cula (Indonesia), in the eastbound lane of the TSS",1.093333,103.721667,Prisma,,TANKER,,"While underway, six to seven perpetrators armed with gun- like object were sighted in the engine room. Upon sighting of the perpetrators, the emergency general alarm was raised and crew mustered for safety. A search was conducted onboard with no further sighting of perpetrators. Nothing was stolen and the crew was not injured. The incident was reported to Singapore VTIS Central. Safety broadcast on anti-piracy watch was initiated to warn all vessels to maintain a vigilant watch at all times in the SS. The RSN’s MSTF and Singapore PCG were notified of the incident. Information of the incident was shared with the Indonesian authorities.",,,,While Sailing,,,,https://www.recaap.org/alerts,Needs canonical event resolution,Flag: PANAMA
OBS_000424,,recaap_incidents_2024_2026,2025-107,2025-03-08,Maritime Crime,Robbery/ Theft,4,Maritime,Indonesia (Ports/Anchorages),,"Port of Jakarta, Indonesia",-6.096667,106.885,Mito,,GENERAL CARGO SHIP,,"While at berth, six perpetrators in a boat boarded the ship and damaged the entrance door to the wheelhouse and the anti-piracy grating. Generator spare parts were stolen. The crew was not injured.",,,,At Berth,,,,https://www.recaap.org/alerts,Needs canonical event resolution,Flag: PANAMA
OBS_000425,,recaap_incidents_2024_2026,2025-108,2025-03-07,Maritime Crime,Robbery/ Theft,4,Maritime,Straits of Malacca & Singapore,,"Approximately 6.1 nm off Tanjung Pergam (Indonesia), in the eastbound lane of the TSS",1.292167,104.3425,HK Tug 9 & LKH 7887,,TUG BOAT & BARGE,,"While the tug boat towing barge was underway, three perpetrators boarded the barge from a sampan and stole some scrap metals from the barge. At the time of the incident, HK Tug 9 and LKH 7887 were escorted by another Singapore-registered tug boat, HK Tug 3. The Singapore VTIS confirmed with HK Tug 3 that the incident had occurred. The master confirmed that all three perpetrators had disembarked from the barge. The crew was not injured and there was no damage to the vessel.",,,,While Sailing,,,,https://www.recaap.org/alerts,Needs canonical event resolution,Flag: SINGAPORE
OBS_000426,,recaap_incidents_2024_2026,2025-109,2025-03-03,Maritime Crime,Robbery/ Theft,3,Maritime,Straits of Malacca & Singapore,,"Approximately 2.3 nm off Pulau Cula (Indonesia), in the eastbound lane of the TSS",1.0775,103.707167,Ailama,,TANKER,,"While underway, four to five perpetrators armed with gun- like object were sighted in the engine room. The master raised the general alarm, crew mustered, and a search was conducted onboard with no further sighting of perpetrators. The crew was not injured. Some engine spares were stolen. The incident was reported to Singapore VTIS West. Safety broadcast on anti-piracy watch was initiated to warn all vessels to maintain a vigilant watch at all times in the SS. The RSN’s MSTF and Singapore PCG were notified of the incident. Singapore PCG boarded the ship at anchorage and conducted a search, with no perpetrators found. Information of the incident was shared with the Indonesian authorities.",,,,While Sailing,,,,https://www.recaap.org/alerts,Needs canonical event resolution,Flag: GAMBIA
OBS_000427,,recaap_incidents_2024_2026,2025-112,2025-02-28,Maritime Crime,Robbery/ Theft,3,Maritime,Straits of Malacca & Singapore,,"Approximately 0.9 nm off Takong Kecil Lighthouse (Indonesia), in the eastbound lane of the TSS",1.110333,103.733333,Ifestos,,BULK CARRIER,,"While underway, six perpetrators armed with hammers were sighted in engine room workshop. The alarm was raised and crew mustered at the bridge. A search onboard was conducted with no further sighting of the perpetrators. The crew was not injured. Nothing was stolen. The incident was reported to Singapore VTIS. Safety navigational broadcast was initiated. The RSN’s MSTF and Singapore PCG were notified of the incident. Singapore PCG boarded the ship upon her arrival, conducted a search, and no perpetrators were found onboard. Information of the incident was shared with the Indonesian authorities.",,,,While Sailing,,,,https://www.recaap.org/alerts,Needs canonical event resolution,Flag: BAHAMAS
OBS_000428,,recaap_incidents_2024_2026,2025-111,2025-02-28,Maritime Crime,Robbery/ Theft,3,Maritime,Straits of Malacca & Singapore,,"Approximately 0.6 nm off Takong Kecil Lighthouse (Indonesia), in the eastbound lane of the TSS",1.087833,103.721167,DSM Rose,,BULK CARRIER,,"While underway, five perpetrators were sighted in the steering gear room, one of whom was armed with a gun-like object. The alarm was raised and all crew mustered at the bridge. A search was conducted onboard with no further sighting of the perpetrators. The crew was not injured. Nothing was stolen. The incident was reported to Singapore VTIS. Safety navigational broadcast was initiated. The RSN’s MSTF and Singapore PCG were notified of the incident. Information of the incident was shared with the Indonesian authorities.",,,,While Sailing,,,,https://www.recaap.org/alerts,Needs canonical event resolution,Flag: BARBADOS
OBS_000429,,recaap_incidents_2024_2026,2025-110,2025-02-28,Maritime Crime,Robbery/ Theft,3,Maritime,Straits of Malacca & Singapore,,"Approximately 3.2 nm off Takong Kecil Lighthouse (Indonesia), in the eastbound lane of the TSS",1.133333,103.757667,Basset,,PETROLEUM/ CHEMICAL TANKER,,"While underway, the crew spotted several perpetrators in the engine room. One of the perpetrators was reportedly armed with a gun-like object. A search was conducted by the crew and no perpetrators were found onboard. A crew member was injured. Some engine spare parts were stolen. The master requested assistance from MPA. Singapore PCG and Singapore Civil Defence Force (SCDF) were also activated to render assistance. The injured crew member was evacuated to the hospital. Singapore PCG boarded and combed the ship, and all crew were accounted for.",,,,While Sailing,,,,https://www.recaap.org/alerts,Needs canonical event resolution,Flag: SINGAPORE
OBS_000430,,recaap_incidents_2024_2026,2025-113,2025-02-26,Maritime Crime,Robbery/ Theft,4,Maritime,Straits of Malacca & Singapore,,"Approximately 4.4 nm off Pulau Cula (Indonesia), in the eastbound lane of the TSS",1.106667,103.741333,Ocean Diligence,,BULK CARRIER,,"While underway, five perpetrators were sighted on the aft poop deck. The emergency alarm was raised and crew mustered. Upon realising the crew had been alerted, the perpetrators escaped immediately. The crew was not injured. Nothing was stolen. The incident was reported to Singapore VTIS West. Safety broadcast on anti-piracy watch was initiated to warn all vessels to maintain a vigilant watch at all times in the SS. The RSN’s MSTF and Singapore PCG were notified of the incident. Singapore PCG boarded the ship at anchorage. A search was conducted and no perpetrator was found. Information of the incident was shared with the Indonesian authorities.",,,,While Sailing,,,,https://www.recaap.org/alerts,Needs canonical event resolution,Flag: MARSHALL ISLANDS
OBS_000431,,recaap_incidents_2024_2026,2025-114,2025-02-22,Maritime Crime,Robbery/ Theft,3,Maritime,Straits of Malacca & Singapore,,"Approximately 3.5 nm west of Pulau Cula (Indonesia), in the eastbound lane of the TSS",1.045833,103.653833,Cycladic Spire,,BULK CARRIER,,"While underway, three perpetrators armed with knives and sighted in the engine room. The gun-like object were emergency alarm was raised and crew mustered. A security search was conducted and no perpetrators were found. The crew was not injured. Some engine spares were stolen. The incident was reported to Singapore VTIS. Safety broadcast on anti-piracy watch was initiated to warn all vessels to maintain a vigilant watch at all times in the SS. The RSN’s MSTF and Singapore PCG were notified of the incident. Singapore PCG boarded the ship upon her arrival in Singapore. A search was conducted and no perpetrator was found. Information of the incident was shared with the Indonesian authorities.",,,,While Sailing,,,,https://www.recaap.org/alerts,Needs canonical event resolution,Flag: PORTUGAL
OBS_000432,,recaap_incidents_2024_2026,2025-116,2025-02-16,Maritime Crime,Robbery/ Theft,3,Maritime,Straits of Malacca & Singapore,,"Approximately 2 nm northwest of Pulau Cula (Indonesia), in the eastbound lane of the TSS",1.062,103.687167,Pelicana,,GENERAL CARGO SHIP,,"While underway, four perpetrators armed with long knives were sighted boarding from the portside quarter and heading to the engine room. The master raised the alarm and all crew mustered to conduct a search. The crew was not injured. Some electrical and engine room items were stolen.",,,,While Sailing,,,,https://www.recaap.org/alerts,Needs canonical event resolution,Flag: NORWAY
OBS_000433,,recaap_incidents_2024_2026,2025-115,2025-02-16,Maritime Crime,Robbery/ Theft,4,Maritime,Straits of Malacca & Singapore,,"Approximately 3.5 nm northeast of Pulau Cula (Indonesia), in the eastbound lane of the TSS",1.096,103.732333,Atrotos Heracles,,BULK CARRIER,,"While underway, three perpetrators were sighted at the aft station. Upon raising the emergency alarm, the three perpetrators escaped from the ship. A security search was conducted onboard. The crew was not injured. Nothing was stolen. The incident was reported to Singapore VTIS. Safety broadcast on anti-piracy watch was initiated to warn all vessels to maintain a vigilant watch at all times in the SS. The RSN’s MSTF and Singapore PCG were notified of the incident. Singapore PCG boarded the ship upon her arrival at Singapore bunkering anchorage. A search was conducted and no perpetrator was found. Information of the incident was shared with the Indonesian authorities.",,,,While Sailing,,,,https://www.recaap.org/alerts,Needs canonical event resolution,Flag: PANAMA
OBS_000434,,recaap_incidents_2024_2026,2025-117,2025-02-14,Maritime Crime,Robbery/ Theft,2,Maritime,Straits of Malacca & Singapore,,"Approximately 2.5 nm northwest of Pulau Cula (Indonesia), in the eastbound lane of the TSS",1.0725,103.685333,Cancun,,BULK CARRIER,,"While underway, four perpetrators, of whom one carried gun and three carried knives, were sighted in the engine room. The alarm was raised and all crew mustered to conduct a search with no further sighting of perpetrators. The crew was not injured and nothing was stolen. The bulk carrier was bound for Pilot Eastern Boarding Ground ‘B’ (PEBGB). The incident was reported to Singapore VTIS. Safety navigational broadcast was initiated. The RSN’s MSTF and Singapore PCG were notified of the incident. Singapore PCG boarded the ship, conducted a search, and no perpetrators were found onboard. Information of the incident was shared with the Indonesian authorities.",,,,While Sailing,,,,https://www.recaap.org/alerts,Needs canonical event resolution,Flag: LIBERIA
OBS_000435,,recaap_incidents_2024_2026,2025-118,2025-02-12,Maritime Crime,Robbery/ Theft,3,Maritime,Straits of Malacca & Singapore,,"Approximately 4.3 nm northeast of Pulau Cula (Indonesia), in the eastbound lane of the TSS",1.106667,103.734667,Sea Amber,,TANKER,,"While underway, four perpetrators with knives were sighted in the engine room. The alarm was raised and all crew mustered to conduct a search with no further sighting of perpetrators. All crew members were accounted for, and there were no reported injuries. Some engine spare parts were stolen. No further assistance was required. The tanker had departed Malaysia and was bound for Indonesia. The incident was reported to Singapore VTIS West. Safety broadcast on anti-piracy watch was initiated to warn all vessels to maintain a vigilant watch at all times in the SS. The RSN’s MSTF and Singapore PCG were notified of the incident. Information of the incident was shared with the Indonesian authorities.",,,,While Sailing,,,,https://www.recaap.org/alerts,Needs canonical event resolution,Flag: GREECE
OBS_000436,,recaap_incidents_2024_2026,2025-120,2025-02-03,Maritime Crime,Robbery/ Theft,3,Maritime,Straits of Malacca & Singapore,,"Approximately 2.64 nm north of Pulau Cula (Indonesia), in the eastbound lane of the TSS",1.083333,103.719167,Belaja,,BULK CARRIER,,"While underway, four perpetrators with knives and gun-like object were sighted in the engine room. The alarm was raised and all crew mustered to conduct a search with no further sighting of perpetrators. The crew was not injured. Some engine spares were stolen. The incident was reported to Singapore VTIS West. Safety broadcast on anti-piracy watch was initiated to warn all vessels to maintain a vigilant watch at all times in the SS. The RSN’s MSTF and Singapore PCG were notified of the incident. Information of the incident was shared with the Indonesian authorities.",,,,While Sailing,,,,https://www.recaap.org/alerts,Needs canonical event resolution,Flag: NORWAY
OBS_000437,,recaap_incidents_2024_2026,2025-119,2025-02-03,Maritime Crime,Robbery/ Theft,3,Maritime,Straits of Malacca & Singapore,,"Approximately 2.3 nm northeast of Pulau Cula (Indonesia), in the eastbound lane of the TSS",1.105833,103.741,Zevirous,,TANKER,,"While underway, six perpetrators with knives were sighted in the engine room. The alarm was raised and all crew mustered to conduct a search with no further sighting of perpetrators. The crew was not injured. Some engine spares were stolen. The incident was reported to Singapore VTIS Central. Safety broadcast on anti-piracy watch was initiated to warn all vessels to maintain a vigilant watch at all times in the SS. The RSN’s MSTF and Singapore PCG were notified of the incident. Information of the incident was shared with the Indonesian authorities.",,,,While Sailing,,,,https://www.recaap.org/alerts,Needs canonical event resolution,Flag: MALAYSIA
OBS_000438,,recaap_incidents_2024_2026,2025-121,2025-02-01,Maritime Crime,Robbery/ Theft,4,Maritime,Straits of Malacca & Singapore,,"Approximately 1.4 nm west of Helen Mar Reef (Indonesia), in the eastbound lane of the TSS",1.13,103.75,Haima,,PETROLEUM PRODUCT TANKER,,"While underway, an engine department crew member sighted five perpetrators coming out of the engine room. The engineer immediately reported to the chief engineer, who then informed the bridge. The alarm was raised and a search was conducted with no perpetrators found. A surveillance camera recording in the engine room also revealed the perpetrators coming out of the engine room. The crew was not injured. Nothing was stolen. The incident was reported to MPA. The shipping company also reported the incident to the Maritime Bureau of the Ministry of Land, Infrastructure, Transport and Tourism (MLIT) of Japan.",,,,While Sailing,,,,https://www.recaap.org/alerts,Needs canonical event resolution,Flag: PANAMA
OBS_000439,,recaap_incidents_2024_2026,2025-122,2025-01-29,Maritime Crime,Robbery/ Theft,4,Maritime,Straits of Malacca & Singapore,,"Approximately 2.1 nm north of Pulau Cula (Indonesia), in the eastbound lane of the TSS",1.076667,103.703333,Manali,,BULK CARRIER,,"While underway, a perpetrator was sighted in the engine room. The emergency alarm was raised and all crew mustered for safety at their designated citadel. A security search was conducted with no further sighting of perpetrators. The crew was not injured. Some engine spares were stolen. The incident was reported to Singapore VTIS West. Safety broadcast on anti-piracy watch was initiated to warn all vessels to maintain a vigilant watch at all times in the SS. The RSN’s MSTF and Singapore PCG were notified of the incident. The PCG boarded the ship upon her arrival at Singapore anchorage, conducted a search, and no perpetrators were found onboard. Information of the incident was shared with the Indonesian authorities.",,,,While Sailing,,,,https://www.recaap.org/alerts,Needs canonical event resolution,Flag: PANAMA
OBS_000440,,recaap_incidents_2024_2026,2025-123,2025-01-28,Maritime Crime,Robbery/ Theft,3,Maritime,Straits of Malacca & Singapore,,"Approximately 1.4 nm west of Helen Mar Reef (Indonesia), in the eastbound lane of the TSS",1.131667,103.753333,Bristol,,TANKER,,"While underway, two perpetrators with knives were sighted onboard in the vicinity of the starboard quarter. Upon raising the emergency alarm, the perpetrators escaped. A security search was conducted with no further sightings of the perpetrators. The crew was not injured. Nothing was stolen. The incident was reported to Singapore VTIS Central. Safety broadcast on anti-piracy watch was initiated to warn all vessels to maintain a vigilant watch at all times in the SS. The RSN’s MSTF and PCG were notified of the incident. The PCG boarded the ship upon her arrival at Singapore anchorage, conducted a search, and no perpetrators were found onboard. Information of the incident was shared with the Indonesian authorities.",,,,While Sailing,,,,https://www.recaap.org/alerts,Needs canonical event resolution,Flag: GREECE
OBS_000441,,recaap_incidents_2024_2026,2025-124,2025-01-27,Maritime Crime,Robbery/ Theft,4,Maritime,India (Ports/Anchorages),,"OPL Kakinada, India",16.909167,82.421167,MT Success,,TANKER,,"At Anchor While at anchor, the duty AB sighted one perpetrator near forecastle area. The duty AB immediately informed the bridge, and the duty officer sounded the navigation horn repeatedly. On hearing the horn, the perpetrator jumped overboard, where another perpetrator waited in a boat. By the time the crew reached the forecastle area, the two perpetrators escaped in two unlit boats. Extra security watches were placed. The crew was not injured. Two loose mooring ropes were stolen. The incident was reported to Kakinada Port Control/ Pilot station, local agent and Coast Guard via email.",,,,,,,,https://www.recaap.org/alerts,Needs canonical event resolution,Flag: INDIA
OBS_000442,,recaap_incidents_2024_2026,2025-126,2025-01-26,Maritime Crime,Robbery/ Theft,4,Maritime,Straits of Malacca & Singapore,,"Approximately 3.2 nm west of Pulau Cula (Indonesia), in the eastbound lane of the TSS",1.053333,103.661667,Shidai 9,,BULK CARRIER,,"While underway, five perpetrators were sighted on the poop deck. The alarm was raised and all crew mustered to conduct a search. No perpetrator was found onboard. All crew members were accounted for with no injuries. Nothing was stolen. The incident was reported to Singapore VTIS West. Safety broadcast was initiated. RSN and PCG were notified of the incident. PCG boarded the ship upon her arrival at the anchorage. A search was conducted and no perpetrator was found. Information of the incident was shared with the Indonesian authorities.",,,,While Sailing,,,,https://www.recaap.org/alerts,Needs canonical event resolution,Flag: CHINA
OBS_000443,,recaap_incidents_2024_2026,2025-125,2025-01-26,Maritime Crime,Robbery/ Theft,3,Maritime,Straits of Malacca & Singapore,,"Approximately 2.7 nm west of Pulau Cula (Indonesia), in the eastbound lane of the TSS",1.055,103.67,Asian Enterprise,,GENERAL CARGO,,"While underway, two perpetrators with a gun-like object were sighted on the poop deck. The general alarm was raised and all crew mustered to conduct a search. No perpetrator was found onboard. All crew members were accounted for with no injuries. Some engine spares were stolen. The incident was reported to Singapore VTIS West. Safety broadcast was initiated. The RSN and PCG were notified of the incident. PCG boarded the ship upon her arrival at the anchorage. A search was conducted and no perpetrator was found. Information of the incident was shared with the Indonesian authorities.",,,,While Sailing,,,,https://www.recaap.org/alerts,Needs canonical event resolution,Flag: SAINT KITTS AND NEVIS
OBS_000444,,recaap_incidents_2024_2026,2025-127,2025-01-24,Maritime Crime,Robbery/ Theft,4,Maritime,Indonesia (Ports/Anchorages),,"Balikpapan Anchorage, Indonesia",-1.365,116.978333,Chinook,,BULK CARRIER,,"At Anchor While at anchor, the crew sighted a perpetrator climbing the anchor chain, with another six perpetrators in a small wooden boat that is fastened to the anchor chain. The crew conducted a search onboard, and found footprints in the vicinity of the bosun store. The padlocks of bosun store/rope store, carpenter room and hydraulic room were damaged. Additional security measures and patrol on deck were deployed. The crew was not injured and nothing was stolen. The incident was reported to Balikpapan VTS Indonesia. Patrol boat was deployed at the vicinity of the incident area.",,,,,,,,https://www.recaap.org/alerts,Needs canonical event resolution,Flag: PANAMA
OBS_000445,,recaap_incidents_2024_2026,2025-128,2025-01-22,Maritime Crime,Robbery/ Theft,3,Maritime,Straits of Malacca & Singapore,,"Approximately 6.1 nm west of Pulau Cula (Indonesia), in the eastbound lane of the TSS",1.065,103.611667,Delfin,,BULK CARRIER,,"While underway, five to six perpetrators with gun-like objects and knives were sighted in the engine room. The alarm was raised and a search was conducted. No perpetrator was found onboard. All crew members were accounted for with no injuries. Some generator parts were found missing. The incident was reported to Singapore VTIS West. Safety broadcast was initiated. RSN and PCG were notified of the incident. PCG boarded the ship upon her arrival at the anchorage. No perpetrator was found. Information of the incident was shared with the Indonesian authorities.",,,,While Sailing,,,,https://www.recaap.org/alerts,Needs canonical event resolution,Flag: PORTUGAL
OBS_000446,,recaap_incidents_2024_2026,2025-129,2025-01-19,Maritime Crime,Robbery/ Theft,2,Maritime,Straits of Malacca & Singapore,,"Approximately 3.7 nm west of Batu Berhanti (Indonesia), in the eastbound lane of the TSS",1.1775,103.822,Golden Calvus,,BULK CARRIER,,"While underway, six perpetrators with parangs were sighted in the engine room. The master raised alarm and all crew mustered to conduct a search with no sighting of the perpetrators. The Chief Engineer’s hands were tied with rubber tubing and therefore experienced pain in the wrists. Some engine spares were stolen. The master reported the incident to Singapore VTIS. Safety broadcasts on anti-piracy watch were initiated to warn all ships to maintain a vigilant watch at all times in the Singapore Strait. The RSN’s MSTF and Singapore PCG were notified of the incident. The PCG boarded the ship at the anchorage upon her arrival at Singapore, conducted a search, but no perpetrators were found onboard. Information of the incident was shared with the Indonesian authorities.",,,,While Sailing,,,,https://www.recaap.org/alerts,Needs canonical event resolution,Flag: MARSHALL ISLANDS
OBS_000447,,recaap_incidents_2024_2026,2025-130,2025-01-17,Maritime Crime,Robbery/ Theft,4,Maritime,Indonesia (Ports/Anchorages),,"Belawan Anchorage Area No. 6, Indonesia",3.93,98.741667,Golden Curl,,CHEMICAL TANKER,,"At Anchor While at anchor, a crew member spotted two perpetrators on port side main deck near accommodation area. The crew member immediately alerted the bridge of the incident and general alarm was sounded. The two perpetrators immediately jumped onto a boat waiting along the ship. Ropes with hook were used to board the ship. A search was conducted onboard. The crew was not injured. Some unsecured items onboard were stolen. The incident was reported to Belawan VTS.",,,,,,,,https://www.recaap.org/alerts,Needs canonical event resolution,Flag: SINGAPORE
OBS_000448,,recaap_incidents_2024_2026,2025-131,2025-01-16,Maritime Crime,Robbery/ Theft,3,Maritime,Straits of Malacca & Singapore,,"Approximately 2.96 nm north of Pulau Cula (Indonesia), in the eastbound lane of the TSS",1.088833,103.720833,Jolanda,,BULK CARRIER,,"While underway, the master reported to Singapore VTIS West that the 2nd Engineer saw two perpetrators with gun-like objects in the engine room. The master raised the alarm and mustered crew to conduct a search onboard. At about 0305 hrs, the master reported that search was completed, with no sighting of the perpetrators. Nothing was stolen. All crew members were accounted for, and there were no reported informed no further assistance was injuries. The master required. The ship was transiting from Suez, Egypt and proceeded with its voyage to Qingdao, China. Safety broadcasts on anti-piracy watch were initiated to warn all ships to maintain a vigilant watch at all times in the Singapore Strait. The RSN’s MSTF and Singapore PCG were notified of the incident. Information of the incident was shared with the Indonesian authorities.",,,,While Sailing,,,,https://www.recaap.org/alerts,Needs canonical event resolution,Flag: LIBERIA
OBS_000449,,recaap_incidents_2024_2026,2025-132,2025-01-09,Maritime Crime,Robbery/ Theft,3,Maritime,Straits of Malacca & Singapore,,"Approximately 6.4 nm northeast of Pulau Cula (Indonesia), in the eastbound lane of the TSS",1.135167,103.7635,Trinity Island,,BULK CARRIER,,"While underway, the master reported to Singapore VTIS that six perpetrators with knives were sighted in the engine room. The alarm was raised and all ship crew mustered at the bridge. At about 0649 hrs, the master reported that search was completed, with no sighting of the perpetrators. Some engine spares were stolen. The crew was not injured. The ship was bound for PEBGB. A safety navigational broadcast was initiated. The RSN’s MSTF and Singapore PCG were notified of the incident. Information of the incident was shared with the Indonesian authorities. PCG boarded the ship at the anchorage after arrival at Singapore, conducted a search, and no perpetrators were found onboard.",,,,While Sailing,,,,https://www.recaap.org/alerts,Needs canonical event resolution,"Flag: HONG KONG, CHINA"
OBS_000450,,recaap_incidents_2024_2026,2025-133,2025-01-08,Maritime Crime,Robbery/ Theft,2,Maritime,Straits of Malacca & Singapore,,"Approximately 6 nm west of Pulau Cula (Indonesia), in the eastbound lane of the TSS",1.065833,103.613833,Anabela,,BULK CARRIER,,"While underway, the master reported to VTIS West that four perpetrators with a gun were sighted in the engine room. The master raised the alarm and mustered crew to conduct a search onboard. At about 0515 hrs, the master reported that search was completed, with no sighting of the perpetrators. Nothing was stolen. All crew members were accounted for, and no injury to the crew was reported. The ship was transiting eastbound for PEBGB. A safety navigational broadcast was initiated. The RSN’s MSTF and Singapore PCG were notified of the incident. Information of the incident was shared with the Indonesian authorities. PCG boarded the ship at the anchorage after arrival at Singapore, conducted a search, and no perpetrators were found onboard.",,,,While Sailing,,,,https://www.recaap.org/alerts,Needs canonical event resolution,Flag: LIBERIA
OBS_000451,,recaap_incidents_2024_2026,2024-1,2024-12-29,Maritime Crime,Attempted,NA,Maritime,Indonesia (Ports/Anchorages),,"Medan Customary Anchorage, Indonesia",3.9325,98.739667,Sandpiper Pacific,,PETROLEUM/ CHEMICAL TANKER,,"At Anchor While anchored, the crew on duty spotted three perpetrators in a small wooden boat, attempting to climb onboard the ship via anchor chain. The crew shouted at the perpetrators, who escaped immediately in their boat. Ship horn was also sounded to further deter the perpetrators. The master reported the incident to Belawan VTS.",,,,,,,,https://www.recaap.org/alerts,Needs canonical event resolution,Flag: SINGAPORE
OBS_000452,,recaap_incidents_2024_2026,2024-2,2024-12-28,Maritime Crime,Robbery/ Theft,3,Maritime,Straits of Malacca & Singapore,,"Approximately 3.2 nm west of Pulau Cula (Indonesia), in the eastbound lane of the Traffic Separation Scheme (TSS)",1.054667,103.671167,Rostrum Hedonist,,BULK CARRIER,,"T T T While underway, five perpetrators were sighted in the steering gear room, and one of them carried a gun-like object. he master raised the alarm and mustered the crew to conduct a search. No perpetrators were sighted and some engine spares were missing. There were no injuries to crew. he incident was reported to Singapore Vessel Traffic Information System (VTIS) West. A safety broadcast on anti- piracy watch was issued to warn all ships to maintain a vigilant watch at all times in the Singapore Strait. he Republic of Singapore Navy (RSN)’s Maritime Security Task Force (MSTF) and Singapore Police Coast Guard (PCG) were notified of the incident, The PCG boarded the ship upon her arrival in Singapore and conducted a search. No perpetrators were found onboard. Information of the incident was also shared with the Indonesian authorities.",,,,While Sailing,,,,https://www.recaap.org/alerts,Needs canonical event resolution,Flag: LIBERIA
OBS_000453,,recaap_incidents_2024_2026,2024-3,2024-12-22,Maritime Crime,Robbery/ Theft,4,Maritime,Straits of Malacca & Singapore,,"Approximately 3.2 nm west of Pulau Cula (Indonesia), in the eastbound lane of the TSS",1.0625,103.6635,Front Eagle,,TANKER,,"T While underway, the engine crew sighted three perpetrators near the engine room of the ship. The master raised a general emergency alarm and mustered the crew to conduct a search onboard. No perpetrators were found and nothing was stolen. The crew was not injured and no further assistance was required. The ship resumed her voyage to Daesan, Republic of Korea. he master reported the incident to Singapore VTIS. Safety broadcasts on anti-piracy watch was initiated to warn all ships to maintain a vigilant watch at all times in the Singapore Strait. The RSN’s MSTF and Singapore PCG were notified of the incident. Information of the incident was shared with the Indonesian authorities.",,,,While Sailing,,,,https://www.recaap.org/alerts,Needs canonical event resolution,Flag: LIBERIA
OBS_000454,,recaap_incidents_2024_2026,2024-4,2024-12-21,Maritime Crime,Robbery/ Theft,4,Maritime,Philippines (Ports/Anchorages),,"Approximately 4 nm west off South Harbor Anchorage Area, Philippines",14.5455,120.868,Seaspan Lumaco,,CONTAINER SHIP,,"A At Anchor While at anchor, four perpetrators boarded the ship. The duty roving sighted the perpetrators at deck forward near the boatswain store entrance, and immediately reported to the duty watch officer, who raised the alarm and reported to Vessel Traffic Management System (VTMS) Manila. The crew was mustered and proceeded to the location of the perpetrators but they had already escaped. Philippine Coast Guard (PCG) Maritime Patrol (MARPAT) team was dispatched to the location of the ship for investigation. The MARPAT team conducted a perimeter check around the ship twice, and confirmed that the perpetrators had already escaped. Further investigation revealed that nothing was stolen and the crew was not injured.",,,,,,,,https://www.recaap.org/alerts,Needs canonical event resolution,"Flag: HONG KONG, CHINA"
OBS_000455,,recaap_incidents_2024_2026,2024-5,2024-12-19,Maritime Crime,Robbery/ Theft,4,Maritime,Vietnam (Ports/Anchorages),,"Vung Tau Anchorage, Ho Chi Minh City, Vietnam",9.983333,107.066667,Nordmaas,,CONTAINER SHIP,,"T At Anchor While at anchor, an unknown number of perpetrators boarded the ship unnoticed, broke the padlock of paint store, stole 350 litres of paint and escaped. The crew on-duty discovered the theft after the perpetrators had left. Barefoot prints were later found around the deck. All crew members are reported to be safe. he CSO was notified of the incident, and the incident was reported to the local authorities, who boarded the ship for investigation.",,,,,,,,https://www.recaap.org/alerts,Needs canonical event resolution,Flag: CYPRUS
OBS_000456,,recaap_incidents_2024_2026,2024-6,2024-12-17,Maritime Crime,Robbery/ Theft,3,Maritime,Straits of Malacca & Singapore,,"Approximately 2.5 nm northwest of Pulau Cula (Indonesia), in the eastbound lane of the TSS",1.080167,103.698333,Cape Star,,BULK CARRIER,,"T While underway, the crew spotted four to five perpetrators, of which three perpetrators carried long knives and one perpetrator carried a gun-like object, in the engine room. The master raised the alarm and mustered the crew to conduct a search. No perpetrators were found and some engine spare parts were stolen. All crew members were accounted for, and there were no reported injuries. No further assistance was required. he master reported to Singapore VTIS. Safety broadcasts on anti-piracy watch was initiated to warn all ships to maintain a vigilant watch at all times in the Singapore Strait. The RSN’s MSTF and Singapore PCG were notified of the incident. Information of the incident was shared with the Indonesian authorities. Upon the ship’s arrival at Singapore anchorage, PCG boarded the ship, conducted a security search and found no perpetrators onboard.",,,,While Sailing,,,,https://www.recaap.org/alerts,Needs canonical event resolution,"Flag: HONG KONG, CHINA"
OBS_000457,,recaap_incidents_2024_2026,2024-7,2024-12-14,Maritime Crime,Robbery/ Theft,3,Maritime,Straits of Malacca & Singapore,,"Approximately 8.1 nm west of Pulau Cula (Indonesia), in the eastbound lane of the TSS",1.075,103.581667,Honor Star,,BULK CARRIER,,"T While underway, the crew spotted six perpetrators armed with knives in the engine room. The master raised the alarm and mustered the crew to conduct a search. No perpetrators were found and some engine spare parts were stolen. All crew members were accounted for, and there were no reported injuries. No further assistance was required. he master reported the incident to Singapore VTIS West. Safety broadcasts on anti-piracy watch was initiated to warn all ships to maintain a vigilant watch at all times in the Singapore Strait. The RSN’s MSTF and Singapore PCG were notified of the incident. Information of the incident was shared with the Indonesian authorities.",,,,While Sailing,,,,https://www.recaap.org/alerts,Needs canonical event resolution,Flag: PANAMA
OBS_000458,,recaap_incidents_2024_2026,2024-9,2024-12-11,Maritime Crime,Robbery/ Theft,3,Maritime,Straits of Malacca & Singapore,,"Approximately 2.4 nm northwest of Pulau Cula (Indonesia), in the eastbound lane of the TSS",1.075833,103.693667,Proteus Harvonne,,TANKER,,"M T S While underway and bound for Singapore port, the motorman was at the poop deck checking the funnel when he was attacked by a perpetrator armed with knife, while another perpetrator was trying to board the ship. The motorman managed to free himself from the perpetrator, ran to the engine control room and subsequently notified the bridge. aster raised the alarm and made announcement on PA system. All crew members mustered at muster stations and accounted for. The CSO was informed, and first aid was administered to the motorman. Two search parties were also activated to comb the ship, and a knife and bags were found on the main deck. Nothing was stolen. he incident was reported to Singapore MRCC and the ship subsequently anchored at Singapore Anchorage at 0530 hrs. The injured motorman was conveyed to the Singapore General Hospital, and is in a stable condition. ingapore MRCC initiated a navigational broadcast to alert mariners. Information of the incident was shared with the Indonesian authorities. Singapore PCG boarded the ship and investigation is ongoing.",,,,While Sailing,,,,https://www.recaap.org/alerts,Needs canonical event resolution,Flag: SINGAPORE
OBS_000459,,recaap_incidents_2024_2026,2024-8,2024-12-11,Maritime Crime,Robbery / Theft,4,Maritime,South China Sea,,Approximately 8.4 nm northeast from Horsburgh Lighthouse,1.424167,104.509167,HK Tug 9 & LKH 2882,,TUG BOAT & BARGE,,"A A While the tug boat towing barge was enroute from Jurong Port, Singapore to Cigading, Indonesia, the master spotted four small boats, each carrying three to five persons, approaching the barge. The barge was carrying a cargo load of scrap metal. bout two to three perpetrators boarded the barge and transferred scrap metals from the barge to their boats. The master sounded the ship horn continuously and altered course to starboard heading towards Cigading. The perpetrators escaped immediately in their small boats. The crew was not injured. ll deck crew continued to perform deck lookout and sounded the ship horn to deter small boats from approaching.",,,,While Sailing,,,,https://www.recaap.org/alerts,Needs canonical event resolution,Flag: SINGAPORE
OBS_000460,,recaap_incidents_2024_2026,2024-10,2024-12-09,Maritime Crime,Robbery/ Theft,4,Maritime,Straits of Malacca & Singapore,,"Approximately 3.1 nm northwest of Pulau Cula (Indonesia), in the eastbound lane of the TSS",1.058333,103.663333,Dalma,,TANKER,,"T While underway, the perpetrators boarded the ship unnoticed and stole one unit of breathing apparatus compressor. The padlock of the emergency generator room was cut and two fire hoses from the poop deck were rigged, assessed to be used to lower the compressor to a waiting boat. The crew was not injured. he master reported the incident to the International Maritime Bureau (IMB), Kuala Lumpur. Safety navigational broadcast was initiated. The RSN’s MSTF and Singapore PCG were notified of the incident.",,,,While Sailing,,,,https://www.recaap.org/alerts,Needs canonical event resolution,Flag: LIBERIA
OBS_000461,,recaap_incidents_2024_2026,2024-12,2024-12-07,Maritime Crime,Robbery/ Theft,3,Maritime,Straits of Malacca & Singapore,,"Approximately 2.8 nm northwest of Pulau Cula (Indonesia), in the eastbound lane of the TSS",1.066667,103.673333,Genco Augustus,,BULK CARRIER,,"T While underway, the crew spotted six perpetrators armed with knives in the steering gear room. The master raised the alarm and crew mustered to conduct a search, but no perpetrator was found. All crew members were accounted for, and there were no reported injuries. Nothing was stolen. he master reported the incident to the Singapore VTIS. Safety navigational broadcast was initiated. The RSN’s MSTF and Singapore PCG were notified of the incident. PCG boarded the ship at Singapore Anchorage and conducted search but found no perpetrators. Information of the incident was shared with the Indonesian authorities.",,,,While Sailing,,,,https://www.recaap.org/alerts,Needs canonical event resolution,Flag: MARSHALL ISLANDS
OBS_000462,,recaap_incidents_2024_2026,2024-11,2024-12-07,Maritime Crime,Robbery/ Theft,4,Maritime,Straits of Malacca & Singapore,,"Approximately 3.1 nm northwest of Pulau Cula (Indonesia), in the eastbound lane of the TSS",1.061,103.664167,Kyzikos,,BULK CARRIER,,"T While underway, the crew spotted eight unarmed perpetrators in the steering gear room. Master raised the alarm and mustered all crew to conduct search but no perpetrators were found. All crew members were accounted for, and there were no reported injuries. Some engine spare parts were stolen. he master reported the incident to the Singapore VTIS. Safety navigational broadcast was initiated. The RSN’s MSTF and Singapore PCG were notified of the incident. PCG boarded the ship at Singapore Anchorage and conducted search but found no perpetrators. Information of the incident was shared with the Indonesian authorities.",,,,While Sailing,,,,https://www.recaap.org/alerts,Needs canonical event resolution,Flag: LIBERIA
OBS_000463,,recaap_incidents_2024_2026,2024-13,2024-12-03,Maritime Crime,Attempted,NA,Maritime,Indonesia (Ports/Anchorages),,"Berth no. 112, Belawan, Indonesia",3.788333,98.7025,Pac Alnath,,GENERAL CARGO SHIP,,"M While at berth during cargo operations, the Chief Officer noticed people talking from the port seaward side of the ship when he was conducting his rounds on deck. He saw a wooden boat with four perpetrators and a perpetrator attempting to climb onto the ship using a rope. The Chief Officer shouted at the perpetrators, who escaped immediately. The crew was not injured and nothing was stolen. aster and crew conducted a security debrief and implemented additional measures such as adding extra watchkeepers immediately.",,,,At Berth,,,,https://www.recaap.org/alerts,Needs canonical event resolution,Flag: SINGAPORE
OBS_000464,,recaap_incidents_2024_2026,2024-14,2024-12-02,Maritime Crime,Robbery/ Theft,2,Maritime,Straits of Malacca & Singapore,,"Approximately 6 nm northeast of Pulau Cula (Indonesia), in the eastbound lane of the TSS",1.133667,103.756667,Sakizaya Miracle,,BULK CARRIER,,"T U While underway, the crew spotted about eight perpetrators, of whom four were armed with knives, in the engine control room. Master raised the alarm and mustered all crew to conduct search but no perpetrators were found. All crew members were accounted for, and there were no reported injuries. No further assistance was required. he master reported the incident to the Singapore VTIS. Safety navigational broadcast was initiated. The RSN’s MSTF and Singapore PCG were notified of the incident. Information of the incident was shared with the Indonesian authorities. pon the ship’s arrival at Singapore Anchorage, PCG boarded the ship, conducted a search onboard and found no perpetrators. PCG reported that a crew member’s legs and hands were tied by the perpetrators, and engine spare parts were reported missing.",,,,While Sailing,,,,https://www.recaap.org/alerts,Needs canonical event resolution,Flag: PANAMA
OBS_000465,,recaap_incidents_2024_2026,2024-15,2024-11-26,Maritime Crime,Robbery/ Theft,4,Maritime,Straits of Malacca & Singapore,,"Approximately 2.8 nm north from Pulau Cula (Indonesia), in the eastbound lane of the TSS",1.086167,103.727,Express,,BULK CARRIER,,"T While underway, two perpetrators were sighted at the aft mooring station of the ship. The alarm was raised and all crew mustered to conduct a search. No perpetrators were found onboard. The crew members were not injured and nothing was stolen. he master reported the incident to the Singapore VTIS. Safety navigational broadcast was initiated. The RSN’s MSTF and Singapore PCG were notified of the incident. PCG boarded the ship at anchorage and carried out a search. But no perpetrator was found onboard. Information of the incident was shared with the Indonesian authorities.",,,,While Sailing,,,,https://www.recaap.org/alerts,Needs canonical event resolution,Flag: PANAMA
OBS_000466,,recaap_incidents_2024_2026,2024-16,2024-11-24,Maritime Crime,Robbery/ Theft,3,Maritime,Straits of Malacca & Singapore,,"Approximately 2.07 nm northwest from Pulau Cula (Indonesia), in the eastbound lane of the TSS",1.065,103.688333,Theodore JR,,BULK CARRIER,,"T While underway, six perpetrators armed with knives were sighted in the engine room and at poop deck. The general emergency alarm was raised and all crew mustered to conduct a search. No perpetrators were found onboard. All crew was accounted for with no injuries. Some engine spares were stolen and one padlock was broken. he master reported the incident to the Singapore VTIS. Safety navigational broadcast was initiated. The RSN’s MSTF and Singapore PCG were notified of the incident. PCG boarded the ship and carried out a search. But no perpetrator was found onboard. Information of the incident was shared with the Indonesian authorities.",,,,While Sailing,,,,https://www.recaap.org/alerts,Needs canonical event resolution,Flag: PANAMA
OBS_000467,,recaap_incidents_2024_2026,2024-17,2024-11-23,Maritime Crime,Robbery/ Theft,3,Maritime,Straits of Malacca & Singapore,,"Approximately 1.46 nm northwest from Pulau Cula (Indonesia), in the eastbound lane of the TSS",1.061667,103.701667,HTK Confidence,,BULK CARRIER,,"T While underway, two perpetrators armed with knives were sighted in the engine room. The master raised general alarm and all crew mustered safely in the wheelhouse. The crew did not conduct search but wait for PCG’s assistance. There were no injuries. Some spare parts were stolen. he ship agent reported the incident to the Singapore VTIS via telephone. Safety navigational broadcast was initiated. The RSN’s MSTF and Singapore PCG were notified of the incident. PCG boarded the ship on her arrival at Singapore Anchorage but did not find any perpetrator. Information of the incident was shared with the Indonesian authorities.",,,,While Sailing,,,,https://www.recaap.org/alerts,Needs canonical event resolution,Flag: VIETNAM
OBS_000468,,recaap_incidents_2024_2026,2024-18,2024-11-21,Maritime Crime,Robbery/ Theft,4,Maritime,Bangladesh (Ports/Anchorages),,"Chattogram Anchorage, Bangladesh",21.390667,91.8105,Ceylon Princess,,BULK CARRIER,,"At Anchor While at anchor, 11 perpetrators boarded the ship. The alert duty crew noticed the perpetrators and immediately raised the alarm. The crew was mustered and engaged in defensive actions against the perpetrators, which resulted in the incident was perpetrators escaping empty-handed. The reported to the Port Authority and Bangladesh Navy.",,,,,,,,https://www.recaap.org/alerts,Needs canonical event resolution,Flag: SRI LANKA
OBS_000469,,recaap_incidents_2024_2026,2024-19,2024-11-20,Maritime Crime,Robbery/ Theft,4,Maritime,Straits of Malacca & Singapore,,"Approximately 2.5 nm northwest from Pulau Cula (Indonesia), in the eastbound lane of the TSS",1.078333,103.695,Genco Lion,,BULK CARRIER,,"T While underway, four perpetrators were sighted in the engine room. The master raised general alarm and carried out a search. No perpetrator was found onboard and nothing was lost. All crew members were accounted for and there were no injuries. he master reported the incident to the Singapore VTIS Central. Safety navigational broadcast was initiated. The RSN’s MSTF and Singapore PCG were notified of the incident. PCG boarded the ship and carried out a security search. But no perpetrator was found onboard. Information of the incident was shared with the Indonesian authorities.",,,,While Sailing,,,,https://www.recaap.org/alerts,Needs canonical event resolution,Flag: MARSHALL ISLANDS
OBS_000470,,recaap_incidents_2024_2026,2024-21,2024-11-19,Maritime Crime,Robbery/ Theft,2,Maritime,Bangladesh (Ports/Anchorages),,"Outer Anchorage, Kutubdia, Bangladesh",21.866667,91.75,Karlovasi,,BULK CARRIER,,"A At Anchor While at anchor, the crew sighted 10 perpetrators with knives and bats at the port quarter deck of the ship. The perpetrators tied up three local watchmen and injured one of them on the leg. One ship crew was also assaulted and was slight injured on the head. Some ship property/stores were stolen. fter receiving the incident information, Bangladesh Coast Guard (BCG) started investigation of the incident onboard the ship.",,,,,,,,https://www.recaap.org/alerts,Needs canonical event resolution,Flag: LIBERIA
OBS_000471,,recaap_incidents_2024_2026,2024-20,2024-11-19,Maritime Crime,Robbery/ Theft,4,Maritime,Straits of Malacca & Singapore,,"Approximately 3.7 nm north from Pulau Cula (Indonesia), in the eastbound lane of the TSS",1.096667,103.735,Ammos,,BULK CARRIER,,"T While underway, three perpetrators were sighted in the engine room. The master raised alarm and all crew mustered to conduct a search, but no perpetrator was found. The crew members were not injured. Some ship stores were reported stolen. he master reported the incident to the Singapore VTIS West. Safety navigational broadcast was initiated. The RSN’s MSTF and Singapore PCG were notified of the incident. PCG boarded the ship and carried out a security search, but did not find any perpetrator. Information of the incident was shared with the Indonesian authorities.",,,,While Sailing,,,,https://www.recaap.org/alerts,Needs canonical event resolution,Flag: BAHAMAS
OBS_000472,,recaap_incidents_2024_2026,2024-22,2024-11-17,Maritime Crime,Attempted,NA,Maritime,Straits of Malacca & Singapore,,"Approximately 5.7 nm northwest from Pulau Cula (Indonesia), in the eastbound lane of the TSS",1.058333,103.618333,Dokos,,BULK CARRIER,,"T While underway, two to three perpetrators in a boat attempted to board the ship from the starboard quarter. Upon raising the alarm and switching on the deck lights, the perpetrator’s boat moved off southward. he master reported the incident to the Singapore VTIS. Safety navigational broadcast was initiated. The RSN’s MSTF and Singapore PCG were notified of the incident. Information of the incident was shared with the Indonesian authorities.",,,,While Sailing,,,,https://www.recaap.org/alerts,Needs canonical event resolution,Flag: MARSHALL ISLANDS
OBS_000473,,recaap_incidents_2024_2026,2024-25,2024-11-14,Maritime Crime,Robbery/ Theft,3,Maritime,Straits of Malacca & Singapore,,"Approximately 4.2 nm northwest from Pulau Cula (Indonesia), in the eastbound lane of the TSS",1.0455,103.646667,NUS,,LPG,,"T While underway, five perpetrators armed with metal rods were sighted in the engine room. The alarm was raised and all crew mustered to conduct a search. The crew members were accounted for and there were no injuries. Nothing was stolen from the ship. he master reported the incident to the Singapore VTIS. Safety navigational broadcast was initiated. The RSN’s MSTF and Singapore PCG were notified of the incident. Information of the incident was shared with the Indonesian authorities.",,,,While Sailing,,,,https://www.recaap.org/alerts,Needs canonical event resolution,Flag: COMOROS
OBS_000474,,recaap_incidents_2024_2026,2024-24,2024-11-14,Maritime Crime,Robbery/ Theft,3,Maritime,Straits of Malacca & Singapore,,"Approximately 4.2 nm northwest from Pulau Cula (Indonesia), in the eastbound lane of the TSS",1.0455,103.646667,Dara,,BULK CARRIER,,"T While underway, one perpetrator armed with gun-like object was sighted on deck. The crew locked themselves in their cabins and conducted a search later during daylight. All crew members were accounted for and there were no injuries. The crew was unable to confirm if anything was stolen. he master reported the incident to the Singapore VTIS. Safety navigational broadcast was initiated. The RSN’s MSTF and Singapore PCG were notified of the incident. Information of the incident was shared with the Indonesian authorities.",,,,While Sailing,,,,https://www.recaap.org/alerts,Needs canonical event resolution,Flag: LIBERIA
OBS_000475,,recaap_incidents_2024_2026,2024-23,2024-11-14,Maritime Crime,Robbery/ Theft,2,Maritime,Straits of Malacca & Singapore,,"Approximately 4.3 nm northwest from Pulau Cula (Indonesia), in the eastbound lane of the TSS",1.047667,103.639333,Saga Fjord,,GENERAL CARGO SHIP,,"T While underway, seven to eight perpetrators were sighted in the engine room and workshop. They entered the engine room by breaking the lock of the aft steering room door. One of the robbers had a gun-like weapon and threatened the third engineer in the workshop. The master raised alarm and all crew mustered to conduct a search, but no perpetrator was found. Some tools and engine spare parts were reported stolen. The crew members were not injured. he master reported the incident to the Singapore VTIS. Safety navigational broadcast was initiated. The RSN’s MSTF and Singapore PCG were notified of the incident. Information of the incident was shared with the Indonesian authorities.",,,,While Sailing,,,,https://www.recaap.org/alerts,Needs canonical event resolution,"Flag: HONG KONG, CHINA"
OBS_000476,,recaap_incidents_2024_2026,2024-26,2024-11-13,Maritime Crime,Robbery/ Theft,3,Maritime,Straits of Malacca & Singapore,,"Approximately 2.3 nm northwest from Pulau Cula (Indonesia), in the eastbound lane of the TSS",1.070333,103.686167,Oshima Trader,,BULK CARRIER,,"T While underway, three to four perpetrators were sighted in the engine room. Two people were armed with machetes and one person carried a gun-like object. The alarm was raised and all crew mustered at the bridge. The search was not conducted and the suspected perpetrators were still on board at that time. Singapore PCG later boarded the ship at anchorage and conducted a thorough search. But no perpetrators were found. All crew members were accounted for and there were no injuries. Some engine spares were stolen. he master reported the incident to the Singapore VTIS West. Safety navigational broadcast was initiated. The RSN’s MSTF and Singapore PCG were notified of the incident. Information of the incident was shared with the Indonesian authorities.",,,,While Sailing,,,,https://www.recaap.org/alerts,Needs canonical event resolution,Flag: PHILIPPINES
OBS_000477,,recaap_incidents_2024_2026,2024-28,2024-10-26,Maritime Crime,Attempted,NA,Maritime,Straits of Malacca & Singapore,,"Approximately 6.7 nm northeast of Pulau Cula (Indonesia), in the eastbound lane of the TSS",1.137167,103.7565,AOM Bianca,,BULK CARRIER,,"T T While underway, the deck rover heard some noise at the port side poop deck. Upon verifying using the Aldis lamp, he sighted one perpetrator planning to board the ship through a pole with a hook. The deck rover shouted at the perpetrator, who immediately jumped back to a small boat which another perpetrator manoeuvred away. he general alarm was raised and the crew carried out a thorough search to ensure no other perpetrator onboard the ship. Nothing was stolen and crew members were safe. he incident was reported to Singapore Vessel Traffic Information System (VTIS). Safety navigational broadcast was initiated. The Republic of Singapore Navy's (RSN) Maritime Security Task Force (MSTF) and Singapore Police Coast Guard (PCG) were notified of the incident.",,,,While Sailing,,,,https://www.recaap.org/alerts,Needs canonical event resolution,Flag: SINGAPORE
OBS_000478,,recaap_incidents_2024_2026,2024-29,2024-10-25,Maritime Crime,Robbery/ Theft,3,Maritime,Straits of Malacca & Singapore,,"Approximately 10.1 nm southeast of Pulau Iyu Kecil (Indonesia), in the eastbound lane of the TSS",1.133333,,GL La Paz,,BULK CARRIER,,"T While underway, four perpetrators armed with gun-like objects boarded the bulk carrier from a wooden boat. The perpetrators were thin and in T-shirts and brown short jeans. The duty oiler encountered them in the engine room and raised the alarm. The perpetrators pointed gun-like objects at the crew before escaping. Crew mustered and a search conducted onboard the ship. There was no damage to the ship and the crew was not injured. Some engine spares were stolen. he master reported the incident to IMB, and was relayed to Singapore PCG and Indonesian Marine Police HQ. Safety navigational broadcast was initiated. The RSN’s MSTF was also notified of the incident. Information of the incident was shared with the Indonesian authorities.",,,,While Sailing,,,,https://www.recaap.org/alerts,Needs canonical event resolution,Flag: PANAMA
OBS_000479,,recaap_incidents_2024_2026,2024-30,2024-10-23,Maritime Crime,Robbery/ Theft,2,Maritime,Straits of Malacca & Singapore,,"Approximately 2.5 nm northwest of Pulau Cula (Indonesia), in the eastbound lane of the TSS",1.069667,,Al Derwazah,,TANKER,,"T While underway, six perpetrators armed with knives were sighted in the engine room. One crew was threatened and his personal belongings, including a gold chain, tablet and mobile phone were robbed. The alarm was raised and crew mustered to conduct a search onboard the ship. No perpetrators were found. All crew members were accounted for. The crew was not injured. he master reported the incident to Singapore VTIS West. Safety navigational broadcast was initiated. The RSN’s MSTF and Singapore PCG were notified of the incident. Information of the incident was shared with the Indonesian authorities.",,,,While Sailing,,,,https://www.recaap.org/alerts,Needs canonical event resolution,Flag: KUWAIT
OBS_000480,,recaap_incidents_2024_2026,2024-33,2024-10-18,Maritime Crime,Robbery / Theft,3,Maritime,Straits of Malacca & Singapore,,"Approximately 4.6 nm east of Pulau Karimun Kecil (Indonesia), in the eastbound lane of the TSS",1.1305,103.490333,Nyon,,BULK CARRIER,,"T T While underway, five perpetrators armed with knives were sighted in the engine room of the ship. The alarm was raised and all crew mustered to conduct a search. No perpetrators were found and nothing was stolen. All crew members were accounted for and safe. he incident was reported to Singapore VTIS West. Safety navigational broadcast was initiated. The RSN’s MSTF and Singapore PCG were notified of the incident. he PCG boarded the ship upon her arrival at Singapore Anchorage, and conducted a search. No perpetrators were found onboard. Information of the incident was shared with the Indonesian authorities.",,,,While sailing,,,,https://www.recaap.org/alerts,Needs canonical event resolution,Flag: MARSHALL ISLANDS
OBS_000481,,recaap_incidents_2024_2026,2024-32,2024-10-18,Maritime Crime,Robbery / Theft,2,Maritime,Straits of Malacca & Singapore,,"Approximately 5.5 nm east of Pulau Karimun Kecil (Indonesia), in the eastbound lane of the TSS",1.131333,103.5055,Aspasia Luck,,BULK CARRIER,,"T U While underway, 10 perpetrators armed with knives were sighted in the engine room of the ship. The alarm was raised and crew mustered to conduct a search onboard the ship. No perpetrators were found and some engine spare parts were stolen. All crew members were accounted for without injury. he master reported the incident to Singapore VTIS West. Safety navigational broadcast was initiated. The RSN’s MSTF and Singapore PCG were notified of the incident. pon the ship’s arrival at Singapore Anchorage, PCG boarded the ship and conducted a thorough search onboard but did not find any perpetrators. Information of the incident was shared with the Indonesian authorities.",,,,While Sailing,,,,https://www.recaap.org/alerts,Needs canonical event resolution,Flag: LIBERIA
OBS_000482,,recaap_incidents_2024_2026,2024-34,2024-10-17,Maritime Crime,Robbery / Theft,3,Maritime,Indonesia (Ports/Anchorages),,"Medan Anchorage, Indonesia",3.898333,98.8,BW Kestrel,,TANKER,,"T At Anchor While at anchor, the duty AB noticed someone hiding in the hawse pipe and sighted a small boat near to the ship anchor chain. The duty AB immediately reported the sighting to the Officer of the Watch (OOW) and shouted at the boat man to deter the perpetrators. The duty AB retreated to the accommodation block and updated OOW. He subsequently spotted another perpetrator at the starboard winch holding a machete. The OOW raised ship alarm and announced via the PA system of the armed perpetrators onboard. The perpetrators then escaped from the ship. A search was conducted onboard. No suspicious person was discovered. All crew members were safe and some unsecured items were stolen. he incident was reported to the local agent and the ship’s security watch manning was increased from two to four men. Shore duty watchmen service was also engaged for the remaining days at Medan Anchorage. The company initiated an investigation into this incident.",,,,,,,,https://www.recaap.org/alerts,Needs canonical event resolution,Flag: SINGAPORE
OBS_000483,,recaap_incidents_2024_2026,2024-35,2024-10-16,Maritime Crime,Robbery / Theft,4,Maritime,Indonesia (Ports/Anchorages),,"Panjang Anchorage, Indonesia",-5.500833,105.2875,Genco Constellation,,BULK CARRIER,,"At Anchor While at anchor, the ship was awaiting berthing instructions when the duty AB saw one perpetrator climbing the ship railing from aft poop deck. The duty AB shouted at the perpetrator and alerted the duty officer. On seeing the duty AB, the perpetrator jumped into the water and escaped in a small boat, with three other perpetrators in the boat. The duty officer immediately reported to the master and the VTS. The crew was not injured and old spare parts of generator were stolen. The incident was reported to Panjang VTS, and shared with the flag State.",,,,,,,,https://www.recaap.org/alerts,Needs canonical event resolution,Flag: MARSHALL ISLANDS
OBS_000484,,recaap_incidents_2024_2026,2024-36,2024-10-12,Maritime Crime,Robbery / Theft,2,Maritime,Bangladesh (Ports/Anchorages),,"Kutubdia Anchorage, Bangladesh",21.811667,91.798333,MV YM Advance,,BULK CARRIER,,"T At Anchor While at anchor, the local watchmen onboard noticed two perpetrators on the forward deck and raised the alarm. On hearing the alarm, the perpetrator escaped in a small boat. There were 10-12 perpetrators in total, among whom, two boarded the ship by throwing grapnel and rope. The crew and watchmen were safe, but two mobile phones were snatched and some ship property/stores were stolen. he incident was not reported to the BCG immediately. The BCG was informed of the incident four days later through IMB. An investigation was carried out by BCG.",,,,,,,,https://www.recaap.org/alerts,Needs canonical event resolution,Flag: MARSHALL ISLANDS
OBS_000485,,recaap_incidents_2024_2026,2024-37,2024-10-02,Maritime Crime,Robbery / Theft,3,Maritime,Straits of Malacca & Singapore,,"Approximately 2.3 nm north of Pulau Cula (Indonesia), in the eastbound lane of the TSS",1.079,103.718,Torex,,TANKER,,"T While underway, five perpetrators armed with knives were sighted boarding the stern of the ship, and in the engine room. The master raised the alarm and crew was mustered to conduct a search, but no perpetrators were found onboard. Some engine room spares were reported stolen from the engine room. The crew was not injured. No further assistance was required by the Master and the ship resumed her voyage to China. he master reported the incident to Singapore VTIS. Safety navigational broadcast was initiated. The RSN’s MSTF and Singapore PCG were notified of the incident. Information of the incident was shared with the Indonesian authorities.",,,,While Sailing,,,,https://www.recaap.org/alerts,Needs canonical event resolution,Flag: COOK ISLANDS
OBS_000486,,recaap_incidents_2024_2026,2024-38,2024-09-30,Maritime Crime,Robbery / Theft,3,Maritime,Straits of Malacca & Singapore,,"Approximately 3.3 nm north of Pulau Cula (Indonesia), in the eastbound lane of the TSS",1.093333,103.728333,New Destiny,,BULK CARRIER,,"T U While sailing, five perpetrators with gun-like objects were sighted in the engine room. The crew was mustered and a search conducted, but no perpetrators were found. It could not be confirmed whether any property was stolen. The crew was not injured. he master reported the incident to the Singapore VTIS West. Safety navigational broadcast was initiated. The RSN’s MSTF and Singapore PCG were notified of the incident. pon the ship’s arrival at port of Singapore, the PCG boarded the ship and conducted a thorough search, and no perpetrators were found onboard. The information was also shared with the Indonesian authorities.",,,,While Sailing,,,,https://www.recaap.org/alerts,Needs canonical event resolution,Flag: MARSHALL ISLANDS
OBS_000487,,recaap_incidents_2024_2026,2024-39,2024-09-22,Maritime Crime,Robbery / Theft,1,Maritime,Indonesia (Seas/Straits),,"Approximately 47 nm south of Tanjung Malatayur, Central Kalimantan, Indonesia",-4.203833,113.827,Royal TB 17 & OB Royal 17,,TUG BOAT & BARGE,,"T O While the tug boat towing barge was enroute from Bagendang Port, Sampit, to Stagen Kotabaru, five perpetrators in a small boat approached the vessels. Four of the perpetrators boarded the barge, while one perpetrator waited in the small boat. The perpetrators, carrying firearms and sharp weapons, locked the crew members onboard the barge inside the toilet. he perpetrators then moved to the tug boat, where they threatened and restrained the master and crew in the mess room, binding them with plastic ropes. The perpetrators subsequently siphoned the FAME (Fatty Acid Methyl Ester) cargo onto a tanker, and also stole 21 mobile phones, cash amounting to approximately IDR 17,200,000, and navigational equipment such as a Furuno radar and binoculars. The perpetrators also damaged communication and navigational tools onboard the ship before they escaped. The incident lasted between eight and 10 hours. n 1 Nov 2024, it was reported that the Central Kalimantan Police had arrested 14 suspected perpetrators of the incident.",,,,While Sailing,,,,https://www.recaap.org/alerts,Needs canonical event resolution,Flag: INDONESIA
OBS_000488,,recaap_incidents_2024_2026,2024-42,2024-09-14,Maritime Crime,Robbery / Theft,3,Maritime,Straits of Malacca & Singapore,,"Approximately 5.9 nm northwest of Pulau Cula (Indonesia), in the eastbound lane of the TSS",1.069667,103.617833,Sea Voyager,,BULK CARRIER,,"T T While underway, five perpetrators with knives were sighted in the steering room of the ship. The alarm was raised and all crew mustered to conduct a search to locate the perpetrators. The crew was not injured. Nothing was reported stolen from the ship. he incident was reported to Singapore VTIS. Safety navigational broadcast was initiated. The RSN’s MSTF and Singapore PCG were notified of the incident. he PCG boarded the ship upon her arrival at Singapore port and conducted a search. No perpetrators were found onboard. Information of the incident was shared with the Indonesian authorities.",,,,While Sailing,,,,https://www.recaap.org/alerts,Needs canonical event resolution,Flag: PANAMA
OBS_000489,,recaap_incidents_2024_2026,2024-41,2024-09-14,Maritime Crime,Robbery / Theft,4,Maritime,Malaysia (Seas/Straits),,"Approximately 2.2 nm south of Pulau Mungging, within Johor Port Limit, Malaysia",1.254167,104.030833,Target 10 & Alam 281,,TUG BOAT & BARGE,,"T While underway, the tug boat master reported that some scrap metal on its towing barge were taken away by perpetrators via a sampan. All crew mustered and a search was conducted. The crew members were safe. he incident was reported to Singapore VTIS. Safety navigational broadcast was initiated. The RSN’s MSTF and Singapore PCG were notified of the incident. Information of the incident was shared with the Malaysian and Indonesian authorities.",,,,While Sailing,,,,https://www.recaap.org/alerts,Needs canonical event resolution,Flag: MALAYSIA
OBS_000490,,recaap_incidents_2024_2026,2024-40,2024-09-14,Maritime Crime,Robbery / Theft,4,Maritime,Straits of Malacca & Singapore,,"Approximately 4 nm northwest of Pulau Cula (Indonesia), in the eastbound lane of the TSS",1.254167,103.6475,Atlantic Tiger,,BULK CARRIER,,"T T While underway, six to seven perpetrators were sighted in the vicinity of port quarter of the ship. All crew mustered to conduct a search. The crew was not injured. Engine spares were stolen from the ship. he incident was reported to Singapore VTIS. Safety navigational broadcast was initiated. The Republic of RSN’s MSTF and Singapore PCG were notified of the incident. he PCG boarded the ship upon her arrival at Singapore Port, and conducted a search. No perpetrators were found onboard. Information of the incident was shared with the Indonesian authorities.",,,,While Sailing,,,,https://www.recaap.org/alerts,Needs canonical event resolution,Flag: MARSHALL ISLANDS
OBS_000491,,recaap_incidents_2024_2026,2024-43,2024-08-27,Maritime Crime,Robbery / Theft,3,Maritime,Straits of Malacca & Singapore,,"Approximately 4.2 nm from Pulau Nongsa Lighthouse (Indonesia), in the eastbound lane of the TSS",1.254167,104.030833,Lucky Long,,BULK CARRIER,,"S U While underway, five perpetrators, of which two carried knives/parang, were sighted in the engine room. Officer on watch raised the alarm and mustered crew to conduct a search to locate the perpetrators. The master reported that all crew were accounted for with no injury reported, and incident was generator spares were found missing. The reported to the Singapore VTIS East. The ship resumed her voyage to Singapore. afety navigational broadcast was initiated. The RSN’s MSTF and Singapore PCG were notified of the incident. Information of the incident was shared with the Indonesian authorities. pon the ship's arrival at port of Singapore, the PCG boarded the ship, conducted a thorough search onboard. No perpetrators were found.",,,,While Sailing,,,,https://www.recaap.org/alerts,Needs canonical event resolution,Flag: PANAMA
OBS_000492,,recaap_incidents_2024_2026,2024-44,2024-08-23,Maritime Crime,Robbery / Theft,4,Maritime,Straits of Malacca & Singapore,,"Approximately 3.6 nm southeast of Tanjung Setapa (Malaysia), in the westbound lane of the TSS",1.283667,104.143667,Jin Hwa 49 & Jin Hwa 39,,TUG BOAT & BARGE,,"T While underway, seven unauthorised personnel from two sampans (small boats) boarded the barge. The perpetrators left with some scrap metal from the barge. The crew was not injured and no assistance was required. he incident was reported to the Singapore VTIS East. Safety navigational broadcast was initiated. The RSN's MSTF and Singapore PCG were notified of the incident.",,,,While Sailing,,,,https://www.recaap.org/alerts,Needs canonical event resolution,Flag: MALAYSIA
OBS_000493,,recaap_incidents_2024_2026,2024-45,2024-08-11,Maritime Crime,Robbery / Theft,4,Maritime,Straits of Malacca & Singapore,,"Approximately 2.6 nm north of Pulau Cula (Indonesia), in the eastbound lane of the TSS",1.08,103.713333,Aphrodite L,,BULK CARRIER,,"T While underway, two perpetrators were sighted at the poop deck. Upon being sighted by the crew, the perpetrators jumped overboard. The ship general alarm was raised and crew mustered to conduct a search. No perpetrators found and no loss of property. All crew members were safe. he incident was reported to Singapore VTIS. Safety navigational broadcast was initiated. The RSN’s MSTF and Singapore PCG were notified of the incident. The PCG boarded the ship at Singapore anchorage to conduct a security search and investigation, and reported no perpetrators found onboard, and no property stolen. Information of the incident was shared with the Indonesian and Malaysian authorities.",,,,While Sailing,,,,https://www.recaap.org/alerts,Needs canonical event resolution,Flag: LIBERIA
OBS_000494,,recaap_incidents_2024_2026,2024-46,2024-08-06,Maritime Crime,Robbery / Theft,2,Maritime,Straits of Malacca & Singapore,,"Approximately 4.3 nm from Pulau Cula (Indonesia), in the eastbound lane of the TSS",1.051667,103.638333,Ultra Colonsay,,BULK CARRIER,,"T While underway, five to six perpetrators with knives were sighted in the engine room. The ship's general alarm was raised and crew mustered to conduct a search. Upon hearing the alarm, the perpetrators escaped. The perpetrators had tied the Chief Engineer's (CE) hands and feet with rope, but the CE managed to free himself after the perpetrators had escaped. Some engine spare parts and the Chief Engineer’s cellphone were stolen. All crew members were safe. he incident was reported to Singapore VTIS. Navtex broadcast was initiated to alert other vessels in the area to exercise caution and step up anti-piracy watch. The Singapore PCG boarded the ship when at anchorage and reported no perpetrators were found onboard. Information of the incident was shared with the MRCCs of Indonesia and Malaysia.",,,,While Sailing,,,,https://www.recaap.org/alerts,Needs canonical event resolution,Flag: PANAMA
OBS_000495,,recaap_incidents_2024_2026,2024-47,2024-08-05,Maritime Crime,Robbery / Theft,4,Maritime,Straits of Malacca & Singapore,,"Off Tanjung Tondong (Indonesia), in the eastbound lane of the TSS",1.257167,104.191667,HK Tug 3 & LKH 3883,,TUG BOAT & BARGE,,"T While underway, several small boats carrying an unknown number of perpetrators approached and boarded the barge. They transferred scrap metal from the barge to the small boats and the perpetrators left after about half an hour later. Scrap metal was stolen from the barge. The crew was safe. he incident was reported to Singapore Port Operations Control Centre (POCC).",,,,While Sailing,,,,https://www.recaap.org/alerts,Needs canonical event resolution,Flag: SINGAPORE
OBS_000496,,recaap_incidents_2024_2026,2024-48,2024-08-04,Maritime Crime,Robbery / Theft,4,Maritime,Indonesia (Ports/Anchorages),,"Pulau Batam Anchorage, Indonesia",1.1615,103.961667,Spec Nichole,,SUPPLY VESSEL,,"At Anchor While anchored, two unauthorised persons boarded the ship later and escaped with ship’s properties. The theft was discovered in the morning by the crew.",,,,,,,,https://www.recaap.org/alerts,Needs canonical event resolution,Flag: LIBERIA
OBS_000497,,recaap_incidents_2024_2026,2024-50,2024-07-29,Maritime Crime,Robbery / Theft,4,Maritime,Straits of Malacca & Singapore,,"About 3.2 nm north west of Pulau Cula (Indonesia), in the eastbound lane of the TSS",1.063333,103.668333,Berge Mauna Loa,,BULK CARRIER,,"T in the While underway, three perpetrators were sighted steering gear room. The perpetrators escaped upon the activation of the ship's general alarm. A search was conducted with no further sighting of the perpetrators. Nothing was stolen and all crew members were safe. he incident was reported to Singapore VTIS. Safety navigational broadcast was initiated. The RSN's MSTF and Singapore PCG were notified of the incident. The PCG boarded the vessel upon her arrival at the Port of Singapore and conducted a thorough search. No perpetrators were found on board. Information of the incident was shared with the Indonesian authorities.",,,,While Sailing,,,,https://www.recaap.org/alerts,Needs canonical event resolution,Flag: ISLE OF MAN
OBS_000498,,recaap_incidents_2024_2026,2024-49,2024-07-29,Maritime Crime,Robbery / Theft,3,Maritime,Straits of Malacca & Singapore,,"Approximately 2.3 nm northwest of Pulau Cula (Indonesia), in the eastbound lane of the TSS",1.058333,103.676667,Thisseas,,BULK CARRIER,,"T While underway, five perpetrators with knives were sighted at the poop deck. The perpetrators escaped upon the activation of the ship's general alarm. A search was conducted with no further sighting of the perpetrators. Nothing was stolen and all crew members were safe. he incident was reported to Singapore VTIS. Safety navigational broadcast was initiated. The RSN’s MSTF and Singapore PCG were notified of the incident. The PCG boarded the vessel upon her arrival at the Port of Singapore and conducted a thorough search. No perpetrators were found onboard. Information of the incident was shared with the Indonesian authorities.",,,,While Sailing,,,,https://www.recaap.org/alerts,Needs canonical event resolution,Flag: LIBERIA
OBS_000499,,recaap_incidents_2024_2026,2024-51,2024-07-23,Maritime Crime,Robbery / Theft,3,Maritime,Straits of Malacca & Singapore,,"Approximately 3.19 nm north of Pulau Cula (Indonesia), in the eastbound lane of the TSS",1.093333,103.718333,Corinna,,BULK CARRIER,,"T While underway, five perpetrators with knives were sighted at the entrance of the ship’s engine room. The alarm was raised and all crew mustered to conduct a search. The crew was not injured. Engine spare parts were stolen from the ship. he incident was reported to Singapore VTIS. Safety navigational broadcast was initiated. The RSN's MSTF and Singapore PCG were notified of the incident. The PCG boarded the vessel at Singapore anchorage and reported no abnormalities and no perpetrators found onboard. Information of the incident was shared with the Indonesian authorities.",,,,While Sailing,,,,https://www.recaap.org/alerts,Needs canonical event resolution,Flag: GREECE
OBS_000500,,recaap_incidents_2024_2026,2024-52,2024-07-21,Maritime Crime,Robbery / Theft,3,Maritime,Indonesia (Ports/Anchorages),,"Kuala Tanjung Anchorage, Indonesia",3.433333,99.45,Earth Harmony,,BULK CARRIER,,"At Anchor While anchored, three perpetrators armed with long knives boarded the ship. They entered the engine room, took the duty engine crew hostage and tied him up. Before leaving the ship, they stole the ship’s engine spares, released the duty crew and escaped. The alarm was raised, the crew mustered and the incident was reported to the Port Facility through the agent.",,,,,,,,https://www.recaap.org/alerts,Needs canonical event resolution,Flag: PANAMA
OBS_000501,,recaap_incidents_2024_2026,2024-53,2024-07-16,Maritime Crime,Robbery / Theft,2,Maritime,Straits of Malacca & Singapore,,"Approximately 1.3 nm from Pulau Takong Light (Indonesia), in the eastbound lane of the TSS",1.083333,103.72,Wadi Feran,,BULK CARRIER,,"T While underway, five perpetrators armed with knives and guns were sighted in the engine room. The ship general alarm was raised and crew mustered. A search was conducted. All crew members were accounted for, no injury to crew and no assistance required. he master reported the incident to Singapore VTIS. Safety navigational broadcast was initiated. Singapore PCG boarded the ship on her arrival at the anchorage and completed the search. No perpetrators were found. The RSN’s MSTF was also notified. Information of the incident was shared with the Indonesian and Malaysian authorities.",,,,While Sailing,,,,https://www.recaap.org/alerts,Needs canonical event resolution,Flag: EGYPT
OBS_000502,,recaap_incidents_2024_2026,2024-54,2024-07-15,Maritime Crime,Robbery / Theft,4,Maritime,Straits of Malacca & Singapore,,"Approximately 7.5 nm of Tanjung Tondong, Indonesia, in the eastbound lane of the TSS",1.268333,104.222833,HK Tug 9 & LKH 2882,,TUG BOAT & FLAT TOP DECK CARGO BARGE,,"T T While the tug boat towing barge was underway from Jurong Port, Singapore to Cigading, Indonesia, three small boats carrying 10 perpetrators approached and boarded the barge at about 1620 hrs hey transferred scrap metals from the barge onto their boats. The perpetrators stopped and fled when they sighted a RSN warship in the vicinity at around 1650 hrs. However, at around 1720 hrs after the RSN warship left the vicinity, the boats returned to the barge to steal more scrap metals. No injury or damage to the barge or the tug boat was reported. Scrap metals were stolen from the barge. The crew was safe. he incident was reported to the VTIS East.",,,,While Sailing,,,,https://www.recaap.org/alerts,Needs canonical event resolution,Flag: SINGAPORE
OBS_000503,,recaap_incidents_2024_2026,2024-55,2024-07-08,Maritime Crime,Robbery / Theft,4,Maritime,Straits of Malacca & Singapore,,"Approximately 3.4 nm from Pulau Cula (Indonesia), in the eastbound lane of the TSS",1.059667,103.657667,Orihime,,BULK CARRIER,,"A S While underway, the master reported to Singapore VTIS that four perpetrators were sighted at ship's stern. The master raised the alarm and all ship crew were mustered to conduct a search onboard. At about 0540 hrs, the ship reported that all crew were accounted for with no injury, nothing was stolen from the ship and no assistance was required. The ship was enroute from Tubarao, Brazil to Singapore. safety navigational broadcast was initiated. The RSN’s MSTF and Singapore PCG were notified of the incident. Information of the incident was shared with the Indonesian and Malaysian authorities. ingapore PCG boarded the ship at Singapore anchorage and reported no perpetrators found onboard.",,,,While Sailing,,,,https://www.recaap.org/alerts,Needs canonical event resolution,Flag: JAPAN
OBS_000504,,recaap_incidents_2024_2026,2024-56,2024-06-27,Maritime Crime,Robbery / Theft,4,Maritime,Straits of Malacca & Singapore,,"Approximately 7.7 nm from Pulau Iyu Kecil (Indonesia), in the precautionary area of the TSS",1.174667,103.4785,Ivestos 8,,BULK CARRIER,,"T A While underway, the master reported to Singapore VTIS that one perpetrator was sighted in the steering gear room. he alarm was raised and all crew mustered to conduct search onboard the ship. The master declared nothing was stolen, the crew was safe and no further assistance required. The ship was enroute from Santos, Brazil to pick up her pilot from Tanjung Pelepas, Malaysia. safety navigational broadcast was initiated. The RSN’s MSTF and Singapore PCG were notified. Information of the incident was shared with the Indonesian and Malaysian authorities.",,,,While Sailing,,,,https://www.recaap.org/alerts,Needs canonical event resolution,Flag: LIBERIA
OBS_000505,,recaap_incidents_2024_2026,2024-57,2024-06-25,Maritime Crime,Robbery / Theft,4,Maritime,Indonesia (Ports/Anchorages),,"Kabil Anchorage, Indonesia",1.115,104.176667,Dongbang Giant No. 6,,HEAVY TRANSPORT VESSEL,,"T At Anchor While anchored, two perpetrators boarded the ship, stole engine spare parts and escaped. The alarm was raised and crew mustered. The crew was not injured. he incident was reported to Vessel Traffic Service (VTS) and Indonesian authorities boarded the ship for investigation.",,,,,,,,https://www.recaap.org/alerts,Needs canonical event resolution,Flag: REPUBLIC OF KOREA
OBS_000506,,recaap_incidents_2024_2026,2024-60,2024-06-15,Maritime Crime,Attempted,NA,Maritime,Bangladesh (Ports/Anchorages),,"Anchorage area ‘A’, Chattogram Anchorage, Bangladesh",22.316667,91.733333,Belatlantic,,BULK CARRIER,,"At Anchor While anchored, the watchman and duty crew spotted six perpetrators attempting to board the ship through the chain hawse pipe from a small boat. Upon realising the crew had been alerted, the perpetrators aborted the attempt and escaped immediately.",,,,,,,,https://www.recaap.org/alerts,Needs canonical event resolution,Flag: NORWAY
OBS_000507,,recaap_incidents_2024_2026,2024-59,2024-06-15,Maritime Crime,Robbery / Theft,3,Maritime,Straits of Malacca & Singapore,,"Approximately 4.4 nm from Pulau Cula (Indonesia), in the eastbound lane of the TSS",1.041667,103.6395,Ivestos 9,,BULK CARRIER,,"T While underway, the engine crew sighted four perpetrators armed with knives in the engine room and notified the watch officer on the bridge immediately. The bridge officer raised the alarm. The perpetrators escaped upon realising the crew had been alerted. The crew was mustered and a search onboard was conducted. No perpetrators were found and some engine spares were stolen. The crew was not injured. he master reported the incident to Singapore POCC via email. A safety navigational broadcast was initiated. The RSN’s MSTF and Singapore PCG were notified. Information of the incident was shared with the Indonesian authorities.",,,,While Sailing,,,,https://www.recaap.org/alerts,Needs canonical event resolution,Flag: LIBERIA
OBS_000508,,recaap_incidents_2024_2026,2024-58,2024-06-15,Maritime Crime,Attempted,NA,Maritime,Straits of Malacca & Singapore,,"Approximately 3 nm north of Pulau Batam (Indonesia), in the eastbound lane of the TSS",1.241667,104.058333,Fairchem Conquest,,BULK CARRIER,,"While underway, the bridge team sighted a suspicious boat on its port bow with very dim lighting. The ship altered its course to starboard to keep a safe distance from the boat. However, at a distance of about 1.5 miles, the boat suddenly started flashing lights and accelerated, making a desperate attempt to board the ship. The ship performed evasive manoeuvres to deter the boarding attempt, and immediately notified Singapore VTIS East. Upon sighting a RSN ship in the vicinity, the small boat aborted its attempt and moved away from the ship. The ship had implemented additional lookout measures to monitor for suspicious boats as part of its security measures.",,,,While Sailing,,,,https://www.recaap.org/alerts,Needs canonical event resolution,Flag: PANAMA
OBS_000509,,recaap_incidents_2024_2026,2024-61,2024-06-11,Maritime Crime,Robbery / Theft,2,Maritime,Straits of Malacca & Singapore,,"Approximately 5.3 nm west of Pulau Cula (Indonesia), in the eastbound lane of the TSS",1.056667,103.625,Santa Regina,,BULK CARRIER,,"A T While underway, six perpetrators armed with knives entered the engine room through the steering gear door, tied up two crew (oilers) in the engine room workshop and stole the engine spares. n engineer discovered the tied-up crew and informed the master. The master raised alarm and crew mustered. Search was conducted with no further sighting of the perpetrators. he master reported the incident through his agent to Singapore POCC via email. The RSN’s MSTF and Singapore PCG were informed. Information of the incident was shared with the Indonesian authority.",,,,While Sailing,,,,https://www.recaap.org/alerts,Needs canonical event resolution,Flag: PANAMA
OBS_000510,,recaap_incidents_2024_2026,2024-62,2024-06-10,Maritime Crime,Robbery / Theft,3,Maritime,Straits of Malacca & Singapore,,"Approximately 15 nm west of Pulau Cula (Indonesia), in the precautionary area of the TSS",1.138333,103.481667,G.B. Corrado,,BULK CARRIER,,"T While underway, the ship engineer sighted four perpetrators armed with knives in the engine room. The master raised the alarm and mustered the crew. A search was conducted and some engine spares were missing. The crew was not injured. he master reported the incident through his local agent via email to Singapore POCC. A safety navigational broadcast was initiated. The RSN’s MSTF and Singapore PCG was notified. Information about the incident was shared with the Indonesian authority.",,,,While Sailing,,,,https://www.recaap.org/alerts,Needs canonical event resolution,Flag: BAHAMAS
OBS_000511,,recaap_incidents_2024_2026,2024-63,2024-06-05,Maritime Crime,Robbery / Theft,3,Maritime,Indonesia (Ports/Anchorages),,"Pulau Batam Anchorage, Indonesia",1.157833,103.975667,Avatar Courage,,TUG/SUPPLY VESSEL,,"T T At Anchor While anchored, the duty able bodied (AB) spotted three perpetrators armed with long knives at the starboard rescue zone of the ship. The perpetrators were suspected to board the ship with ropes and ship fenders. he perpetrators attempted to attack the AB but he managed to escape and ran into the ship accommodation block with the door locked from inside. The AB reported the incident to the duty bridge officer, who raised the general alarm and announced via the PA system about the armed perpetrators onboard. All crew were called to assemble at the navigation bridge. The ship security officer alerted the Batam VTS and the Company Security Officer (CSO) to request for immediate assistance. he Indonesian Navy and Coast Guard arrived at 0150 hrs and 0210 hrs respectively, but no perpetrator was found onboard. The Indonesian Navy then continued to escort the vessel until daylight hour. The crew was not injured and nothing was stolen.",,,,,,,,https://www.recaap.org/alerts,Needs canonical event resolution,Flag: SINGAPORE
OBS_000512,,recaap_incidents_2024_2026,2024-64,2024-05-29,Maritime Crime,Robbery / Theft,4,Maritime,Vietnam (Ports/Anchorages),,"Phu My Anchorage, Vietnam",10.2,107.05,AAL Merkur,,GENERAL CARGO SHIP,,"T At Anchor While anchored, a duty ordinary seaman (OS) patrolling the forecastle area spotted a perpetrator climbing over the ship railings using a rope. He wore a dark blue t-shirt and pants. The duty OS shouted at the perpetrator immediately, and reported to the OOW. The perpetrator jumped back immediately into a wooden boat, with two other perpetrators in the boat, and escaped. Nothing was stolen. he master reported the incident to local VTS via Channel 16, as well as the CSO.",,,,,,,,https://www.recaap.org/alerts,Needs canonical event resolution,Flag: LIBERIA
OBS_000513,,recaap_incidents_2024_2026,2024-66,2024-05-25,Maritime Crime,Robbery / Theft,3,Maritime,Indonesia (Ports/Anchorages),,"Dumai Anchorage, Indonesia",1.7,101.483333,Irvine Bay,,BULK CARRIER,,"T At Anchor While anchored, four perpetrators armed with knives and iron bars boarded the bulk carrier from a wooden craft. Three of the perpetrators wore long-sleeved black tops, pants and caps, while one perpetrator wore a half-sleeved t-shirt and shorts. The perpetrators stole ship’s engine spares and escaped. The crew was not injured. he incident was reported to Dumai VTS via VHF and the agent registered a complaint with the police. The local police boarded the ship and investigation is in progress.",,,,,,,,https://www.recaap.org/alerts,Needs canonical event resolution,"Flag: HONG KONG, CHINA"
OBS_000514,,recaap_incidents_2024_2026,2024-68,2024-05-21,Maritime Crime,Robbery / Theft,2,Maritime,Straits of Malacca & Singapore,,"Approximately 3 nm west of Pulau Cula (Indonesia), in the eastbound lane of the TSS",1.046667,103.661667,GCL Leader,,BULK CARRIER,,"S T While underway, the master reported to Singapore VTIS on VHF that five perpetrators armed with knives were sighted in the steering gear room, with the oiler being restrained. The alarm was raised and crew mustered. All crew members were accounted for, with no injury to crew and no assistance required. Some engine spare parts were stolen. afety navigational broadcast was initiated. The RSN’s MSTF and Singapore PCG were notified. Information was shared with the Indonesian authority. he ship proceeded to Singapore anchorage to pick up pilot. Upon the ship’s arrival, Singapore PCG conducted an inspection onboard.",,,,While Sailing,,,,https://www.recaap.org/alerts,Needs canonical event resolution,Flag: LIBERIA
OBS_000515,,recaap_incidents_2024_2026,2024-67,2024-05-21,Maritime Crime,Robbery / Theft,4,Maritime,South China Sea,,"Approximately 5.23 nm from Tompok Utara Beacon, Malaysia",1.502667,104.522833,Marvel 3 & Seronggong 8,,TUG BOAT & BARGE,,"S While the tug boat towing barge was underway, perpetrators in five small boats came alongside and boarded the barge. The alarm was raised and the crew was instructed to stay within the accommodation. The master reported the incident to Singapore VTIS. At about 1745 hrs, the perpetrators left the barge with some scrap metals and escaped in their boats. The crew was not injured. afety navigational broadcast was initiated. The RSN’s MSTF and Singapore PCG were notified. Information of the incident was shared with the Indonesian and Malaysian authorities.",,,,While Sailing,,,,https://www.recaap.org/alerts,Needs canonical event resolution,Flag: MALAYSIA
OBS_000516,,recaap_incidents_2024_2026,2024-69,2024-05-15,Maritime Crime,Robbery / Theft,4,Maritime,Indonesia (Ports/Anchorages),,"Dumai Anchorage, Indonesia",1.7,101.466667,Murou,,GENERAL CARGO SHIP,,"At Anchor While anchored and awaiting cargo, a deck officer on watch duty spotted a small boat alongside the port stern of the ship. At the same time, three perpetrators were seen near the funnel. The deck officer shouted at the perpetrators immediately and reported to the duty officer, who informed the master. The alarm was sounded and an announcement was made about the presence of the perpetrators onboard. The duty officer subsequently noticed the three perpetrators jumping off the ship and escaped in the small boat. All crew members were safe and nothing was stolen.",,,,,,,,https://www.recaap.org/alerts,Needs canonical event resolution,Flag: PANAMA
OBS_000517,,recaap_incidents_2024_2026,2024-70,2024-05-13,Maritime Crime,Robbery / Theft,3,Maritime,Bangladesh (Ports/Anchorages),,"Chattogram Anchorage A20, Bangladesh",22.283333,91.716667,Largo Eden,,OIL / CHEMICAL / GAS TANKER,,"T At Anchor While anchored, the AB on rounds spotted movement on the poop deck and raised the alarm. The shore watchmen were found tied, who reported six perpetrators had boarded the ship and escaped into the water. The paint store lock was found broken, and paint drums, messenger rope and heaving line were stolen. he incident was reported to the local authorities including the port control, Bangladesh Coast Guard (BCG) and Bangladesh Navy. BCG investigated the incident, and conducted combing operations in the vicinity and shore areas. The perpetrators were apprehended, all stolen items recovered and will be handed over to the ship.",,,,,,,,https://www.recaap.org/alerts,Needs canonical event resolution,Flag: LIBERIA
OBS_000518,,recaap_incidents_2024_2026,2024-71,2024-05-10,Maritime Crime,Robbery / Theft,4,Maritime,Philippines (Ports/Anchorages),,"Manila International Container Terminal (MICT), Phiilippines",14.594833,120.8445,ESL Dachan Bay,,CONTAINER SHIP,,"T At Anchor While anchored, two perpetrators boarded the ship at the forecastle. The 2nd Mate spotted the perpetrators and raised the alarm. A check was conducted of the ship’s equipment and items including cables, normal grinders, brass nozzle pieces, a heavy duty cutter, a drill machine, an inverter welding machine and a heavy-duty grinder were found stolen. The crew was not injured. he incident was reported to the PCG and Philippine Port Authority. The Philippine authorities proceeded to location of the ship immediately and verified the veracity of the report. The Philippine authorities conducted follow-up operations at nearby junkshop, where the perpetrators reportedly sold the stolen items.",,,,,,,,https://www.recaap.org/alerts,Needs canonical event resolution,Flag: PORTUGAL
OBS_000519,,recaap_incidents_2024_2026,2024-75,2024-04-14,Maritime Crime,Robbery / Theft,4,Maritime,Indonesia (Ports/Anchorages),,"Balikpapan Anchorage, Indonesia",-1.299333,116.798833,Solar Roma,,PRODUCT TANKER,,"At Anchor While anchored, four perpetrators boarded the ship through the anchor chain. They broke into the forecastle store and escaped with ship stores and properties. The crew was mustered and a search onboard the ship was conducted. The incident was reported to Balikpapan port control.",,,,,,,,https://www.recaap.org/alerts,Needs canonical event resolution,Flag: LIBERIA
OBS_000520,,recaap_incidents_2024_2026,2024-74,2024-04-14,Maritime Crime,Robbery / Theft,3,Maritime,Straits of Malacca & Singapore,,"Approximately 3 nm from Takong Kecil Light, (Indonesia), in the eastbound lane of the TSS",1.0745,103.678667,Casanova,,BULK CARRIER,,"T T S While underway, the master reported to Singapore VTIS that the 3rd engineer sighted five perpetrators in the engine room. Some of the perpetrators were reportedly armed with gun- like objects. he master raised the alarm, and mustered the crew. A ship search was conducted and completed at 0405 hrs, and all crew accounted for with no injuries. The master was unable to ascertain any loss of property. he master indicated that no further assistance was required, and continued its journey to Song Duong, Vietnam. afety navigational broadcast was initiated. The RSN’s MSTF and Singapore PCG were notified. Information was shared with the Indonesian authority.",,,,While Sailing,,,,https://www.recaap.org/alerts,Needs canonical event resolution,Flag: BAHAMAS
OBS_000521,,recaap_incidents_2024_2026,2024-73,2024-04-14,Maritime Crime,Robbery / Theft,4,Maritime,Straits of Malacca & Singapore,,"Approximately 4.3 nm east of Tanjung Penyusop, (Malaysia), in the westbound lane of the TSS",1.309833,104.262833,Bongawan 9 & Hexagro 9,,TUG BOAT & BARGE,,"A S While underway, the master reported to Singapore VTIS East via VHF Channel 10, that he sighted three to four perpetrators alongside the unmanned barge in three sampans. The master raised the alarm and mustered the crew. t 1040 hrs, the master reported that the perpetrators left the barge. The master further reported that some scrap metals were stolen from the barge. All crew members were accounted for with no injuries, and no assistance required. afety navigational broadcast was initiated. The RSN’s MSTF and Singapore PCG were notified. Information was shared with the Malaysian authority.",,,,While Sailing,,,,https://www.recaap.org/alerts,Needs canonical event resolution,Flag: MALAYSIA
OBS_000522,,recaap_incidents_2024_2026,2024-76,2024-04-08,Maritime Crime,Robbery / Theft,4,Maritime,Bangladesh (Ports/Anchorages),,"Chattogram Outer Anchorage, Bangladesh",21.15,91.116667,Maersk Chattogram,,CONTAINER SHIP,,"T B anchored, the duty watchman noticed two perpetrators onboard the deck, and managed to escape onboard a country boat. Upon inspection, it was found out that 600 litres of paint, 150 metres of safety chain, 16 pieces of brass fire hydrant caps, and 2 pieces of fire hoses were stolen. he incident was immediately reported to the Bangladesh Coast Guard and Port Control Authority. The crew was not injured. angladesh Coast Guard carried out patrol in the incident area, and recovered all stolen ships items and handed over to the ship master. It is recommended and advised for all ships, low draft ships, and tug boats heading towards Bangladesh ports and territorial waters, to maintain communication with law enforcement agencies (LEAs) through HF/ VHF channels 12 and 16 for help.",,,,At Anchor While,,,,https://www.recaap.org/alerts,Needs canonical event resolution,Flag: SINGAPORE
OBS_000523,,recaap_incidents_2024_2026,2024-77,2024-04-06,Maritime Crime,Robbery / Theft,4,Maritime,Straits of Malacca & Singapore,,"South of Tanjung Ramunia, Johor, (Malaysia), in the westbound lane of the TSS",1.309833,104.262833,Danum 53 & Linau 135,,TUG BOAT & BARGE,,"T While the tug boat towing barge was underway, the master noticed a sampan alongside the barge. Three perpetrators were seen leaving the barge with some copper coils and fibre boards. The crew was mustered and accounted for. The crew was not injured. The tug boat and barge last port of call was Bintulu, Sarawak, East Malaysia and was bound for Singapore Pilot Eastern Boarding Ground “A”. he master reported to Singapore Vessel Traffic Information System (VTIS) East. Safety navigational broadcast was initiated. The RSN’s MSTF and Singapore PCG were notified. Information was shared with the Malaysian authorities.",,,,While Sailing,,,,https://www.recaap.org/alerts,Needs canonical event resolution,Flag: MALAYSIA
OBS_000524,,recaap_incidents_2024_2026,2024-78,2024-04-04,Maritime Crime,Robbery / Theft,3,Maritime,Indonesia (Ports/Anchorages),,"Kuala Tanjung Port, Indonesia",3.371833,99.470333,Shakespeare Bay,,BULK CARRIER,,"T T T While berthed, three perpetrators armed with long knives and special tools boarded the ship and entered the engine room from funnel door. he funnel door was locked on from inside and outside, but the perpetrators managed to open the door by using special tools, forced open the lashing chain and lock, before entering the engine room from the funnel door. he perpetrators stole auxiliary engine spare parts before they escaped. The crew was not injured. he master and crew relayed the details of the incident to the shipping agent, who in turn reported to the authorities.",,,,At Berth,,,,https://www.recaap.org/alerts,Needs canonical event resolution,"Flag: HONG KONG, CHINA"
OBS_000525,,recaap_incidents_2024_2026,2024-79,2024-03-30,Maritime Crime,Attempted,NA,Maritime,Bangladesh (Ports/Anchorages),,"Chattogram Anchorage, Bangladesh",22.233333,91.7,ASL Leban,,GENERAL CARGO SHIP,,"At Anchor While anchored, the crew noticed three perpetrators in a boat attempting to board the ship using a rope and hook. The alarm was raised and crew was mustered. Upon realising the crew was alerted, the perpetrators aborted the attempt. Nothing was stolen and the crew was not injured.",,,,,,,,https://www.recaap.org/alerts,Needs canonical event resolution,Flag: MARSHALL ISLANDS
OBS_000526,,recaap_incidents_2024_2026,2024-80,2024-03-29,Maritime Crime,Robbery / Theft,3,Maritime,Straits of Malacca & Singapore,,"Approximately 4.9 nm from Takong Lighthouse (Indonesia), in the eastbound lane of the TSS",1.057167,103.653667,George Island,,BULK CARRIER,,"S U While underway, the master reported to Singapore VTIS West that three perpetrators armed with knives were sighted in the engine room. The master raised the alarm and mustered crew on the bridge. A search onboard the ship was conducted and at 0118 hrs, the master reported that no perpetrators were found and nothing was stolen. All crew members were accounted for with no reported injury. The ship was en-route to PEBGB. afety navigational broadcast was initiated. The RSN’s MSTF and Singapore PCG were notified. pon the ship’s arrival in Singapore, the Singapore PCG boarded the ship and conducted a thorough search onboard, but no perpetrators were found.",,,,While Sailing,,,,https://www.recaap.org/alerts,Needs canonical event resolution,Flag: LIBERIA
OBS_000527,,recaap_incidents_2024_2026,2024-81,2024-03-28,Maritime Crime,Robbery / Theft,2,Maritime,Bangladesh (Ports/Anchorages),,"Chattogram Anchorage, Bangladesh",21.811667,91.798333,Viva Cosmos,,BULK CARRIER,,"At Anchor While anchored, eight perpetrators armed with knives boarded the bulk carrier. The alarm was raised, crew mustered, and a search onboard the ship was conducted. Upon realising the crew had been alerted, the perpetrators escaped with stolen ship store. All crew members were safe.",,,,,,,,https://www.recaap.org/alerts,Needs canonical event resolution,Flag: PANAMA
OBS_000528,,recaap_incidents_2024_2026,2024-82,2024-03-26,Maritime Crime,Robbery / Theft,4,Maritime,Straits of Malacca & Singapore,,"Off Pisang Island (Malaysia), in the westbound lane of the TSS",1.405833,103.233,Dark Knight & Ambur,,TUG BOAT & DRILL SHIP,,"T A While the tug boat towing drill ship was underway, the crew noticed four perpetrators had boarded the unmanned drill ship from a small fishing boat via the excess ladder on starboard side. he general alarm was sounded, and the master reported and requested for assistance from Klang VTS. The incident was also reported to the CSO. Coast Guard patrol boat searched around the drill ship but the perpetrators had already escaped. Nothing was stolen and the crew was not injured.",,,,While Sailing,,,,https://www.recaap.org/alerts,Needs canonical event resolution,Flag: PALAU
OBS_000529,,recaap_incidents_2024_2026,2024-84,2024-03-06,Maritime Crime,Robbery / Theft,3,Maritime,Straits of Malacca & Singapore,,"Approximately 4.8 nm from Pulau Cula (Indonesia), in the eastbound lane of the TSS",1.111333,103.749167,Apiradee Naree,,BULK CARRIER,,"U While underway, the Junior Engineer (JE) and oiler spotted three perpetrators armed with metal rods onboard the ship during their routine checks around the engine room. The JE and oiler notified the bridge of the sighting immediately and the general alarm was activated. All crew members except the engine room staff were mustered at the bridge, while the engine room staff locked themselves in the engine control room. pon hearing the alarm, the three perpetrators escaped immediately via the starboard quarter of the ship. Nothing was stolen and the crew was not injured.",,,,While Sailing,,,,https://www.recaap.org/alerts,Needs canonical event resolution,Flag: SINGAPORE
OBS_000530,,recaap_incidents_2024_2026,2024-83,2024-03-06,Maritime Crime,Robbery / Theft,4,Maritime,Straits of Malacca & Singapore,,"Approximately 2.6 nm northwest of Pulau Cula (Indonesia), in the eastbound lane of the TSS",1.0555,103.6705,Yangtze Crown,,BULK CARRIER,,"T U While underway, the master reported that the crew sighted three perpetrators in the steering gear room. The master raised the alarm and mustered the crew to carry out a search. At 0115 hrs, the master reported that the search had been concluded. All crew members were accounted for, and there was no report of injuries. Some engine spare parts were stolen, and no further assistance was required. he master reported the incident to Singapore VTIS. Safety navigational broadcast was initiated. The RSN’s MSTF and Singapore PCG were notified. Information of the incident was shared with the Indonesian authorities. pon the ship's arrival at Singapore port, the Singapore PCG boarded the ship and conducted a thorough search onboard, but no perpetrators were found.",,,,While Sailing,,,,https://www.recaap.org/alerts,Needs canonical event resolution,Flag: MARSHALL ISLANDS
OBS_000531,,recaap_incidents_2024_2026,2024-85,2024-03-04,Maritime Crime,Robbery / Theft,4,Maritime,Straits of Malacca & Singapore,,"Approximately 11 nm southeast of Pulau Iyu Kecil (Indonesia), in the precautionary area of the eastbound lane of the TSS",1.127167,103.525,Alpha Hope,,BULK CARRIER,,"S U While underway, the master reported to Singapore POCC that two perpetrators were sighted at the aft deck. The OOW raised the alarm, and the two perpetrators escaped in a boat. The crew conducted a search immediately. At about 0340 hrs, the master reported that the search was completed. All crew members were safe, nothing was missing, and there were no sightings of the perpetrators onboard the ship. The master confirmed that no assistance was required and continued her voyage to Singapore. afety navigational broadcast was initiated. The RSN’s MSTF and Singapore PCG were notified of the incident. Information was shared with the Indonesian authorities. pon the ship's arrival at the Port of Singapore, the Singapore PCG boarded the ship and conducted a thorough search onboard. No perpetrators were found onboard the ship.",,,,While Sailing,,,,https://www.recaap.org/alerts,Needs canonical event resolution,Flag: MARSHALL ISLANDS
OBS_000532,,recaap_incidents_2024_2026,2024-86,2024-03-03,Maritime Crime,Robbery / Theft,2,Maritime,Bangladesh (Ports/Anchorages),,"Hiron Pilot Station, Mongla, Bangladesh",21.848833,89.530333,Era Star,,CHEMICAL / GAS TANKER,,"T T ship crew reported that eight to 10 perpetrators armed with long knives boarded the ship using hook at the port forward of the ship, and managed to escape onboard a country boat. Upon inspection, it was found out that heave lines and messenger lines were stolen. he alarm was sounded, announcement was made through the PA, and the crew was mustered. The crew was not injured. he incident was reported to the local agent.",,,,"At Anchor While anchored,",,,,https://www.recaap.org/alerts,Needs canonical event resolution,Flag: LIBERIA
OBS_000533,,recaap_incidents_2024_2026,2024-87,2024-03-01,Maritime Crime,Robbery / Theft,3,Maritime,Indonesia (Ports/Anchorages),,"Pulau Batam Anchorage, Indonesia",1.193333,103.983333,Boka Vanguard,,HEAVY LOAD SEMI- SUBMERSIBLE,,"T T three perpetrators armed with knives boarded unnoticed onto the vessel from a small boat during hours of darkness either from the deck recess or stern balcony, while one man remained in the boat. he three perpetrators were on board the vessel for approximately 30 minutes until they were seen by the deck watchman. Approximately 300m of welding cable from main deck area of the vessel was stolen. The crew was not injured. he master reported the incident to the ship agent.",,,,"At Anchor While anchored,",,,,https://www.recaap.org/alerts,Needs canonical event resolution,Flag: NETHERLANDS ANTILLES
OBS_000534,,recaap_incidents_2024_2026,2024-88,2024-02-29,Maritime Crime,Robbery / Theft,4,Maritime,Indonesia (Ports/Anchorages),,"Dumai Anchorage, Indonesia",1.766667,101.366667,African Halcyon,,BULK CARRIER,,"At Anchor While anchored, four perpetrators boarded the ship from stern while three watch keepers were taking rounds on deck. The starboard watch keeper saw the perpetrators onboard and raised the alarm immediately. Upon realising the crew was alerted, the perpetrators jumped overboard. The crew was not injured and nothing was stolen. The ship informed Dumai VTS about the incident and Indonesian authorities arrived on scene to provide assistance.",,,,,,,,https://www.recaap.org/alerts,Needs canonical event resolution,Flag: BAHAMAS
OBS_000535,,recaap_incidents_2024_2026,2024-90,2024-02-20,Maritime Crime,Robbery / Theft,3,Maritime,Straits of Malacca & Singapore,,"Approximately 8.6 nm southeast of Pulau Iyu Kecil (Indonesia), in the precautionary area of the eastbound lane of the TSS",1.138,103.485833,Top Diligence,,BULK CARRIER,,"S U While underway, the master reported to Singapore VTIS that four perpetrators armed with gun-like object were sighted in the engine room. The alarm was raised and crew mustered. A search was conducted with no further sighting of the perpetrators. At about 0336 hrs, the master reported that some spare parts were stolen and all crew members were safe. No further assistance was required. The ship's last port of call was Ivory Coast, and was bound for Singapore Anchorage. afety navigational broadcast was initiated. The RSN’s MSTF and Singapore Police Coast Guard were notified of the incident. pon the ship's arrival at the anchorage, the Singapore PCG boarded the ship and conducted a thorough search onboard. No perpetrators were found onboard the ship.",,,,While Sailing,,,,https://www.recaap.org/alerts,Needs canonical event resolution,"Flag: HONG KONG, CHINA"
OBS_000536,,recaap_incidents_2024_2026,2024-89,2024-02-20,Maritime Crime,Robbery / Theft,3,Maritime,Indonesia (Ports/Anchorages),,"Panjang Anchorage, Indonesia",-5.493333,105.288333,Globe Explorer,,BULK CARRIER,,"U At Anchor While anchored, the master of the ship reported to Panjang VTS through VHF Channel 16 that two perpetrators armed with long knives boarded the ship and entered the engine room. pon sighted, the perpetrators pursued the crew to the upper deck. The crew reported to the bridge, and the duty officer raised the alarm, and mustered all crew. The perpetrators subsequently escaped with the ship’s engine spares. The crew was not injured.",,,,,,,,https://www.recaap.org/alerts,Needs canonical event resolution,Flag: PANAMA
OBS_000537,,recaap_incidents_2024_2026,2024-91,2024-02-19,Maritime Crime,Robbery / Theft,2,Maritime,Bangladesh (Ports/Anchorages),,"Off Kutubdia Anchorage, Bangladesh",21.816667,91.713333,Gas Courage,,TANKER,,"At Anchor While anchored, nine perpetrators boarded the ship from a country boat. They tied up the watchman and stole ship The incident was reported to the Bangladesh stores. authorities who responded immediately and apprehended the nine perpetrators. The Bangladesh authorities also recovered all stolen ship stores and handed the items over to the ship.",,,,,,,,https://www.recaap.org/alerts,Needs canonical event resolution,Flag: PANAMA
OBS_000538,,recaap_incidents_2024_2026,2024-92,2024-02-16,Maritime Crime,Robbery / Theft,4,Maritime,Bangladesh (Ports/Anchorages),,"Kutubdia Outer Anchorage, Bangladesh",21.883333,91.75,Maersk Hai Phong,,CONTAINER SHIP,,"At Anchor While anchored, four perpetrators boarded the ship, stole a rope (about 50m) and escaped. The crew was not injured. The incident was reported to BCG, who boarded the ship for investigation.",,,,,,,,https://www.recaap.org/alerts,Needs canonical event resolution,Flag: LIBERIA
OBS_000539,,recaap_incidents_2024_2026,2024-94,2024-02-03,Maritime Crime,Robbery / Theft,4,Maritime,Bangladesh (Ports/Anchorages),,"Chattogram Inner Anchorage, Bangladesh",22.163333,91.773333,Name withheld,,CONTAINER SHIP,,"At Anchor While anchored, two perpetrators boarded the container ship. The alarm was raised and the crew mustered. Upon realising the crew had been alerted, the perpetrators escaped empty-handed.",,,,,,,,https://www.recaap.org/alerts,Needs canonical event resolution,Flag: PORTUGAL
OBS_000540,,recaap_incidents_2024_2026,2024-95,2024-02-02,Maritime Crime,Robbery / Theft,4,Maritime,Philippines (Ports/Anchorages),,"Vicinity waters off South Harbor anchorage, Manila, the Philippines",14.383333,120.8,MV Nordpuma,,CONTAINER SHIP,,"A At Anchor While anchored, the OS spotted six perpetrators onboard the ship. When informed of the boarding, the master called the PCG immediately and raised the general alarm. Upon hearing the alarm, the perpetrators jumped overboard and escaped. fter receipt of the report, the PCG immediately deployed its MARPAT Team to conduct verification and inspection onboard the ship at South Harbor Anchorage Area. Two sets of Self-Contain Breathing Apparatus (SCBA) with cylinders were found missing. The crew was not injured.",,,,,,,,https://www.recaap.org/alerts,Needs canonical event resolution,Flag: CYPRUS
OBS_000541,,recaap_incidents_2024_2026,2024-96,2024-02-01,Maritime Crime,Robbery / Theft,1,Maritime,Indonesia (Seas/Straits),,"Approximately 18 nm southwest of Tanjung Malatayur, Central Kalimantan, Indonesia",-3.629833,113.35,Royal TB 27 & Royal TK 17,,TUG BOAT & BARGE,,"T While the tug boat towing barge was enroute from Muara Sampit to Manggis, South Kalimantan, perpetrators carrying firearms and sharp weapons boarded the vessels from a ship, SPOB Bagas Danar Jaya 01. The master and crew were subsequently held hostage for more than 27 hours. The perpetrators stole FAME cargo, cash and personal belongings of crew and ship's goods, as well as damaged navigation equipment before they escaped. he master reported the incident to the CSO, who in turn reported to the Indonesian authorities. An Indonesian patrol boat was dispatched immediately to provide assistance.",,,,While Sailing,,,,https://www.recaap.org/alerts,Needs canonical event resolution,Flag: INDONESIA
OBS_000542,,recaap_incidents_2024_2026,2024-97,2024-01-31,Maritime Crime,Robbery / Theft,2,Maritime,Straits of Malacca & Singapore,,"Off Pulau Cula, (Indonesia), in the eastbound lane of the TSS",1.043333,103.658333,Clipper I-Star,,BULK CARRIER,,"While underway and en-route to Qinzhou, China, six perpetrators armed with machetes boarded the ship via starboard quarter from a small boat. They broke the padlock of the boiler entrance, entered the engine room and tied up three crew members. The perpetrators left the engine room at about 0210 hrs, with stolen engine spare parts and a crew’s mobile phone. The chief engineer subsequently called the bridge to inform master of the incident. The master raised the alarm but there was no further sighting of the perpetrators.",,,,While Sailing,,,,https://www.recaap.org/alerts,Needs canonical event resolution,Flag: SINGAPORE
OBS_000543,,recaap_incidents_2024_2026,2024-98,2024-01-28,Maritime Crime,Attempted,NA,Maritime,Indonesia (Ports/Anchorages),,"Dumai Anchorage, Indonesia",1.718167,101.408333,Al Amerat,,PRODUCT TANKER,,"the watchkeeper onboard the tanker spotted an unauthorised person attempting to board the ship. The alarm was raised, resulting in the unauthorised person aborting the attempt and moving away from the ship.",,,,"At Anchor While anchored,",,,,https://www.recaap.org/alerts,Needs canonical event resolution,Flag: PANAMA
OBS_000544,,recaap_incidents_2024_2026,2024-99,2024-01-27,Maritime Crime,Robbery / Theft,4,Maritime,India (Ports/Anchorages),,"Kakinada Anchorage, India",17.032333,82.360667,MT White Peach,,OIL / CHEMICAL / GAS TANKER,,"T T T At Anchor While anchored, four perpetrators boarded the ship from a fast boat, likely from the poop deck. he alarm and ship whistle were sounded, and all crew mustered. Two mooring ropes were stolen from the aft mooring station. The crew was not injured. he incident was reported to Kakinada Pilot Station via VHF. The ship master also shared the information with the agent, and both ship master and agent were advised to lodge a First Information Report (FIR) at Kakinada Marine Police Station. he incident is being investigated by Coastal Security Police / Marine Police Kakinada and Customs Kakinada, with inputs from Indian Coast Guard and Port Authority. Further, Kakinada Port Authority and ships in the area have been advised to enhance vigilance and adhere to the SOPs for security, especially during dark hours.",,,,,,,,https://www.recaap.org/alerts,Needs canonical event resolution,Flag: MARSHALL ISLANDS
OBS_000545,,recaap_incidents_2024_2026,2024-100,2024-01-24,Maritime Crime,Robbery / Theft,4,Maritime,India (Ports/Anchorages),,"Kakinada Port, India",17.057,82.411167,MT Regency,,OIL / CHEMICAL / GAS TANKER,,"T T At Anchor While anchored, one suspicious boat was observed roaming around near the ship’s forward and aft. The anti-piracy watch keeper during his round, sighted one person jumped into the water from the port side of the ship, and a boat was on standby with five perpetrators onboard. Three loose mooring ropes from the forecastle deck were found missing, and the crew was safe. he incident was reported to Kakinada Port Authority and the ship departed for Paradip Port on 26 Jan 24. Upon arrival at Paradip Port on 1 Feb 24, the ship was boarded by Indian Coast Guard for investigation. he ship was advised on the timely reporting of incident, and collection of evidence through CCTV and photographs. Further, Kakinada Port Authority and ships in area have also been advised to enhance vigilance and adhere to the SOPs for security, especially during dark hours. Investigation is in progress.",,,,,,,,https://www.recaap.org/alerts,Needs canonical event resolution,Flag: INDIA
OBS_000546,,recaap_incidents_2024_2026,2024-101,2024-01-14,Maritime Crime,Attempted,NA,Maritime,Bangladesh (Ports/Anchorages),,"Off Kutubdia, Chattogram Port, Bangladesh",21.841667,91.697333,Omera Legacy,,OIL / CHEMICAL / GAS TANKER,,"H T anchored, an unknown number of perpetrators onboard a country boat propelled by engine approached the ship’s port bow. owever, the country boat could not come alongside the ship; hence, the perpetrators were not able to board the ship. They eventually aborted their attempt and escaped. he ship master was advised to report incident immediately to BCG and port control.",,,,At Anchor While,,,,https://www.recaap.org/alerts,Needs canonical event resolution,Flag: BANGLADESH
OBS_000547,,recaap_incidents_2024_2026,2024-102,2024-01-13,Maritime Crime,Attempted,NA,Maritime,Indonesia (Ports/Anchorages),,"Dumai Anchorage, Indonesia",1.7215,101.428667,Solar Roma,,PRODUCT TANKER,,"At Anchor While anchored, duty security patrol onboard the tanker noticed five perpetrators attempting to board the ship. The OOW was immediately notified and the alarm was raised, resulting in the perpetrators aborting and moving away. Nothing was stolen. The incident was reported to the port control and the pilot station.",,,,,,,,https://www.recaap.org/alerts,Needs canonical event resolution,Flag: LIBERIA
OBS_000548,,recaap_incidents_2024_2026,2024-103,2024-01-10,Maritime Crime,Robbery / Theft,3,Maritime,Straits of Malacca & Singapore,,"Approximately 1.6 nm from Pulau Cula, (Indonesia), in the eastbound lane of the TSS",1.062333,103.696333,CMB Chikako,,BULK CARRIER,,"A S T While underway, the crew saw five perpetrators armed with in the engine room. The master raised the alarm, knives mustered the crew and reported the incident to Singapore VTIS. search onboard the ship was conducted and completed at 0430 hrs, with some engine spare parts found missing. All crew members were accounted for, and no injuries were reported. afety navigational broadcast was initiated. The RSN’s MSTF and Singapore PCG were notified of the incident. Information was shared with the Indonesian authority. he Singapore PCG conducted a search upon the ship's arrival at Singapore anchorage, and confirmed that no perpetrators were onboard.",,,,While Sailing,,,,https://www.recaap.org/alerts,Needs canonical event resolution,Flag: PANAMA
OBS_000549,,recaap_incidents_2024_2026,2024-107,2024-01-04,Maritime Crime,Attempted,NA,Maritime,Indonesia (Ports/Anchorages),,"Balikpapan Anchorage, Indonesia",-1.355,116.995,Helga Oldendorff,,BULK CARRIER,,"A T At Anchor While anchored, the OOW noticed a green light during anchor watch, and informed both forward & aft watchmen on deck during their deck round. The forward watchman proceeded from main deck to the forecastle on port side immediately. He reported that the light was not moving, and resumed his security round on forecastle to starboard side. bout 10 min later, the forward watchman noticed a man onboard a skiff close to the anchor cable, and another man climbing up the anchor chain. The bridge was informed immediately via VHF and the forward watchman shouted at the men. The OOW raised the alarm and sounded the forward whistle. Realising the crew was alerted, the two men escaped immediately. he local Indonesian authority subsequently conducted an investigation.",,,,,,,,https://www.recaap.org/alerts,Needs canonical event resolution,Flag: PORTUGAL
OBS_000550,,recaap_incidents_2024_2026,2024-106,2024-01-04,Maritime Crime,Robbery / Theft,2,Maritime,Straits of Malacca & Singapore,,"Approximately 2.36 nm from Pulau Cula, (Indonesia), in the eastbound lane of the TSS",1.053333,103.675,Crimson Queen,,BULK CARRIER,,"T S T While underway, the master was alerted by the 3rd Engineer to five perpetrators armed with long knives in the engine room. The 3rd Engineer was tied up by the perpetrators but managed to alert the bridge about the incident. he master sounded the general alarm immediately, and the crew conducted a thorough search onboard the ship. However, the perpetrators had already escaped. ome generator spare parts were reported missing and the 3rd Engineer, who was punched on the forehead, suffered minor injury. he ship was underway to Singapore for bunkering, and the Singapore PCG conducted a search upon the ship’s arrival in Singapore.",,,,While Sailing,,,,https://www.recaap.org/alerts,Needs canonical event resolution,Flag: SINGAPORE
OBS_000551,,recaap_incidents_2024_2026,2024-105,2024-01-04,Maritime Crime,Robbery / Theft,2,Maritime,Indonesia (Ports/Anchorages),,"Dumai Anchorage, Indonesia",1.705167,101.493667,Name withheld,,GENERAL CARGO SHIP,,"At Anchor While anchored, three perpetrators armed with guns and knives boarded the general cargo ship. They took the duty engine crew as hostage and tied his hands. The perpetrators stole ship engine spare parts and escaped. The duty crew managed to alert the OOW who raised the alarm and the crew mustered. A search onboard the ship was carried out, with no perpetrators found onboard. The incident was reported to Port Facility Security Officer via the local agent.",,,,,,,,https://www.recaap.org/alerts,Needs canonical event resolution,Flag: PANAMA
OBS_000552,,recaap_incidents_2024_2026,2024-104,2024-01-04,Maritime Crime,Robbery / Theft,3,Maritime,Straits of Malacca & Singapore,,"Approximately 3.14 nm from Pulau Cula, (Indonesia), in the eastbound lane of the TSS",1.066667,103.666667,Artin,,BULK CARRIER,,"A S While underway, the crew saw six perpetrators armed with knives at the stern. The master raised the alarm, mustered the crew and reported the incident to Singapore VTIS. ll crew members were accounted for, and no injuries were reported. Some engine spare parts were stolen. The master indicated that no further assistance was required, and continued its journey to Fang Cheng, China. afety navigational broadcast was initiated. The RSN’s MSTF and Singapore PCG were notified of the incident. Information was shared with the Indonesian authority.",,,,While Sailing,,,,https://www.recaap.org/alerts,Needs canonical event resolution,Flag: IRAN
OBS_000553,,blacksea_conflict_vessels_2026,1,2026-01-09,Conflict / Security,Vessel attack,Shahed-136/131 UAV,Maritime,Black Sea,,Port of Chornomorsk / approach,,,WAEL K,9001148,Bulker,Russia attacking Ukrainian maritime corridor,Second officer wounded,Damaged; remained seaworthy,,,,,,High,https://www.blackseanews.net/en/read/247386,Needs canonical event resolution,
OBS_000554,,blacksea_conflict_vessels_2026,2,2026-01-09,Conflict / Security,Vessel attack,UAV strike,Maritime,Black Sea,,Port of Odesa,,,LADONNA,9107033,Dry cargo,Russia attacking Ukrainian maritime corridor,1 crew member killed,Stern damaged,,,,,,High,https://www.blackseanews.net/en/read/247386,Needs canonical event resolution,
OBS_000555,,blacksea_conflict_vessels_2026,3,2026-01-12,Conflict / Security,Vessel attack,UAV strike,Maritime,Black Sea,,Port of Chornomorsk / awaiting entry,,,ATA VOYAGER,9408360,Tanker,Russia attacking Ukrainian maritime corridor,1 crew member seriously wounded,Superstructure hit,,,,,,High,https://www.blackseanews.net/en/read/247386,Needs canonical event resolution,
OBS_000556,,blacksea_conflict_vessels_2026,4,2026-01-12,Conflict / Security,Vessel attack,UAV strike,Maritime,Black Sea,,Port of Chornomorsk / departing,,,BLUE BEAD,9171113,Bulker,Russia attacking Ukrainian maritime corridor,,Hit; remained underway,,,,,,High,https://www.blackseanews.net/en/read/247386,Needs canonical event resolution,
OBS_000557,,blacksea_conflict_vessels_2026,5,2026-01-15,Conflict / Security,Vessel attack,Iskander-M BM hit pier near vessel,Maritime,Black Sea,,Port of Chornomorsk,,,Unidentified civilian vessel,,Civilian vessel,Russia attacking Ukrainian maritime corridor,1 crew member injured; 3 containers damaged; oil spill,Nearby strike / fire,,,,,,Medium-High,https://www.blackseanews.net/en/read/247386,Needs canonical event resolution,
OBS_000558,,blacksea_conflict_vessels_2026,6,2026-03-04,Conflict / Security,Vessel attack,Likely Italmás or Molniya-type UAV,Maritime,Black Sea,,Port of Chornomorsk,,,BULL,9582489,Bulker,Russia attacking Ukrainian maritime corridor,Crew members injured,Damaged,,,,,,Medium-High,https://www.blackseanews.net/en/read/247386,Needs canonical event resolution,
OBS_000559,,blacksea_conflict_vessels_2026,7,2026-03-20,Conflict / Security,Vessel attack,UAV strike,Maritime,Black Sea,,Likely Port of Chornomorsk,,,AT-27 (likely),9136539,Bulker,Russia attacking Ukrainian maritime corridor,"Identity assessed, not officially confirmed",Damaged while berthed,,,,,,Medium,https://www.blackseanews.net/en/read/247386,Needs canonical event resolution,
OBS_000560,,blacksea_conflict_vessels_2026,8,2026-03-20,Conflict / Security,Vessel attack,UAV strike,Maritime,Black Sea,,Likely Port of Chornomorsk,,,PRINCESS FAYZAH (likely),9260859,Bulker,Russia attacking Ukrainian maritime corridor,"Identity assessed, not officially confirmed",Damaged while berthed,,,,,,Medium,https://www.blackseanews.net/en/read/247386,Needs canonical event resolution,
OBS_000561,,blacksea_conflict_vessels_2026,9,2026-02-12,Conflict / Security,Vessel attack,Unspecified,Maritime,Black Sea,,"Novoozerne area, occupied Crimea",,,BK-16,,Landing ship / Project 02510,Ukraine attacking Russian naval assets,,Destroyed,,,,,,High,https://www.blackseanews.net/en/read/242584,Needs canonical event resolution,
OBS_000562,,blacksea_conflict_vessels_2026,10,2026-02-21,Conflict / Security,Vessel attack,UAV attack,Maritime,Black Sea,,"Inkerman area, occupied Crimea",,,Two Project 22460 Okhotnik patrol ships,,Border guard patrol ships,Ukraine attacking Russian naval assets,2 vessels,Hit,,,,,,High,https://www.blackseanews.net/en/read/242584,Needs canonical event resolution,
OBS_000563,,blacksea_conflict_vessels_2026,11,2026-03-02,Conflict / Security,Vessel attack,Ukrainian drones,Maritime,Black Sea,,Novorossiysk Naval Base,,,ADMIRAL ESSEN,,Frigate Project 11356R Burevestnik,Ukraine attacking Russian naval assets,,Damaged,,,,,,Medium-High,https://www.blackseanews.net/en/read/242584,Needs canonical event resolution,
OBS_000564,,blacksea_conflict_vessels_2026,12,2026-03-02,Conflict / Security,Vessel attack,Ukrainian drones,Maritime,Black Sea,,Novorossiysk Naval Base,,,ADMIRAL MAKAROV,,Frigate Project 11356R Burevestnik,Ukraine attacking Russian naval assets,,Damaged,,,,,,Medium-High,https://www.blackseanews.net/en/read/242584,Needs canonical event resolution,
OBS_000565,,blacksea_conflict_vessels_2026,13,2026-03-02,Conflict / Security,Vessel attack,SBU drones,Maritime,Black Sea,,Novorossiysk Naval Base,,,VALENTIN PIKUL,,Minesweeper Project 266M Aquamarine-M,Ukraine attacking Russian naval assets,,Significantly damaged,,,,,,Medium-High,https://www.blackseanews.net/en/read/242584,Needs canonical event resolution,
OBS_000566,,blacksea_conflict_vessels_2026,14,2026-03-02,Conflict / Security,Vessel attack,SBU drones,Maritime,Black Sea,,Novorossiysk Naval Base,,,YEYSK,,Small anti-submarine ship Project 1124 Albatros,Ukraine attacking Russian naval assets,,Likely damaged,,,,,,Medium,https://www.blackseanews.net/en/read/242584,Needs canonical event resolution,
OBS_000567,,blacksea_conflict_vessels_2026,15,2026-03-02,Conflict / Security,Vessel attack,SBU drones,Maritime,Black Sea,,Novorossiysk Naval Base,,,KASIMOV,,Small anti-submarine ship Project 1124 Albatros,Ukraine attacking Russian naval assets,,Likely damaged,,,,,,Medium,https://www.blackseanews.net/en/read/242584,Needs canonical event resolution,
OBS_000568,,blacksea_conflict_vessels_2026,16,2026-03-06,Conflict / Security,Vessel attack,UAV,Maritime,Black Sea,,"Novoozerne, occupied Crimea",,,BK-16,,Landing ship / Project 02510,Ukraine attacking Russian naval assets,,Hit,,,,,,Medium-High,https://www.blackseanews.net/en/read/242584,Needs canonical event resolution,
OBS_000569,,blacksea_conflict_vessels_2026,17,2026-04-06,Conflict / Security,Vessel attack,Unmanned Systems Forces strike,Maritime,Black Sea,,Port of Novorossiysk,,,ADMIRAL MAKAROV,,Frigate Project 11356R Burevestnik,Ukraine attacking Russian naval assets,Kalibr carrier / Shtil-1 air defence vessel,Hit,,,,,,High,https://www.blackseanews.net/en/read/242584,Needs canonical event resolution,
OBS_000570,,blacksea_port_attacks_2026,1,2026-01-01,Conflict / Security,Port attack,Shahed UAVs and other types,Port / Terminal,Black Sea,Ukraine,Port of Odesa; Port of Izmail,,,Port infrastructure,,Port / infrastructure,,"Port equipment, vehicles and infrastructure damaged in Odesa; berths and equipment damaged at Izmail","Port equipment, vehicles and infrastructure damaged in Odesa; berths and equipment damaged at Izmail",,,,,,,https://www.blackseanews.net/en/read/247386,Needs canonical event resolution,Vessels involved: 
OBS_000571,,blacksea_port_attacks_2026,2,2026-01-07,Conflict / Security,Port attack,2 Iskander-M BMs; >=15 UAVs,Port / Terminal,Black Sea,Ukraine,Port of Chornomorsk; Pivdennyi Port,,,Port infrastructure,,Port / infrastructure,,Chornomorsk oil containers caught fire; Pivdennyi administrative buildings and infrastructure damaged,Chornomorsk oil containers caught fire; Pivdennyi administrative buildings and infrastructure damaged,2,10,,,,,https://www.blackseanews.net/en/read/247386,Needs canonical event resolution,Vessels involved: 
OBS_000572,,blacksea_port_attacks_2026,3,2026-01-08,Conflict / Security,Port attack,UAVs; 4 guided aerial bombs,Port / Terminal,Black Sea,Ukraine,Likely Port of Chornomorsk,,,Port and transport infrastructure,,Port / infrastructure,,Oil storage tank damaged; GBUs failed to reach targets,Oil storage tank damaged; GBUs failed to reach targets,0,0,,,,,https://www.blackseanews.net/en/read/247386,Needs canonical event resolution,Vessels involved: 
OBS_000573,,blacksea_port_attacks_2026,4,2026-01-09,Conflict / Security,Port attack,UAVs,Port / Terminal,Black Sea,Ukraine,Chornomorsk and Odesa,,,Port infrastructure and civilian vessels,,Port / infrastructure,,WAEL K hit en route to Chornomorsk; LADONNA struck near Odesa while loading soybeans,WAEL K hit en route to Chornomorsk; LADONNA struck near Odesa while loading soybeans,1,1,,,,,https://www.blackseanews.net/en/read/247386,Needs canonical event resolution,Vessels involved: WAEL K; LADONNA
OBS_000574,,blacksea_port_attacks_2026,5,2026-01-10,Conflict / Security,Port attack,UAVs,Port / Terminal,Black Sea,Ukraine,Odesa district / unspecified port,,,Port infrastructure,,Port / infrastructure,,Empty storage tank damaged; insulation caught fire,Empty storage tank damaged; insulation caught fire,0,0,,,,,https://www.blackseanews.net/en/read/247386,Needs canonical event resolution,Vessels involved: 
OBS_000575,,blacksea_port_attacks_2026,6,2026-01-12,Conflict / Security,Port attack,~10 UAVs,Port / Terminal,Black Sea,Ukraine,Port of Chornomorsk / Odesa district,,,Port infrastructure and vessels,,Port / infrastructure,,ATA VOYAGER superstructure hit; BLUE BEAD struck while departing,ATA VOYAGER superstructure hit; BLUE BEAD struck while departing,0,1,,,,,https://www.blackseanews.net/en/read/247386,Needs canonical event resolution,Vessels involved: ATA VOYAGER; BLUE BEAD
OBS_000576,,blacksea_port_attacks_2026,7,2026-01-15,Conflict / Security,Port attack,1 Iskander-M BM,Port / Terminal,Black Sea,Ukraine,Port of Chornomorsk,,,Container pier / civilian vessel,,Port / infrastructure,,Missile hit container pier area; fire; 3 containers damaged; oil spill,Missile hit container pier area; fire; 3 containers damaged; oil spill,0,1,,,,,https://www.blackseanews.net/en/read/247386,Needs canonical event resolution,Vessels involved: Unidentified Malta-flag civilian vessel
OBS_000577,,blacksea_port_attacks_2026,8,2026-01-27,Conflict / Security,Port attack,UAVs,Port / Terminal,Black Sea,Ukraine,Pivdennyi Port,,,"Port, rail and civilian infrastructure",,Port / infrastructure,,"Logistics elements destroyed; hangars, locomotive and industrial buildings damaged","Logistics elements destroyed; hangars, locomotive and industrial buildings damaged",,,,,,,https://www.blackseanews.net/en/read/247386,Needs canonical event resolution,Vessels involved: 
OBS_000578,,external_disruptions_v1,EXT_0001,2026-09-06,Natural Hazard,Volcanic eruption / ash,,Multimodal,,Indonesia,Jakarta / Lampung / West Java / Sunda Strait,,,Anak Krakatau eruption,,Airports / air cargo / ferries / fishing,,Volcanic ash forced suspension of operations at eight Indonesian airports; ferry operations in the Sunda Strait continued with caution and fishing activity was halted.,,,,Airport closures; flight cancellations; air-cargo interruption; maritime caution,,Active / developing,High,https://www.reuters.com/business/environment/indonesias-jakarta-airport-suspends-flights-due-ash-mount-anak-krakatau-2026-09-06/ | https://www.powerncorridors.com/regional-logistics-alert-06-sept-2026-indonesia-sunda-strait/,Needs canonical event resolution,Seed cross-domain disruption event for weather/labour/civil-unrest/natural-hazard model.
OBS_000579,,external_disruptions_v1,EXT_0002,2026-09-02,Labour / Industrial Action,Port strike,,Maritime / Port / Inland,,Germany / Netherlands,Northern European ports,,,German and Dutch port industrial action,,Ports / terminals / vessel handling / inland cargo,,"Sequential industrial action affected German ports and was followed by planned stoppages in Rotterdam, Amsterdam and Zeeland.",,,,Vessel delay; terminal handling interruption; cargo backlog and congestion displacement risk,,Active / developing,High,https://www.powerncorridors.com/regional-trade-alert-04-sept-2026-northern-europe/,Needs canonical event resolution,Seed cross-domain disruption event for weather/labour/civil-unrest/natural-hazard model.
OBS_000580,,external_disruptions_v1,EXT_0003,2026-08-08,Weather,Typhoon,,Multimodal,,China / Japan / Taiwan,Okinawa / Zhejiang / Shanghai / Taiwan Strait,,,Typhoon Dolphin,,Ports / shipping / aviation / rail,,"Typhoon Dolphin disrupted Okinawa and triggered Chinese port closures, ferry suspensions, vessel clearances, airport shutdowns and rail restrictions ahead of landfall.",,,,Port closure; vessel clearance; airport closure; flight cancellation; ferry and rail suspension,,Closed / precautionary disruption,High,https://www.reuters.com/business/environment/typhoon-dolphin-hits-japans-okinawa-china-shuts-ports-ahead-landfall-2026-08-08/,Needs canonical event resolution,Seed cross-domain disruption event for weather/labour/civil-unrest/natural-hazard model.
OBS_000581,,external_disruptions_v1,EXT_0004,2026-06-24,Natural Hazard,Earthquake,,Aviation / Airport,,Venezuela,Simón Bolívar International Airport / La Guaira,,,Venezuela earthquakes,,Airport / passenger and cargo aviation,,"Two major earthquakes severely damaged airport runways and buildings, closing the country's main airport before partial operations resumed in September.",,,,Extended airport closure; reduced cargo/passenger capacity; temporary facilities required,,Recovery / partial reopening,High,https://apnews.com/article/74144da8c39b41ba7f3559ff3bd264d7,Needs canonical event resolution,Seed cross-domain disruption event for weather/labour/civil-unrest/natural-hazard model.
OBS_000582,,external_disruptions_v1,EXT_0005,2026-09-02,Civil Unrest / Insecurity,Gang violence / aviation restriction,,Aviation,,Haiti,Port-au-Prince / Toussaint Louverture International Airport,,,FAA extends Port-au-Prince flight restriction,,Airport / aviation / air cargo,,Persistent gang violence and prior attacks on aircraft led the FAA to extend restrictions on U.S. commercial and civil aviation over Port-au-Prince.,,,,Commercial aviation access remains constrained; Port-au-Prince continues to be isolated from normal U.S.-linked air service,,Active,High,https://apnews.com/article/70e3aa409fb24c7916568b4d904bfa4a,Needs canonical event resolution,Seed cross-domain disruption event for weather/labour/civil-unrest/natural-hazard model.
OBS_000583,,external_disruptions_v1,EXT_0006,2026-04-13,Protest / Labour,Worker protest,,Road / Industrial / Urban logistics,,Haiti,Port-au-Prince,,,Haitian workers protest fuel-price shock,,Industrial workforce / road movement,,"More than 1,000 workers protested for higher wages after sharp fuel-price increases, illustrating how energy shocks can feed into labour and transport pressure.",,,,Potential production and commuting disruption; indicator of labour and cost-of-living pressure,,Occurred,High,https://apnews.com/article/70b2c1166fc63788b36f9341d396e617,Needs canonical event resolution,Seed cross-domain disruption event for weather/labour/civil-unrest/natural-hazard model.
OBS_000584,,external_disruptions_v1,EXT_0007,2026-06-16,Civil Unrest / Insecurity,Gang clashes affecting port operations,,Port / Fuel / Road,,Haiti,Port-au-Prince port / Varreux fuel terminal,,,Gang clashes disrupt Port-au-Prince and Varreux operations,,Port / fuel terminal / cargo trucking,,"Armed clashes brought activity at the Port-au-Prince seaport and Varreux fuel terminal close to a standstill, although the port was not formally closed.",,,,"Port and fuel-terminal operations severely constrained; implications for imports, fuel and inland distribution",,Severely disrupted,Moderate / High,https://lenouvelliste.com/en/article/268530/escalating-gang-violence-affects-activities-at-the-apn-and-varreux-terminal | https://www.mag.wcoomd.org/magazine/wco-news-110-issue-2-2026/revisiting-haiti/,Needs canonical event resolution,Seed cross-domain disruption event for weather/labour/civil-unrest/natural-hazard model.
OBS_000585,,external_disruptions_v1,EXT_0008,2026-08-26,Natural Hazard,Glacial collapse / mudslide,,Land / Border Trade,,China / Nepal,Gyirong border crossing,,,Glacial collapse destroys China-Nepal trade port,,Border port / customs / road corridor,,A glacial collapse triggered a massive mudslide that destroyed the Gyirong border crossing and customs infrastructure.,,,,Cross-border trade route physically destroyed; customs and road access lost,,Closed / destroyed,High,https://www.reuters.com/world/china/flood-destroyed-china-nepal-border-no-sign-once-busy-port-reuters-witnesses-2026-09-06/,Needs canonical event resolution,Seed cross-domain disruption event for weather/labour/civil-unrest/natural-hazard model.
OBS_000586,,external_disruptions_v1,EXT_0009,2026-09-06,Transport Accident,Cargo aircraft runway overrun / crash,,Aviation / Air Cargo,,United States,Miami International Airport,,,Amazon Prime Air cargo aircraft crash,,Cargo aircraft / airport / runways,,"A Boeing 767 freighter operated by 21 Air for Amazon Prime Air overran the runway, causing fatalities, injuries, fuel leakage and substantial flight disruption.",,,,Runway disruption; cancellations and delays; cargo-aircraft loss; emergency response,,Recovery,High,https://www.reuters.com/business/aerospace-defense/amazon-prime-air-boeing-767-overruns-runway-miami-airport-2026-09-06/,Needs canonical event resolution,Seed cross-domain disruption event for weather/labour/civil-unrest/natural-hazard model.
OBS_000587,,external_disruptions_v2,EXT_0010,2026-08-09,Weather,Drought / extreme low water,River navigation restriction,Inland Waterway / Barge / Industrial Logistics,Europe,Germany,Rhine / Kaub,,,Rhine,,Rhine barges / inland terminals / industrial supply chains,Drought / prolonged heat and limited rainfall,Critically low Rhine water levels threatened to halt commercial cargo traffic through the Kaub bottleneck and forced vessels to sail part-loaded.,Observed / partially improving,,,Draft restrictions; reduced cargo lift; more voyages required; cargo shifted toward road and rail,Higher inland freight costs; industrial logistics bottlenecks; CMA CGM later imposed an inland emergency fee,High,High,https://www.reuters.com/business/environment/german-shippers-warn-rhine-could-be-split-two-by-low-water-2026-08-09/ | https://www.reuters.com/business/energy/frances-cma-cgm-charge-inland-emergency-fee-due-lower-river-levels-2026-08-21/,Needs canonical event resolution,v1.10 weather/labour/protest first-pass population; operationally relevant event only.
OBS_000588,,external_disruptions_v2,EXT_0011,2026-07-16,Weather,Drought / extreme low water,River navigation restriction,Inland Waterway / Cruise / Passenger,Europe,Hungary,Danube / Budapest / Gonyu / Komarom / Mohacs,,,Danube,,Danube navigation / river cruise vessels / passenger terminals,Drought / low river flow,Near-record low Danube water levels stranded or delayed river-cruise vessels and suspended some sightseeing operations in Hungary.,Occurred / low-water constrained,,,Vessels stranded or held in ports; sightseeing services suspended north of Budapest,Passenger-shipping and tourism disruption; reduced operational flexibility on the Danube corridor,Moderate / High,High,https://www.reuters.com/world/near-record-low-water-levels-disrupt-tourism-danube-2026-07-16/,Needs canonical event resolution,v1.10 weather/labour/protest first-pass population; operationally relevant event only.
OBS_000589,,external_disruptions_v2,EXT_0012,2026-07-11,Weather,Typhoon,High wind / heavy rain / flooding,Multimodal,East Asia / Western Pacific,China / Taiwan / Japan / Philippines,Zhejiang / Taizhou / Taiwan / Sakishima Islands,,,Zhejiang,,Airports / rail / roads / coastal shipping / urban logistics,Typhoon Bavi,Typhoon Bavi crossed the western Pacific and made landfall in eastern China after forcing mass evacuations and widespread transport restrictions in Taiwan and the region.,Occurred,,,Large-scale flight cancellations; reduced rail service; evacuations and weather restrictions across coastal transport systems,Air-cargo and passenger disruption; potential manufacturing and port-hinterland delays in eastern China and Taiwan,High,High,https://www.reuters.com/business/environment/thousands-evacuated-taiwan-shuts-down-typhoon-bavi-2026-07-11/,Needs canonical event resolution,v1.10 weather/labour/protest first-pass population; operationally relevant event only.
OBS_000590,,external_disruptions_v2,EXT_0013,2025-03-06,Weather,Tropical cyclone,Flood / high wind / coastal surge,Aviation / Road / Urban Logistics,Oceania,Australia,Brisbane / southeast Queensland / northern New South Wales,,,Brisbane,,Brisbane Airport / airlines / public transport / roads / utilities,Cyclone Alfred,"Cyclone Alfred prompted closure of Brisbane Airport, suspension of public transport and broad emergency preparations across southeast Queensland and northern New South Wales.",Occurred / recovery,,,Airport operations suspended; Qantas flights curtailed; public transport shut; power outages and flood risk,Air-cargo and passenger capacity loss; urban distribution delays and supply-chain disruption around Brisbane,High,High,https://www.reuters.com/business/environment/cyclone-alfred-stalls-off-australias-east-residents-sandbag-homes-transport-2025-03-06/,Needs canonical event resolution,v1.10 weather/labour/protest first-pass population; operationally relevant event only.
OBS_000591,,external_disruptions_v2,EXT_0014,2025-07-22,Weather,Typhoon / tropical storm,Heavy rain / flooding / high wind,Multimodal,Southeast Asia / South China Sea,Vietnam / China / Hong Kong / Philippines,Northern Vietnam / Haiphong / Hong Kong / northern Philippines,,,Northern Vietnam,,Ports / airports / rail / coastal shipping / urban transport,Typhoon / Tropical Storm Wipha,"Wipha moved through Hong Kong and southern China before making landfall in northern Vietnam, with port, airport and rail suspensions and severe monsoon flooding in the Philippines.",Occurred,,,Port and transport services suspended in Vietnam; flight cancellations; flooding and government closures in the Philippines,Regional cargo delay and distribution disruption across South China Sea supply chains,High,High,https://www.reuters.com/business/environment/tropical-storm-wipha-makes-landfall-vietnam-heavy-rains-persist-philippines-2025-07-22/,Needs canonical event resolution,v1.10 weather/labour/protest first-pass population; operationally relevant event only.
OBS_000592,,external_disruptions_v2,EXT_0015,2025-09-24,Weather,Super typhoon,Hurricane-force wind / storm surge / flooding,Multimodal,East Asia / Pearl River Delta,China / Hong Kong / Taiwan,Hong Kong / Guangdong / Shenzhen / Pearl River Delta / Taiwan,,,Hong Kong,,Airports / roads / coastal infrastructure / urban logistics / marine approaches,Super Typhoon Ragasa,Ragasa brought Hong Kong to a standstill and drove large-scale evacuations and transport restrictions across southern China and Taiwan.,Occurred,,,"Flight disruption, transport shutdowns, storm-surge warnings and widespread closures","Short-term disruption across one of the world's densest manufacturing, logistics and port regions",High,High,https://www.reuters.com/business/environment/super-typhoon-lashes-hong-kong-with-hurricane-force-winds-heavy-rain-2025-09-23/,Needs canonical event resolution,v1.10 weather/labour/protest first-pass population; operationally relevant event only.
OBS_000593,,external_disruptions_v2,EXT_0016,2025-10-09,Weather,Severe storm / high wind,Residual port congestion after storm,Maritime / Port,Europe,Netherlands,Port of Rotterdam,,,Port of Rotterdam,,Container terminals / vessel queues / port approaches,Storm Amy,"A post-storm vessel queue at Rotterdam remained elevated after Storm Amy, with later labour action adding to the congestion.",Occurred / residual backlog,,,Ship queue roughly doubled from normal levels before strike effects became dominant,Container delays and reduced ability to absorb further disruption at Europe's largest port,Moderate / High,High,https://www.reuters.com/business/world-at-work/lashers-strike-causes-growing-ship-backlog-rotterdam-port-2025-10-09/,Needs canonical event resolution,v1.10 weather/labour/protest first-pass population; operationally relevant event only.
OBS_000594,,external_disruptions_v2,EXT_0017,2026-02-18,Labour / Industrial Action,Maritime workers strike,48-hour port / maritime stoppage,Maritime / Port / Agricultural Exports,South America,Argentina,Rosario / Parana-Paraguay export corridor,,,Rosario,,Grain terminals / commercial vessels / pilots / port services,FESIMAF maritime workers federation,"FESIMAF maritime workers launched a 48-hour strike against labour reform, disrupting loading, unloading, pilot transfers and commercial-vessel services around Rosario.",Occurred,,,Agro-export activity brought close to a standstill and vessel dispatch constrained,"Disruption to a major global grain, soybean-oil and soybean-meal export system",High,High,https://www.reuters.com/business/world-at-work/argentine-maritime-workers-begin-48-hour-strike-against-labor-reform-2026-02-18/,Needs canonical event resolution,v1.10 weather/labour/protest first-pass population; operationally relevant event only.
OBS_000595,,external_disruptions_v2,EXT_0018,2026-03-05,Labour / Industrial Action,Seafarers strike,24-hour ferry stoppage,Ferry / Maritime,Europe / Eastern Mediterranean,Greece,Piraeus / Greek domestic ferry network,,,Piraeus,,Domestic ferry services / passenger and vehicle movements,PNO and Greek seafarer unions,"Greek seafarers held a 24-hour strike over crews stranded in the Gulf conflict, halting local ferry services and demanding evacuation protections.",Occurred,,,Ferry sailings halted for the duration of the strike,"Passenger, vehicle and island-supply movements delayed; labour action tied directly to maritime security risk",High,High,https://www.reuters.com/world/europe/greek-seafarers-strike-over-crews-stranded-gulf-by-iran-war-2026-03-05/,Needs canonical event resolution,v1.10 weather/labour/protest first-pass population; operationally relevant event only.
OBS_000596,,external_disruptions_v2,EXT_0019,2026-06-12,Labour / Industrial Action,Transport workers stoppage,Concrete-delivery suspension / blockade,Road / Industrial Construction,East Asia,South Korea,Seoul metropolitan area / Pyeongtaek / Yongin,,,Seoul metropolitan area,,Concrete plants / truck delivery / semiconductor construction,National Ready-Mixed Concrete Transport Workers' Union,"Around 8,000 ready-mixed concrete transport workers suspended deliveries, halting concrete work at major Samsung and SK Hynix semiconductor expansion sites.",Occurred / prolonged dispute,,,Concrete deliveries blocked and pouring halted at strategic chip-factory construction sites,Potential schedule slippage for semiconductor capacity expansion if stoppage persisted,Moderate / High,High,https://www.reuters.com/business/world-at-work/south-korea-concrete-delivery-halt-threatens-samsung-sk-hynix-chip-plant-work-2026-06-12/,Needs canonical event resolution,v1.10 weather/labour/protest first-pass population; operationally relevant event only.
OBS_000597,,external_disruptions_v2,EXT_0020,2025-10-09,Labour / Industrial Action,Port strike,Lashers / cargo securing,Maritime / Container Port,Europe,Netherlands,Port of Rotterdam,,,Port of Rotterdam,,Container terminals / ship loading and unloading,FNV / Rotterdam lashers,"All approximately 700 lashers at Rotterdam joined a wage strike, preventing container ships from loading or unloading and expanding a vessel backlog.",Occurred / temporarily suspended,,,Container loading/unloading effectively halted; vessel queue expanded,Backlogs at Europe's largest port with limited diversion capacity because Antwerp was also disrupted,High,High,https://www.reuters.com/business/world-at-work/lashers-strike-causes-growing-ship-backlog-rotterdam-port-2025-10-09/ | https://www.reuters.com/business/world-at-work/rotterdam-port-lashers-suspend-strike-monday-2025-10-12/,Needs canonical event resolution,v1.10 weather/labour/protest first-pass population; operationally relevant event only.
OBS_000598,,external_disruptions_v2,EXT_0021,2025-10-08,Labour / Industrial Action,Work-to-rule,Harbour pilots protest,Maritime / Port,Europe,Belgium,Port of Antwerp-Bruges / Zeebrugge,,,Port of Antwerp-Bruges,,Pilotage / port approaches / vessel traffic,Flemish harbour pilots,"Flemish harbour pilots worked to rule over pension reforms, sharply reducing vessel movements at Antwerp and causing delays, strandings and diversions.",Occurred,,,Antwerp handled only 31 ships on a day when 60-80 was typical; delays spread to Zeebrugge,Reduced gateway capacity and weaker diversion options for congestion at nearby Rotterdam,High,High,https://www.reuters.com/business/industrial-action-by-harbour-pilots-disrupts-shipping-antwerp-bruges-2025-10-08/,Needs canonical event resolution,v1.10 weather/labour/protest first-pass population; operationally relevant event only.
OBS_000599,,external_disruptions_v2,EXT_0022,2025-09-22,Protest / Labour,Dockworker strike / port blockade,Political solidarity protest,Port / Road / Rail,Europe,Italy,Genoa / Livorno,,,Genoa,,Port access roads / dock labour / regional rail,Italian dockworker and labour unions,"Dockworkers joined nationwide Gaza-related strikes and protests, blocking roads into Genoa and access at Livorno while broader transport services were disrupted.",Occurred,,,Port access impeded and some transport services disrupted,Localized cargo and hinterland disruption; demonstration of politically driven port-labour action,Moderate / High,High,https://www.reuters.com/world/europe/genoa-dockers-walk-out-italian-unions-protest-against-israel-2025-09-22/,Needs canonical event resolution,v1.10 weather/labour/protest first-pass population; operationally relevant event only.
OBS_000600,,external_disruptions_v2,EXT_0023,2025-11-28,Labour / Industrial Action,National transport strike,Aviation / rail / urban transport stoppages,Multimodal,Europe,Italy,Milan / Bologna / Rome / Turin / Genoa / Venice / Naples,,,Milan,,Airports / airlines / rail / urban public transport,USB and other labour organisations,A one-day labour action against government budget policy caused dozens of flight cancellations and disrupted train and urban transport services across Italy.,Occurred,,,"Flight cancellations, train disruption and urban transport delays",Air-cargo and business-travel disruption plus inland logistics friction across multiple Italian hubs,High,High,https://www.reuters.com/business/aerospace-defense/transport-italy-disrupted-by-strikes-against-pm-meloni-2025-11-28/,Needs canonical event resolution,v1.10 weather/labour/protest first-pass population; operationally relevant event only.
OBS_000601,,external_disruptions_v2,EXT_0024,2025-12-10,Protest / Labour,Farmers protest / blockade,Port and road blockade,Port / Road / Border Trade,Europe,Greece,Volos / national motorways / Promachonas border,,,Volos,,Volos port / highways / Bulgaria border crossing,Greek farmers' protest groups,"Farmers used tractors and trucks in nationwide protests, disrupting operations around Volos port and intermittently restricting border and motorway traffic.",Occurred / continuing at source date,,,Port-area disruption; road queues and intermittent border restrictions,"Agricultural, trucking and cross-border cargo delays with potential spillover to regional logistics",Moderate / High,High,https://www.reuters.com/business/environment/protesting-greek-farmers-disrupt-port-operations-nationwide-blockades-persist-2025-12-10/,Needs canonical event resolution,v1.10 weather/labour/protest first-pass population; operationally relevant event only.
OBS_000602,,external_disruptions_v2,EXT_0025,2025-02-27,Protest / Labour,Farmers protest / border blockade,Tractor blockade,Land / Border Trade,Central Europe,Czech Republic / Slovakia,Czech-Slovak border crossing / regional border points,,,Czech-Slovak border crossing,,Road freight / border crossing,"Czech, Slovak and allied farmer groups",Farmers from several Central European countries used tractors to disrupt a border crossing while protesting non-EU imports and agricultural policy.,Occurred,,,Border-crossing operations disrupted and road traffic constrained,Short-duration cross-border trucking friction and agricultural trade disruption,Moderate,Medium,https://www.reuters.com/world/europe/czech-slovak-farmers-clog-border-crossing-protest-non-eu-imports-2025-02-27/,Needs canonical event resolution,v1.10 weather/labour/protest first-pass population; operationally relevant event only.
OBS_000603,,external_disruptions_v2,EXT_0026,2026-09-05,Protest / Labour,Road blockade / protest,Port access disruption,Port / Road / Ferry,Europe,United Kingdom,Port of Dover / Portsmouth,,,Port of Dover,,Port access roads / ferry passengers and cargo traffic,Anti-migrant protest groups,"Masked anti-migrant protesters blocked roads around the Port of Dover and later streets in Portsmouth, causing traffic disruption around important Channel ferry access points.",Occurred / contained,,,Road access disrupted; ferry passengers delayed; access later restored,Localized friction at the UK's main cross-Channel ferry gateway; no confirmed prolonged port shutdown,Moderate,Medium,https://www.reuters.com/world/uk/uk-minister-condemns-anti-migrant-protests-portsmouth-2026-09-07/ | https://apnews.com/article/8e263817b1ad5abd49beec7a6a8f88a4,Needs canonical event resolution,v1.10 weather/labour/protest first-pass population; operationally relevant event only.
OBS_000604,EVENT_0011,news_intake_v1_15,NEWS00002,2026-09-01,Regulatory / Policy,Regulatory / legal dispute,FMC complaint,Maritime / Inland Logistics,North America,United States,Federal Maritime Commission / U.S. marine and rail terminals,,,CMA CGM / Samsung Electronics America,,Carrier / shipper relationship,Samsung Electronics America,"At least $186m claim over detention, demurrage, rail storage and store-door inland delivery practices.",Pending adjudication,,,No confirmed service stoppage,Potential liability and billing-practice precedent,High,High,https://splash247.com/samsung-hits-cma-cgm-with-186m-fmc-claim/,Canonical event resolved,"121,000+ charges alleged in cited report."
OBS_000605,EVENT_0012,news_intake_v1_15,NEWS00010,2026-09-07,Military / Enforcement,Interdiction / detention,Post-port-call enforcement,Maritime,Red Sea / Bab al-Mandab,Yemen,Ras Isa to Bab al-Mandab / Aden,,,NEREIDA,9163269,Product tanker,Yemen Coast Guard,Tanker reportedly delivered at Ras Isa and was later intercepted by Yemen Coast Guard.,Detained / escorted,,,Vessel movement interrupted,Conflict-exposed fuel logistics and sanctions risk,High,Medium,https://maritime-executive.com/article/yemen-coast-guard-stops-tanker-after-delivery-to-houthi-controlled-port,Canonical event resolved,Official allegations should remain attributed; port-control status time-stamped separately.
OBS_000606,EVENT_0013,news_intake_v1_15,NEWS00014,2026-09-03,Port / Infrastructure Incident,Container loss,Containers overboard / lashing failure,Maritime,Southeast Asia,Philippines,"Near Hamilo Point, Batangas",,,SPAN ASIA 39,,Containership,Philippine Span Asia Carrier Corp.,46 containers reported overboard after rough seas and heavy rolling loosened lashings.,Navigation warning / search,0,0,Floating-container hazard; one additional box later lost at anchorage,Domestic shipping-route disruption risk,Moderate,High,https://maritime-executive.com/article/navigation-warning-after-ship-loses-46-containers-in-philippine-waters,Canonical event resolved,"30 x 20ft, 11 x 40ft and 5 open containers reported; described as empty."
OBS_000607,EVENT_0014,news_intake_v1_15,NEWS00012,2026-09-05,Protest / Labour,Road blockade / protest,Port access disruption,Port / Road / Ferry,Europe,United Kingdom,Port of Dover,,,Port of Dover,,Port / ferry access roads,Anti-immigration protest groups,Road access to the ferry port was blocked during protest activity.,Access later restored,,,Ferry/passenger and road access delays,Short-duration Short Straits logistics friction,Moderate,Medium,https://maritime-executive.com/article/anti-immigration-protestors-block-dover-uk-s-busiest-ferry-port,Canonical event resolved,Complements existing Reuters/AP observation; not a duplicate real-world event.
OBS_000608,EVENT_0015,news_intake_v1_15,NEWS00016,2026-09-02,Transport Accident,Vessel contact with fixed infrastructure,Breakaway during tow / relocation,Maritime / Road,Southeast Asia,Malaysia,Johor River / Sungai Johor Bridge,,,SMF IXORA,,Product tanker,Tug operation / Marine Department reporting,Tanker drifted during relocation and contacted bridge supports.,Minor damage,0,0,Additional tugs required; roadway stayed open,Limited immediate trade impact,Moderate,High,https://maritime-executive.com/article/video-breakaway-tanker-stopped-by-roadway-bridge-supports,Canonical event resolved,Strong current and limited towing capacity cited.
OBS_000609,EVENT_0016,news_intake_v1_15,NEWS00017,2026-08-25,Port / Infrastructure Incident,Vessel sinking at berth,Loss of stability during fuel transfer,Port / Maritime,South America,Uruguay,Port of Montevideo,,,ALPHA CRUX,,Fishing vessel,Port authorities / vessel operations,Russian-flagged fishing vessel lost stability and sank alongside while transferring fuel internally.,Sunk; crew evacuated,0,0,Berth secured; spill-response equipment deployed,Localized berth/salvage impact,High,High,https://maritime-executive.com/article/photos-russian-commercial-fishing-vessel-sinks-at-the-dock-in-montevideo,Canonical event resolved,No liquid-fuel spill verified at initial reporting.
OBS_000610,EVENT_0017,news_intake_v1_15,NEWS00007,2026-09-03,Military / Enforcement,Maritime interdiction / vessel destruction,Counter-narcotics operation,Maritime,Eastern Pacific,Ecuador / International waters disputed in family account,Eastern Pacific off Ecuador,,,CONQUISTA II / OM2,,Small commercial / fishing vessels,U.S. SOUTHCOM / Government of Ecuador,Joint operation targeted vessels described by authorities as floating refueling stations linked to drug trafficking.,Crew removed; vessels sunk,,,Vessels removed from service,Counter-narcotics campaign and legal/political scrutiny,High,Medium,https://gcaptain.com/ecuador-says-us-sinkings-of-vessels-were-part-of-joint-anti-drug-probe/,Canonical event resolved,Relatives disputed official allegations; Reuters could not independently verify their account.
OBS_000611,EVENT_0018,news_intake_v1_15,NEWS00006,2026-09-07,Regulatory / Policy,Port governance restructuring,Port-authority integration,Port / Governance,East Asia,South Korea,National,,,Korea Port Authority / four port authorities,,Port authority system,South Korean government,Report states four major port authorities will be integrated into a national organization with regional branches.,Developing governance change,,,No immediate confirmed cargo stoppage,Potential centralization of governance and investment decisions,Moderate,Medium,https://splash247.com/south-korea-confirms-sweeping-port-authority-merger/,Canonical event resolved,Implementation status should be checked against primary Korean government sources before canonical ownership/governance overwrite.
