year,serial_no,date,time_local,ship_name,incident_type,flag,ship_type,latitude,longitude,latitude_decimal,longitude_decimal,area,area_description,ship_activity,description,category,source_page,source_file,source_url
2026,1,2026-08-24,0525,Juno Pacific,Robbery/ Theft,PANAMA,BULK CARRIER,1° 44.6' N,101° 22.6' E,1.743333,101.376667,Indonesia (Ports/Anchorages),"Lubuk Gaung Port, Indonesia",At Berth,"While the vessel was loading palm kernel shells at berth, the watch helmsman discovered two perpetrators rummaging through the spare parts room in the engine room. The watch helmsman immediately made an emergency call to the ship. The perpetrators fled towards the wheelhouse and jumped overboard from the stern deck upon being noticed. They escaped via a small boat waiting nearby. The crew then conducted a search on board. Some spare parts of the generator were stolen. The crew were not injured. The incident was reported to Polairud Marine Police. The Marine Police carried out information gathering on the ship.",4,1,List of Incidents for 2026.pdf,https://www.recaap.org/alerts
2026,2,2026-08-23,0106,YM Pioneer,Robbery/ Theft,LIBERIA,BULK CARRIER,10° 17.01' N,107° 2.34' E,10.2835,107.039,Vietnam (Ports/Anchorages),"Southwest of Vung Tau Light house, Anchorage H13, Vietnam",,"At Anchor While at anchor, at least one perpetrator boarded the ship through freeboard on port bow and went to the paint store at forecastle. A thorough search was conducted on board. 75 cans of paints and a set of cables for welding machines were stolen. The crew were not injured. The incident was reported to the local agent and Vung Tau Border Defence Force.",4,1,List of Incidents for 2026.pdf,https://www.recaap.org/alerts
2026,3,2026-08-10,0345,Hafnia Raven,Robbery/ Theft,SINGAPORE,OIL / CHEMICAL TANKER,22° 16.36' N,91° 48.47' E,22.272667,91.807833,Bangladesh (Ports/Anchorages),"Chittagong Port, Bangladesh",At Berth,"While berthed, the vessel’s shore security watchman and duty crew detected three to four perpetrators near the port- side midship store. The alarm was immediately raised, alerting the crew and security personnel. Upon activation of the ship’s alarm, the perpetrators escaped. A search was conducted and ship stores, including an emergency hydraulic hand pump, hydraulic blowers and spare PV valves, were stolen from the midship store. Investigation revealed the perpetrators gained access to the vessel from the seaside using hooks and ropes, and subsequently forced entry into the locked midship store. The crew was not injured. The Bangladesh Coast Guard (BCG) subsequently boarded the vessel to conduct further investigation.",4,1,List of Incidents for 2026.pdf,https://www.recaap.org/alerts
2026,4,2026-07-07,2239,Columbia River,Robbery/ Theft,"HONG KONG, CHINA",BULK CARRIER,6° 1' S,106° 55.5' E,-6.016667,106.925,Indonesia (Ports/Anchorages),"Jakarta Anchorage Zone E, Indonesia",,"At Anchor While anchored, two perpetrators wearing T-shirts and shorts boarded the ship from a small boat using a rope and hook via the poop deck port quarter. The alarm was raised and the perpetrators escaped with stolen engine store spares. The crew was not injured.",4,1,List of Incidents for 2026.pdf,https://www.recaap.org/alerts
2026,5,2026-07-05,0500,PM Crown,Robbery/ Theft,SINGAPORE,TANKER,1° 11.8' N,103° 25.1' E,1.196667,103.418333,Straits of Malacca & Singapore,Malacca Strait,While Sailing,"While the vessel was transiting the Malacca Strait prior to its arrival in Singapore, the third Engineer discovered that the spare store had been disturbed and immediately reported the incident to the Chief Engineer. A subsequent inventory check confirmed that two turbocharger service kits, two main bearing metal assemblies, one crankpin bearing metal, and one piston ring set were missing. All crew members were accounted for and safe. The incident was reported to the flag State.",4,1,List of Incidents for 2026.pdf,https://www.recaap.org/alerts
2026,6,2026-06-30,0430,Southern Hawk,Robbery/ Theft,SINGAPORE,BULK CARRIER,2° 0.85' S,122° 0.22' E,-2.014167,122.003667,Indonesia (Ports/Anchorages),"Bahodopi Anchorage, Indonesia",,"At Anchor While anchored, during routine safety rounds, the duty AB discovered that perpetrators boarded the vessel. The crew conducted a thorough search of the vessel. However, no perpetrators were found onboard. Subsequent onboard checks revealed that several items were stolen from the bosun store, including a brass bell, electrical wires and cables, butterfly nuts, stools, a chain locker sounding cap, a sounding pipe, and a hydraulic oil refilling cap. All crew members were safe and accounted for. The Master reported the incident through the local agent to the local Port Authority.",4,2,List of Incidents for 2026.pdf,https://www.recaap.org/alerts
2026,7,2026-06-29,0145,Hai Xu,Robbery/ Theft,SAO TOME & PRINCIPE,GENERAL CARGO SHIP,22° 10.77' N,91° 46.9' E,22.1795,91.781667,Bangladesh (Ports/Anchorages),"Charlie Anchorage, Chittagong Port Area, Bangladesh",While Sailing,"While underway, a group of perpetrators boarded the vessel and stole ship stores. As this was a vessel to be scrapped, there was no security staff or watchmen onboard. The ship's local agent informed BCG and Chittagong Port Authority. BCG sent a boarding party to the vessel and conducted an investigation onboard. BCG and River Police subsequently recovered and handed over the stolen items to concern authority and shipping agent.",4,2,List of Incidents for 2026.pdf,https://www.recaap.org/alerts
2026,8,2026-06-26,0040,Maria D,Robbery/ Theft,LIBERIA,BULK CARRIER,1° 8.43' N,103° 30.3' E,1.1405,103.505,Straits of Malacca & Singapore,"Approximately 9.7 nm off Pulau Iyu Kecil (Indonesia), in the eastbound lane of the Traffic Separation Scheme (TSS)",While Sailing,"While underway, five perpetrators armed with a knife and a in the engine room. Ship's gun-like object were sighted general alarm was activated, deck lights switched on and all crew mustered. A search was conducted with no further sighting of the perpetrators onboard. All crew were accounted for and were safe. Some engine spares were stolen. The incident was reported to Singapore Vessel Traffic Information System (VTIS). Safety broadcast on anti-piracy watch carried out to warn vessels to maintain a vigilant watch at all times in the Singapore Strait (SS). Republic of Singapore Navy (RSN) and Singapore Police Coast Guard (SPCG) were notified of the incident. SPCG boarded the vessel and conducted a security search. No perpetrators were found on board. Information was shared with the Indonesian authorities.",3,2,List of Incidents for 2026.pdf,https://www.recaap.org/alerts
2026,9,2026-06-22,1300,SDM Shenyang,Robbery/ Theft,LIBERIA,BULK CARRIER,3° 55.1' N,98° 47.3' E,3.918333,98.788333,Indonesia (Ports/Anchorages),"Belawan Anchorage, Indonesia",,"At Anchor While anchored, the duty officer onboard noticed several small boats near the forward of the vessel and notified the bosun to check. After several minutes, on not receiving any response from the bosun, the duty officer raised the alarm. Crew mustered and proceeded to the forecastle where they saw the bosun tied up. Seven perpetrators carrying knives were also seen escaping from the forecastle store. On investigating, ship properties were reported as stolen. The incident was reported to Belawan VTS, Coast Guard and the local agent.",2,2,List of Incidents for 2026.pdf,https://www.recaap.org/alerts
2026,10,2026-06-21,0300,Jin Hwa 45 & Jin Hwa 37,Robbery/ Theft,MALAYSIA,TUG BOAT & BARGE,1° 30.36' N,104° 54.09' E,1.506,104.9015,South China Sea,Approximately 25.4 nm off Pulau Bintan (Indonesia),While Sailing,"While underway, the barge was boarded by three perpetrators. Four lashing wires, eight turn buckles, one solar light and 10 shovels were stolen. The crew on the tug boat were not injured.",4,2,List of Incidents for 2026.pdf,https://www.recaap.org/alerts
2026,11,2026-06-19,1000,TS Pusan,Robbery/ Theft,MARSHALL ISLANDS,CONTAINER SHIP,14° 36.58' N,120° 48.96' E,14.609667,120.816,Philippines (Ports/Anchorages),"Manila International Container Terminal (MICT) Anchorage, Philippines",At Anchor While,"anchored, four perpetrators armed with knives/bladed weapons boarded the vessel by climbing a rope attached to the forecastle area. Upon boarding, the perpetrators proceeded to the bosun store and forcibly opened the door. After the incident was discovered, the crew immediately secured the area and activated the alarm. Some ship property/stores were stolen. The incident was reported to Vessel Traffic Management System (VTMS) Manila and Coast Guard Station (CGS) Manila. Upon receiving the report, Coast Guard Sub-Station (CGSS) North Harbor and CGS Manila personnel, together with Investigation Detection Unit (IDU) personnel carried out investigation.",3,3,List of Incidents for 2026.pdf,https://www.recaap.org/alerts
2026,12,2026-06-13,0503,Gul Bano,Robbery/ Theft,BANGLADESH,BULK CARRIER,1° 5.45' N,103° 43.88' E,1.090833,103.731333,Straits of Malacca & Singapore,"Approximately 3.2 nm off Pulau Cula (Indonesia), in the eastbound lane of the TSS",While Sailing,"While underway, four perpetrators were sighted in the engine room. One of the perpetrators carried a gun-like object and three perpetrators were unarmed. The ship’s general alarm was activated, deck lights switched on and the crew was mustered. A search was conducted, with no further sighting of the perpetrators onboard. All crew members were accounted for and safe, with no injuries reported. Some further assistance was engine spares were missing. No required. The incident was reported to Singapore VTIS. Safety broadcast on anti-piracy watch was carried out to warn all vessels to maintain a vigilant watch at all times in the SS. The RSN and SPCG were notified of the incident. Information was shared with the Indonesian authorities. Upon arrival at Eastern Holding A Anchorage (AEHA), SPCG boarded the vessel and conducted a search onboard, with no perpetrators found.",3,3,List of Incidents for 2026.pdf,https://www.recaap.org/alerts
2026,15,2026-06-05,0228,Xing Hai He,Robbery/ Theft,MARSHALL ISLANDS,BULK CARRIER,1° 4.16' N,103° 41.91' E,1.069333,103.6985,Straits of Malacca & Singapore,"Approximately 1.9 nm off Pulau Cula (Indonesia), in the eastbound lane of the TSS",While Sailing,"While underway, two unarmed perpetrators were sighted on deck by crew. The ship’s general alarm was activated, and all crew members were mustered and accounted for. The crew further was not injured and nothing was stolen. No assistance was required. The incident was reported to VTIS. Safety broadcast on anti- piracy watch was carried out to warn all vessels to maintain a vigilant watch at all times in the SS. The RSN and SPCG were notified of the incident. Information was shared with the Indonesian authority. Upon arrival at Pilot Eastern Boarding Ground B (PEBGB), SPCG boarded the vessel and conducted a search onboard, with no perpetrators found.",4,4,List of Incidents for 2026.pdf,https://www.recaap.org/alerts
2026,14,2026-06-05,0352,Star Luna,Robbery/ Theft,MARSHALL ISLANDS,BULK CARRIER,1° 3.73' N,103° 40.78' E,1.062167,103.679667,Straits of Malacca & Singapore,"Approximately 2.3 nm off Pulau Cula (Indonesia), in the eastbound lane of the TSS",While Sailing,"While underway, three perpetrators armed with knives and gun-like objects were sighted in the engine room. The ship's general alarm was activated and the crew mustered. A search was conducted, with no further sighting of the perpetrators onboard. All crew members were accounted for and safe. Some engine spares were missing. No further assistance was required. The incident was reported to Singapore VTIS. Safety broadcast on anti-piracy watch was carried out to warn all vessels to maintain a vigilant watch at all times in the SS. The RSN and SPCG were notified of the incident. Information was shared with the Indonesian authority. Upon arrival at AEHA, SPCG boarded the vessel and conducted a search onboard, with no perpetrators found.",3,4,List of Incidents for 2026.pdf,https://www.recaap.org/alerts
2026,16,2026-06-04,0454,CMA CGM Valparaiso,Robbery/ Theft,MALTA,CONTAINER SHIP,14° 36.58' N,120° 48.96' E,14.609667,120.816,Philippines (Ports/Anchorages),"MICT Anchorage, Philippines",,"At Anchor While at anchor, four perpetrators armed with guns and the ship knives were sighted onboard. Upon discovery, immediately reported to VTMS Corregidor and CGS Manila. The perpetrators disembarked via an unidentified motor banca. In response, CGS Manila immediately informed CGSS North Harbor to establish communication with the subject vessel. Despite several attempts, the station failed to get in touch with the vessel or the local agent for the exact location or other details pertaining to the perpetrators’ identity.",2,4,List of Incidents for 2026.pdf,https://www.recaap.org/alerts
2026,13,2026-06-04,0454,Teh Victory,Robbery/ Theft,MALTA,CONTAINER SHIP,14° 36.58' N,120° 48.96' E,14.609667,120.816,Philippines (Ports/Anchorages),"MICT Anchorage, Philippines",,"At Anchor While at anchor, six perpetrators boarded the vessel via a small motor banca. Upon being discovered, one of the suspects displayed a firearm tucked at his waist and ordered the crew member to raise his hands. The crew, after being threatened, immediately fled to the bridge and reported the incident. Approximately 30 drums of 20L Paint, four pieces of copper screw from the cover of the Bosun Store and three copper fire hose nozzles were stolen. The VTMS Corregidor of Philippine Coast Guard (PCG) coordinated with CGSS North Harbor on the incident. Upon receiving the information, personnel of the substation immediately proceeded to CGSS Navotas to assist the IDU personnel conducting the investigation and communicating with the Master of the vessel.",2,3,List of Incidents for 2026.pdf,https://www.recaap.org/alerts
2026,17,2026-05-13,0130,Broompark,Robbery/ Theft,UNITED KINGDOM,BULK CARRIER,1° 3.45' N,103° 37.5' E,1.0575,103.625,Straits of Malacca & Singapore,"Approximately 5.3 nm off Pulau Cula (Indonesia), in the eastbound lane of the TSS",While Sailing,"While underway, a perpetrator with knife was sighted in the engine room workshop. The perpetrator attempted to threaten the engine room watchkeeping staff, who ran away and secured himself in the engine control room. The master was informed and the general alarm was activated. All crew mustered and a search was conducted, with no further sighting of the perpetrators. The crew members were not injured and nothing was stolen. No assistance was required and the vessel continued its voyage. The agent of vessel reported to Maritime and Port Authority of Singapore (MPA). Safety broadcast on anti-piracy watch was carried out to warn all vessels to maintain a vigilant watch at all times in the SS. The RSN’s Maritime Security Task Force (MSTF) and SPCG were notified of the incident. Information was shared with the Indonesian authorities.",3,5,List of Incidents for 2026.pdf,https://www.recaap.org/alerts
2026,18,2026-05-07,2335,CNC Neptune,Robbery/ Theft,SINGAPORE,CONTAINER SHIP,21° 50.07' N,91° 44.51' E,21.8345,91.741833,Bangladesh (Ports/Anchorages),"Chittagong Outer Anchorage, Bangladesh",,"At Anchor While at anchor, the deck watchmen observed eight to ten perpetrators armed with long knives boarding the starboard aft deck. One of the perpetrators advanced aggressively, forcing the watchmen to retreat to the port quarter who then raised the alarm. The officer of the Watch (OOW) immediately notified the Master and crew. The ship attempted to contact the Bangladesh Navy and Port Control but with no response. The OOW then observed the perpetrators fleeing from the starboard quarter in two long wooden boats. A subsequent search confirmed no perpetrators remained onboard, but 2900 litres of assorted paint were stolen. The crew were not injured. The incident has been reported to local authorities as well as MPA (flag State).",2,5,List of Incidents for 2026.pdf,https://www.recaap.org/alerts
2026,19,2026-04-26,0400,CS Saker,Robbery/ Theft,SINGAPORE,TANKER,5° 49.1' N,118° 8.1' E,5.818333,118.135,Malaysia (Ports/Anchorages),"Sandakan Anchorage, Malaysia",,"At Anchor While at anchor, during a routine verification of hydro blower specifications for the enclosed-space equipment listing, the training Master was unable to locate the hydro blowers in the forecastle store. Subsequent checks with the crew confirmed that four hydro blowers, one pneumatic blower, one helicopter Rescue Equipment Box, and one coil of tiger rope were missing. The store lock was also found to have been broken. The crew were not injured and no assistance was required. A review of CCTV footage was inconclusive, as visibility was compromised by glare from the forecastle floodlight and forward tube lights. No intruders were captured on the recordings. The incident has been reported to the authorities by the local agent. The Superintendent of the ship also reported the incident to MPA (flag State).",4,5,List of Incidents for 2026.pdf,https://www.recaap.org/alerts
2026,20,2026-04-22,0010,Taipan,Robbery/ Theft,MARSHALL ISLANDS,TANKER,1° 3.4' N,103° 37.5' E,1.056667,103.625,Straits of Malacca & Singapore,"Approximately 3.6 nm off Pulau Cula (Indonesia), in the eastbound lane of the TSS",While Sailing,"While underway, a crew member sighted four perpetrators with knives in the engine room. The ship’s general alarm was activated. All crew mustered and accounted for. A search was conducted with no further sighting of the perpetrators. The crew members were not injured and some engine spares were stolen. The incident was reported to Singapore Vessel Traffic Information System (VTIS). Safety broadcast on anti-piracy watch was carried out to warn all vessels to maintain a vigilant watch at all times in the Singapore Strait (SS). The RSN’s MSTF and SPCG were notified of the incident. Information was shared with the Indonesian authority.",3,6,List of Incidents for 2026.pdf,https://www.recaap.org/alerts
2026,23,2026-04-20,0358,Aliado,Robbery/ Theft,LIBERIA,BULK CARRIER,1° 4.19' N,103° 36.66' E,1.069833,103.611,Straits of Malacca & Singapore,"Approximately 6.3 nm off Pulau Cula (Indonesia), in the eastbound lane of the TSS",While Sailing,"While underway, one perpetrator was sighted in the engine room. The ship’s general alarm was activated. All crew mustered and accounted for. A search was conducted with no further sighting of the perpetrators. The crew members were not injured and nothing was stolen. The incident was reported to Singapore VTIS. Safety broadcast on anti-piracy watch was carried out to warn all vessels to maintain a vigilant watch at all times in the SS. The RSN and SPCG were notified of the incident. Information was shared with the Indonesian authority.",4,6,List of Incidents for 2026.pdf,https://www.recaap.org/alerts
2026,22,2026-04-20,1630,HK Tug 3 & LKH 9889,Robbery/ Theft,SINGAPORE,TUG BOAT & BARGE,1° 17.47' N,104° 9.37' E,1.291167,104.156167,Straits of Malacca & Singapore,In the precautionary area of the TSS,While Sailing,"While the tug boat towing barge was underway, the Chief Officer noticed a sampan and two perpetrators sighted onboard the barge. The perpetrators subsequently left the barge, and escaped in the sampan. Some scrap metals were stolen. The crew members were not injured. The vessels continued their voyage, with the master declaring that no assistance was required. The incident was reported to MPA (flag State). Singapore Port Operations Control Centre (POCC) confirmed that this information has been shared with the RSN’s MSTF, SPCG and Indonesian authority.",4,6,List of Incidents for 2026.pdf,https://www.recaap.org/alerts
2026,21,2026-04-20,2015,Posh Eagle,Robbery/ Theft,SINGAPORE,TUG BOAT,22° 21.34' N,91° 41.86' E,22.355667,91.697667,Bangladesh (Ports/Anchorages),"Outer Anchorage B, near beaching area of Chittagong, Bangladesh",,"At Anchor While at anchor, the crew observed unauthorised persons on deck and alerted the bridge. The general alarm was sounded and all crew mustered. Upon detection, the perpetrators fled and jumped into a small boat. A thorough search was conducted. The paint store lock was damaged and 10 cans of paint were stolen. The crew members were not injured. The incident was reported to MPA (flag State).",4,6,List of Incidents for 2026.pdf,https://www.recaap.org/alerts
2026,24,2026-04-19,1000,MTT Tahan & MTT Tioman,Robbery/ Theft,MALAYSIA,TUG BOAT & BARGE,1° 8.23' N,103° 28.63' E,1.137167,103.477167,Straits of Malacca & Singapore,"Northeast of Pulau Karimun Besar (Indonesia), in the eastbound lane of the TSS",While Sailing,"While underway, the Master sighted two perpetrators boarding the barge. The perpetrators were not armed. The crew were not injured. Some mooring ropes and packed goods from the container were stolen, which include building materials and automotive products.",4,6,List of Incidents for 2026.pdf,https://www.recaap.org/alerts
2026,25,2026-04-17,1640,Baleno Otso,Robbery/ Theft,PHILIPPINES,PASSENGER SHIP,13° 44.38' N,121° 2.94' E,13.739667,121.049,Philippines (Ports/Anchorages),"Waters off Barangay Cuta, Batangas City, Philippines",,"At Anchor While grounded, five perpetrators carried knives boarded the vessel. The perpetrators threatened the crew while escaping. Some metal parts and generator wirings were stolen. One crew member promptly reported the incident to CGSS Batangas City when the perpetrators had already fled the vicinity. Upon receiving the report, CGSS Batangas City deployed personnel to render necessary assistance. All five perpetrators were arrested and sent to the station for investigation.",3,7,List of Incidents for 2026.pdf,https://www.recaap.org/alerts
2026,26,2026-04-15,0000,King Milo,Robbery/ Theft,PANAMA,BULK CARRIER,2° 47.2' S,122° 9.4' E,-2.786667,122.156667,Indonesia (Ports/Anchorages),"Bahodopi Anchorage, Indonesia",,"At Anchor While at anchor, the ship was boarded by the perpetrators. Some brass items such as fire hose coupling, nozzles, cargo light wires, ship’s bell and butterfly nuts inside the Bosun Store were stolen. The crew were not injured. The incident was reported to the National Search and Rescue Agency of the coastal State.",4,7,List of Incidents for 2026.pdf,https://www.recaap.org/alerts
2026,27,2026-04-13,2144,HK Tug 8 & LKH 2882,Robbery/ Theft,SINGAPORE,TUG BOAT & BARGE,1° 15.32' N,104° 5.28' E,1.255333,104.088,Straits of Malacca & Singapore,"Approximately 3 nm off Pulau Nongsa (Indonesia), in the eastbound lane of the TSS",While Sailing,"While underway, the Master observed a sampan alongside the barge, with approximately two perpetrators on board. The perpetrators subsequently escaped from the barge via the sampan. The perpetrators were not armed. The crew were not injured. Some scrap metals were stolen. The incident was reported to MPA (flag State).",4,7,List of Incidents for 2026.pdf,https://www.recaap.org/alerts
2026,28,2026-04-09,0340,Lowlands Island,Robbery/ Theft,PANAMA,BULK CARRIER,1° 3' N,103° 39.7' E,1.05,103.661667,Straits of Malacca & Singapore,"Approximately 3 nm off Pulau Cula (Indonesia), in the eastbound lane of the TSS",While Sailing,"While underway, four perpetrators were sighted in the engine room. One of the perpetrators carried a knife, and another perpetrator a gun-like object and knife. The ship's general alarm was activated and crew mustered. After conducting a search onboard, master confirmed there was no further sighting of the perpetrators and some engine spares were stolen. All crew members were accounted for, with no injuries reported. The incident was reported to Singapore VTIS. Safety broadcast on anti-piracy watch was carried out to warn all vessels to maintain a vigilant watch at all times in the SS. The RSN and SPCG were notified of the incident. Information was shared with the Indonesian authority. The SPCG boarded the ship for security checks at Singapore anchorage, with no perpetrators found onboard.",3,7,List of Incidents for 2026.pdf,https://www.recaap.org/alerts
2026,29,2026-03-28,1500,ALS Vesta,Robbery/ Theft,SINGAPORE,CONTAINER SHIP,14° 35.7' N,120° 51.7' E,14.595,120.861667,Philippines (Ports/Anchorages),"Manila North Anchorage, Philippines",,"At Anchor While at anchor, three perpetrators were sighted onboard by the deck watch. Upon noticing the approaching crew, the perpetrators jumped overboard. The perpetrators gained access by climbing the anchor chain, passing through the hawse pipe via a small gap, and pushing the hawse pipe cover open. A thorough inspection was carried out and confirmed that no items were stolen. The perpetrators were not armed. The crew were not injured. The incident was reported to MPA (flag State).",4,7,List of Incidents for 2026.pdf,https://www.recaap.org/alerts
2026,31,2026-03-19,0155,Hellasship,Robbery/ Theft,LIBERIA,BULK CARRIER,1° 3.61' N,103° 37.66' E,1.060167,103.627667,Straits of Malacca & Singapore,"Approximately 5.7 nm off Pulau Cula (Indonesia), in the eastbound lane of the TSS",While Sailing,"While underway, four perpetrators armed with long knives were sighted in the steering gear room. The ship's general alarm was activated and crew mustered. After conducting a search onboard, master confirmed there was no further sighting of the perpetrators and nothing was stolen. A crew was slightly injured by the perpetrators with a minor laceration to his head, and the agent arranged for shore medical follow up. The incident was reported to Singapore VTIS. Safety broadcast on anti-piracy watch was carried out to warn all vessels to maintain a vigilant watch at all times in the SS. The RSN and SPCG were notified of the incident. Information was shared with the Indonesian authority. The SPCG boarded the ship at Eastern Boarding Ground “B” (PEBGB) and conducted a search and investigation.",3,8,List of Incidents for 2026.pdf,https://www.recaap.org/alerts
2026,30,2026-03-19,0345,Aristoteles Graecia,Robbery/ Theft,CYPRUS,BULK CARRIER,1° 2.9' N,103° 37.7' E,1.048333,103.628333,Straits of Malacca & Singapore,"Approximately 5.1 nm off Pulau Cula (Indonesia), in the eastbound lane of the TSS",While Sailing,"While underway, four perpetrators were sighted in the engine room. One of the perpetrators was armed with a long knife. The ship's general alarm was activated and crew mustered. After conducting a search onboard, master confirmed there was no further sighting of the perpetrators and some engine spares were stolen. All crew members were safe and accounted for. The incident was reported to Singapore VTIS. Safety broadcast on anti-piracy watch was carried out to warn all vessels to maintain a vigilant watch at all times in the SS. The RSN and SPCG were notified of the incident. Information was shared with the Indonesian authority. The SPCG boarded the ship at Eastern Holding B Anchorage (AEHB) and conducted a search and investigation.",3,8,List of Incidents for 2026.pdf,https://www.recaap.org/alerts
2026,32,2026-03-18,0130,Darya Tiana,Robbery/ Theft,"HONG KONG, CHINA",BULK CARRIER,1° 4' N,103° 36' E,1.066667,103.6,Straits of Malacca & Singapore,"Approximately 6.5 nm off Pulau Cula (Indonesia), in the eastbound lane of the TSS",While Sailing,"While underway, four perpetrators (not armed) were sighted at the starboard gangway. The ship's general alarm was activated and crew mustered. After conducting a search onboard, master confirmed there was no further sighting of the perpetrators and nothing was stolen. There was no confrontation between the perpetrators and crew; and all crew members were safe and accounted for. The incident was reported to Singapore VTIS. Safety broadcast on anti-piracy watch was carried out to warn all vessels to maintain a vigilant watch at all times in the SS. The RSN and SPCG were notified of the incident. Information was shared with the Indonesian authority.",4,8,List of Incidents for 2026.pdf,https://www.recaap.org/alerts
2026,33,2026-03-07,0300,Ocean Radiance,Robbery/ Theft,PALAU,LPG TANKER,1° 2.3' N,103° 40.2' E,1.038333,103.67,Straits of Malacca & Singapore,"Approximately 2.38 nm off Pulau Cula (Indonesia), in the eastbound lane of the TSS",While Sailing,"While underway, seven perpetrators armed with knives were sighted in the engine room. There was no confrontation with the crew. The master raised the general alarm and crew mustered. A search was carried out onboard with no further sightings of perpetrators. The crew were not injured. The incident was reported to Singapore VTIS. Safety broadcast on anti-piracy watch was carried out to warn all vessels to maintain a vigilant watch at all times in the SS. The RSN and SPCG were notified of the incident. Information was shared with the Indonesian authority.",3,9,List of Incidents for 2026.pdf,https://www.recaap.org/alerts
2026,34,2026-02-28,0248,Nord Auriga,Robbery/ Theft,SINGAPORE,BULK CARRIER,1° 5.73' N,103° 33' E,1.0955,103.55,Straits of Malacca & Singapore,"Approximately 13.2 nm off Pulau Cula (Indonesia), in the eastbound lane of the TSS",While Sailing,"While underway, three unarmed perpetrators were sighted on board the ship. The master initiated a security search with no perpetrators found onboard. The crew were not injured. Nothing was stolen. The incident was reported to Singapore POCC. The SPCG boarded the ship at Eastern Bunkering B Anchorage (AEBB) and conducted a search and investigation.",4,9,List of Incidents for 2026.pdf,https://www.recaap.org/alerts
2026,35,2026-02-27,0234,Taz,Robbery/ Theft,MARSHALL ISLANDS,BULK CARRIER,1° 2.47' N,103° 39.32' E,1.041167,103.655333,Straits of Malacca & Singapore,"Approximately 3.2 nm off Pulau Cula (Indonesia), in the eastbound lane of the TSS",While Sailing,"While underway, five perpetrators boarded the ship. One of the perpetrators was armed with a knife. The ship’s general alarm was raised and crew mustered and accounted for. A search was carried out onboard with no further sightings of perpetrators. The crew were not injured. One crew’s mobile phone was stolen. The incident was reported to Safety Singapore VTIS. broadcast on anti-piracy watch was carried out to warn all vessels to maintain a vigilant watch at all times in the SS. The RSN and SPCG were notified of the incident. Information was shared with the Indonesian authority.",2,9,List of Incidents for 2026.pdf,https://www.recaap.org/alerts
2026,36,2026-02-20,0354,AS Nora,Robbery/ Theft,MARSHALL ISLANDS,CONTAINER SHIP,14° 33.77' N,120° 49.65' E,14.562833,120.8275,Philippines (Ports/Anchorages),"Manila International Container Terminal (MICT) Anchorage Area, Philippines",,"At Anchor While at anchor, the duty crew noted that the cover of the hawse pipe of the starboard anchor was opened. After informing the 2nd officer, the general alarm, including the typhoon alarm was raised. A search was conducted with no perpetrators found on board. Subsequently, the master ordered an inventory and inspection of the deck equipment. The crew were not injured. Some ship property/stores were stolen. The incident was reported to VTMS Corregidor and CGS Manila. CGS Manila immediately directed the duty maritime patrol (MARPAT) team to verify the incident, and advised the Master to strengthen onboard security measures and increase roving duties to prevent similar incidents.",4,9,List of Incidents for 2026.pdf,https://www.recaap.org/alerts
2026,37,2026-01-26,2100,Maersk Cap Jackson,Robbery/ Theft,SINGAPORE,CONTAINER SHIP,14° 33.1' N,120° 49.7' E,14.551667,120.828333,Philippines (Ports/Anchorages),"Manila Bay Anchorage, Philippines",,"At Anchor While at anchor, a crew member was confronted by six perpetrators, reportedly armed with knives, at Bay 02 on the forward part of the ship. He was threatened, ordered to located remain silent, and confined in the bosun store beneath the forward mooring station. The crew member later freed himself and activated the fire alarm. The perpetrators briefly returned but were unable to gain entry, and subsequently escaped from the ship via the deck leading overboard. An immediate search of the vessel was conducted, with no perpetrators found onboard. Subsequent investigation by the ship’s crew revealed that the padlock and securing arrangement of the bosun store door had been tampered with, indicating forced entry. The stern access to the engineer’s passageway was also found to have been tampered with. A walkie-talkie and two hydrant caps were reported stolen. The company was notified, and the incident was reported to the local coast guard and customs authorities through the local agent.",3,10,List of Incidents for 2026.pdf,https://www.recaap.org/alerts
2026,38,2026-01-25,1245,Maersk Vilnius,Robbery/ Theft,INDIA,CONTAINER SHIP,14° 31.08' N,120° 47.43' E,14.518,120.7905,Philippines (Ports/Anchorages),"Vicinity Waters off Cavite City, Philippines",,"At Anchor While at anchor, the crew noticed that several items, namely cable wires and parts of the ship's beam, were missing from the ship. The master subsequently confirmed that no other losses or damages were sustained, and that no further assistance was required. The crew were not injured. Upon receipt of the report, CGS Manila immediately directed CGSS Cavite City to conduct MARPAT operations and establish contact with the ship. Thereafter, all CGSS within the Cavite area were directed to conduct shore patrols and maintain heightened vigilance, particularly for possible sightings or recovery of the stolen items.",4,10,List of Incidents for 2026.pdf,https://www.recaap.org/alerts
2026,39,2026-01-22,0125,Super Shuttle RoRo 9,Robbery/ Theft,PANAMA,RORO CARGO SHIP,13° 53.69' N,120° 46' E,13.894833,120.766667,Philippines (Ports/Anchorages),"Vicinity waters off Bauan, Batangas, Philippines",,"At Anchor While at anchor, a seaborne patrol personnel of CGSS Bauan saw one of the perpetrators climbing the ship from an unnamed motor banca. The Philippine Coast Guard team immediately apprehended the perpetrator, and found a knife onboard the motor banca. A comprehensive search of the ship was conducted by the combined teams of CGSS Bauan and Special Operations Group Southern Tagalog. Three additional perpetrators were found onboard the ship, and all four perpetrators were turned over to the Investigation and Detection Unit - Southern Tagalog. Nothing was stolen.",3,10,List of Incidents for 2026.pdf,https://www.recaap.org/alerts
2026,40,2026-01-19,1455,Hub 21 & Manyplus 5,Robbery/ Theft,MALAYSIA,TUG BOAT & BARGE,1° 15.98' N,104° 9.22' E,1.266333,104.153667,Straits of Malacca & Singapore,"Approximately 6 nm off Pulau Nongsa (Indonesia), in the eastbound lane of the TSS",While Sailing,"While underway, the master of the tug boat observed three sampans around the barge and three perpetrators on the barge taking scrap metals from the barge. About half an hour later, the perpetrators were sighted leaving in the sampans. The tug boat and barge continued their voyage and no assistance was required. All crew members were accounted for and without injury. Some scrap metals were stolen. The master reported the incident to Singapore VTIS. Safety broadcasts on anti-piracy watch were initiated to remind all vessels to maintain vigilant watch at all times in the SS. RSN and SPCG were notified of the incident. Information of the incident was also shared with Indonesian Authority.",4,11,List of Incidents for 2026.pdf,https://www.recaap.org/alerts
2026,41,2026-01-17,0354,Empress Zonda,Robbery/ Theft,PANAMA,BULK CARRIER,1° 4.35' N,103° 40.88' E,1.0725,103.681333,Straits of Malacca & Singapore,"Approximately 2.6 nm off Pulau Cula (Indonesia), in the eastbound lane of the TSS",While Sailing,"While underway, six perpetrators armed with knives were sighted at the steering gear room. The ship’s general alarm was raised. All crew members mustered and were accounted for. A search was carried out with no perpetrators found onboard. The crew members were not injured and some engine spares were stolen. The master reported the incident to Singapore VTIS. Safety broadcasts on anti-piracy watch were initiated to remind all vessels to maintain vigilant watch at all times in the SS. RSN and SPCG were notified of the incident. SPCG boarded the vessel for security check at Singapore Anchorage but did not find any perpetrators on board. Information of the incident was also shared with Indonesian Authority.",3,11,List of Incidents for 2026.pdf,https://www.recaap.org/alerts
2026,43,2026-01-16,0600,Sakizaya Wisdom,Robbery/ Theft,PANAMA,BULK CARRIER,13° 45.51' N,120° 58.36' E,13.7585,120.972667,Philippines (Ports/Anchorages),"Batangas Anchorage, southeast of Brgy San Pedro, Bauan, Batangas, Philippines",At Anchor While,"at anchor, several firefighting equipment and shipboard fittings were found missing from the open deck areas during a safety security round of the ship. It is believed that perpetrators boarded the ship during night time and stole the items. The incident was reported to the company, local agents, and VTMS Batangas. Additional security rounds were implemented, and all remaining bronze were removed from the open deck and secured on board as a preventive measure. CGS Batangas directed CGSS Bauan and CGSS Mabini to intensify seaborne patrols and conduct periodic radio announcements to all nearby ships in anchorage area to remain vigilant against illegal activities.",4,11,List of Incidents for 2026.pdf,https://www.recaap.org/alerts
2026,42,2026-01-16,1335,HK Tug 8 & LKH 2882,Robbery/ Theft,SINGAPORE,TUG BOAT & BARGE,1° 15.64' N,104° 6.19' E,1.260667,104.103167,Straits of Malacca & Singapore,"Approximately 3.8 nm off Pulau Nongsa Beacon (Indonesia), in the eastbound lane of the TSS",While Sailing,"While underway, the master of the tug boat observed one sampan alongside the barge with approximately five perpetrators sighted on the barge taking scrap metals. About 40 minutes later, the perpetrators were sighted left in the sampans. The tug boat and barge continued their voyage and no assistance was required. All crew members were accounted for and without injury. Some scrap metals were stolen. The master reported the incident to Singapore VTIS. Safety broadcasts on anti-piracy watch were initiated to remind all vessels to maintain vigilance.",4,11,List of Incidents for 2026.pdf,https://www.recaap.org/alerts
2026,44,2026-01-05,1350,HK Tug 9 & LKH 7887,Robbery/ Theft,SINGAPORE,TUG BOAT & BARGE,1° 15.64' N,104° 4.73' E,1.260667,104.078833,Straits of Malacca & Singapore,"Approximately 4.1 nm off Pulau Nongsa Beacon (Indonesia), in the eastbound lane of the TSS",While Sailing,"While underway, approximately six perpetrators were sighted onboard the barge with three sampans alongside. At 1410 hrs, the master updated that the perpetrators escaped from the barge, and all three sampans departed from the area. Some scrap metals were reported stolen. The tug boat and barge continued their voyage and no assistance was required. All crew members were accounted for and without injury. The master reported the incident to Singapore VTIS. Safety broadcasts on anti-piracy watch were initiated to remind all vessels to maintain vigilance.",4,12,List of Incidents for 2026.pdf,https://www.recaap.org/alerts
2026,45,2026-01-03,2350,Super Shuttle RoRo 9,Robbery/ Theft,PANAMA,RORO CARGO SHIP,13° 46' N,120° 59' E,13.766667,120.983333,Philippines (Ports/Anchorages),"Batangas Anchorage, Philippines",,"At Anchor While at anchor, perpetrators from one motor banca boarded the ship and stole some cables. The incident was reported to PCG Substation Bauan. The PCG apprehended one perpetrator onboard the motor banca and conducted comprehensive search onboard and apprehended another four perpetrators. The perpetrators were charged under Violation of Article 122 of the revised Penal Code as Amended by R.A 7659- Piracy in General and Mutiny on the High Seas or in Philippine waters.",4,12,List of Incidents for 2026.pdf,https://www.recaap.org/alerts
2025,1,2025-12-25,1330,HK Tug 8 & LKH 2882,Robbery/ Theft,SINGAPORE,TUG BOAT & BARGE,1° 12.38' N,103° 54.88' E,1.206333,103.914667,Straits of Malacca & Singapore,In the eastbound lane of the Traffic Separation Scheme (TSS),While Sailing,"While underway, nine perpetrators from three sampans were sighted alongside the barge removing scrap metals while the tug and barge were enroute from Singapore to Vietnam. After observing that all nine perpetrators had departed the barge, the master resumed the eastbound passage. At 1510 hrs, three sampans with nine perpetrators were again observed alongside barge taking scrap metals. At 1525 hrs, the three sampans departed from the barge. The crew was not injured. The master reported the incident to Singapore Vessel Traffic Information System (VTIS). Safety broadcast on anti-piracy watch was initiated to remind all vessels to maintain vigilance.",4,1,List of Incidents for 2025.pdf,https://www.recaap.org/alerts
2025,2,2025-12-22,2108,Saphira,Robbery/ Theft,LIBERIA,BULK CARRIER,5° 31.2' S,105° 17.29' E,-5.52,105.288167,Indonesia (Ports/Anchorages),"Tangkil Island Anchorage, Indonesia",,"At Anchor While at anchor, the duty crew on routine rounds spotted ropes attached with hooks on the poop deck railings and immediately informed the bridge. Alarm was raised and crew mustered. Four perpetrators armed with knives were sighted escaping with stolen engine spares. The crew members were not injured. The incident was reported to port authority through local agent. PRC relayed the message to Indonesia Marine Police HQ.",3,1,List of Incidents for 2025.pdf,https://www.recaap.org/alerts
2025,3,2025-12-21,1745,Jin Hwa 47 & Jin Hwa 48,Robbery/ Theft,MALAYSIA,TUG BOAT & BARGE,1° 18.51' N,104° 15.07' E,1.3085,104.251167,Straits of Malacca & Singapore,"Approximately 2.66 nm from Pulau Ramunia (Malaysia), in the westbound lane of the TSS",While Sailing,"While underway, the master reported that two motorised small boats with five perpetrators onboard came alongside the barge. Four perpetrators were sighted stealing iron scrap from the barge. One of the small boats came alongside for a second time with three perpetrators and transferred scrap metals to the sampan. The master immediately mustered the crew and reported the incident to the shipping company and Singapore Police Coast Guard (PCG). Singapore PCG arrived at the spot and assisted by shadowing the barge. There was no confrontation with the perpetrators and no injuries to the crew. Some scrap metals were reported stolen.",4,1,List of Incidents for 2025.pdf,https://www.recaap.org/alerts
2025,4,2025-12-17,0110,Eco Diagon Alley,Robbery/ Theft,LIBERIA,BULK CARRIER,1° 3.32' N,103° 37.38' E,1.055333,103.623,Straits of Malacca & Singapore,"Approximately 5.4 nm from Pulau Cula (Indonesia), in the eastbound lane of the TSS",While Sailing,"While underway, the master reported that three perpetrators with batons were sighted in the engine room. The ship’s general alarm was activated and the crew mustered. A search was conducted with no perpetrators found onboard. All crew members were accounted for and without injury. Some engine spare parts were reported stolen. The master reported the incident to Singapore VTIS. Safety broadcast on anti-piracy watch was initiated to remind all vessels to maintain vigilance. The Republic of Singapore Navy’s (RSN) Maritime Security Task Force (MSTF) and Singapore PCG were notified of the incident. Information of the incident was shared with the Indonesian authorities. Upon arrival in Singapore, Singapore PCG boarded the vessel for security check with no perpetrators found.",3,1,List of Incidents for 2025.pdf,https://www.recaap.org/alerts
2025,5,2025-12-15,0310,Bulk Sydney,Robbery/ Theft,LIBERIA,BULK CARRIER,1° 4.28' N,103° 40.65' E,1.071333,103.6775,Straits of Malacca & Singapore,"Approximately 2.74 nm from Pulau Cula (Indonesia), in the eastbound lane of the TSS",While Sailing,"While underway, the 2nd engineer sighted four perpetrators the steering gear room without armed with knives at confrontation. The ship alarm was raised and deck lighting was switched on. A search was conducted with no perpetrators found onboard. All crew members were accounted for and without injury. Some engine spare parts were stolen. The master reported the incident to Singapore VTIS. Safety broadcast on anti-piracy watch was initiated to warn all vessels to always maintain a vigilant watch in the Singapore Strait (SS). The RSN and Singapore PCG were notified of the incident. Singapore PCG boarded the vessel for security check at Singapore Anchorage with no sighting of perpetrators. Information of the incident was shared with the Indonesian authority.",3,2,List of Incidents for 2025.pdf,https://www.recaap.org/alerts
2025,6,2025-12-13,1130,Highline 59 & Highline 58,Robbery/ Theft,MALAYSIA,TUG BOAT & BARGE,1° 13.65' N,103° 59.08' E,1.2275,103.984667,Straits of Malacca & Singapore,"Approximately 4.8 nm from Batu Behanti beacon (Indonesia), in the eastbound lane of the TSS",While Sailing,"While underway, two sampans were sighted alongside the towing barge and about 15 to 20 perpetrators were onboard the barge. The perpetrators then left the barge with some scrap metals. All crew members were accounted for with no injuries and no assistance required. The master immediately reported the incident to Singapore VTIS. Safety broadcast on anti-piracy watch was initiated to remind all vessels to maintain vigilance.",4,2,List of Incidents for 2025.pdf,https://www.recaap.org/alerts
2025,7,2025-11-27,1350,HK Tug 8 & LKH 2882,Robbery/ Theft,SINGAPORE,TUG BOAT & BARGE,1° 12.24' N,103° 54.52' E,1.204,103.908667,Straits of Malacca & Singapore,"Off Batu Berhanti (Indonesia), in the eastbound lane of the TSS",While Sailing,"While the tug boat towing barge was underway, the master reported to Singapore VTIS that a small boat with four to five perpetrators was alongside the barge and were removing the scrap metal on the barge. Over the next hour, several other small boats arrived and departed in phases, with a peak of seven boats engaged in In total, removing the scrap metal from the barge. approximately 45 perpetrators in 11 small boats were observed. Singapore VTIS was kept updated and crew safety was confirmed throughout. The company subsequently instructed the master to cross towards Singapore. The small boats later dispersed upon the approach of a Singapore PCG vessel. A small boat tried to return but escaped following the intervention of the Singapore PCG vessel. The tug boat and barge subsequently resumed their voyage to Vietnam. All crew members were accounted for, with no injuries reported. Safety broadcasts on anti-piracy watch were issued to remind all vessels to maintain vigilance.",4,2,List of Incidents for 2025.pdf,https://www.recaap.org/alerts
2025,8,2025-11-24,0130,Fyla,Robbery/ Theft,CYPRUS,BULK CARRIER,1° 3.99' N,103° 41.81' E,1.0665,103.696833,Straits of Malacca & Singapore,"Approximately 1.8 nm off Pulau Cula (Indonesia), in the eastbound lane of the TSS",While Sailing,"While underway, two perpetrators armed with knives were sighted at the accommodation deck. The master raised the general alarm and mustered all crew. The perpetrators escaped upon being discovered. The master conducted a search and found no sighting of the perpetrators. All crew were accounted for and with no injury. Nothing was stolen. The master reported the incident to Singapore VTIS West. Safety broadcast on anti-piracy watch was initiated to warn all vessels to maintain a vigilant watch at all times in the SS. The RSN’s MSTF and Singapore PCG were notified of the incident. Information of the incident was shared with the Indonesian authorities. Upon arrival in Singapore, the PCG boarded the ship to conduct investigation. No sighting of perpetrators.",3,3,List of Incidents for 2025.pdf,https://www.recaap.org/alerts
2025,9,2025-11-20,1110,HK Tug 9 & LKH 7887,Robbery/ Theft,SINGAPORE,TUG BOAT & BARGE,1° 14.16' N,103° 58.46' E,1.236,103.974333,Straits of Malacca & Singapore,"Approximately 4 nm off Tanjung Sengkuang (Indonesia), in the eastbound lane of the TSS",While Sailing,"While the tug boat towing barge was underway, three perpetrators in four sampans came alongside and removed scrap metal from the towed barge. The crew was not injured, and no assistance was required. The tug boat and barge were en route from Singapore to Vietnam. Safety broadcast on anti-piracy watch was initiated to warn all vessels to maintain a vigilant watch at all times in the SS. The RSN’s MSTF and Singapore PCG were notified of the incident.",4,3,List of Incidents for 2025.pdf,https://www.recaap.org/alerts
2025,11,2025-11-16,0030,Pedhoulas Fighter,Robbery/ Theft,CYPRUS,BULK CARRIER,1° 4.06' N,103° 36.85' E,1.067667,103.614167,Straits of Malacca & Singapore,"Approximately 6 nm off Pulau Cula (Indonesia), in the eastbound lane of the TSS",While Sailing,"While underway, the crew discovered that the padlock leading to the engine room store was found broken. Some footprints were also sighted in the engine room. A search onboard was conducted, with no sighting of perpetrators. All crew members were accounted for, with no injury reported. Some engine spare parts and fire hydrant nozzles were stolen from the engine room store. The ship subsequently anchored at Eastern Bunkering Bravo and the master reported the incident to Singapore VTIS. Safety broadcast on anti-piracy watch was initiated to alert all mariners. The RSN’s MSTF and Singapore PCG were notified of the incident. Information of the incident was shared with the Indonesian authorities. Singapore PCG subsequently boarded the ship for security search, with no perpetrators found onboard.",4,4,List of Incidents for 2025.pdf,https://www.recaap.org/alerts
2025,10,2025-11-16,0200,Fairchem Mako,Robbery/ Theft,MARSHALL ISLANDS,CHEMICAL TANKER,1° 4.5' N,103° 42.5' E,1.075,103.708333,Straits of Malacca & Singapore,"Approximately 2.4 nm off Pulau Cula (Indonesia), in the eastbound lane of the TSS",While Sailing,"While underway, two perpetrators armed with swords were sighted by ship crew in the engine room. Upon seeing the crew, the perpetrators immediately ran out to the poop deck and escaped. The master raised the general alarm and ship crew was mustered. A search onboard was conducted, with no further sighting of perpetrators. All crew members were accounted for, with no injury reported. Some auxiliary further engine spare parts were reported missing. No assistance was required. The master reported the incident to Singapore VTIS. Safety broadcast on anti-piracy watch was initiated to alert all mariners. The RSN’s MSTF and Singapore PCG were notified of the incident. Information of the incident was shared with the Indonesian authorities.",3,3,List of Incidents for 2025.pdf,https://www.recaap.org/alerts
2025,12,2025-11-14,2055,Solar Roma,Robbery/ Theft,LIBERIA,CHEMICAL TANKER,3° 55.9' N,98° 45.2' E,3.931667,98.753333,Indonesia (Ports/Anchorages),"Belawan Anchorage, Indonesia",,"At Anchor While at anchor, the Officer of the Watch (OOW) was on the bridge conducting routine anchorage checks, when he sighted three unauthorised persons exiting the Bosun's store. The OOW raised the alarm and the crew was mustered, resulting in the perpetrators escaping. The perpetrators were dressed fully in black, one of them was wearing white gloves. They appear to be slim, athletic build and descended easily using rope to disembark from the ship. The crew conducted a search and it was discovered that the padlock of the Bosun's Store had been broken and the store accessed. Some of the ship’s stores were stolen. The crew was not injured.",4,4,List of Incidents for 2025.pdf,https://www.recaap.org/alerts
2025,13,2025-10-16,0340,Power Globe,Robbery/ Theft,CYPRUS,BULK CARRIER,1° 4.5' N,103° 35.7' E,1.075,103.595,Straits of Malacca & Singapore,"Approximately 7.3 nm off Pulau Cula (Indonesia), in the eastbound lane of the TSS",While Sailing,"While underway, two perpetrators armed with knives were sighted by the crew in the steering gear room. Upon seeing the crew, the perpetrators escaped immediately. The master raised the general alarm and the crew was mustered. A search onboard was conducted, with no perpetrators found onboard. All crew members were accounted for, with no injury reported. No further assistance was required. The master reported the incident to Singapore VTIS West. Safety broadcast on anti-piracy watch was initiated to warn all vessels to maintain a vigilant watch at all times in the SS. The RSN’s MSTF and Singapore PCG were notified of the incident. Information of the incident was shared with the Indonesian authorities. Singapore PCG subsequently boarded the ship for investigation and security search. Some engine spares were reported missing.",3,4,List of Incidents for 2025.pdf,https://www.recaap.org/alerts
2025,14,2025-09-30,0120,Delta Maria,Robbery/ Theft,MALTA,CRUDE OIL TANKER,1° 3.35' N,103° 38.43' E,1.055833,103.6405,Straits of Malacca & Singapore,"Approximately 4.4 nm off Pulau Cula (Indonesia), in the eastbound lane of the TSS",While Sailing,"While underway, three perpetrators had tied up the oiler in the engine room, who witnessed that the perpetrators took some engine spares before they escaped. The oiler managed to free himself and notified the master. The master raised general alarm and mustered all crew. A search was conducted without finding any perpetrators. All crew were accounted for and safe. Some engine spares were stolen. The master reported the incident to Singapore VTIS West. Safety broadcast on anti-piracy watch was initiated to warn all vessels to maintain a vigilant watch at all times in the SS. The RSN and Singapore PCG were notified of the incident. Information of the incident was shared with the Indonesian authorities.",3,5,List of Incidents for 2025.pdf,https://www.recaap.org/alerts
2025,15,2025-09-23,2230,Vivit Arabia LNG,Robbery/ Theft,LIBERIA,LNG,13° 45.76' N,120° 59.05' E,13.762667,120.984167,Philippines (Ports/Anchorages),"Batangas Anchorage, Philippines","At Anchor While at anchor, a deck","crew on patrol spotted two perpetrators near the forecastle area and reported to the bridge immediately. Upon being discovered, the perpetrators escaped from the ship. A subsequent inspection revealed that two fire hoses and two portable embarkation ladder lights were stolen. The crew was not injured. The master reported the incident to the Philippine VTIS. Upon reviewing the CCTV footage, it was confirmed that the two perpetrators had boarded the ship through the anchor hawse pipe. After boarding, they remained in the forecastle area, where they stole the equipment.",4,5,List of Incidents for 2025.pdf,https://www.recaap.org/alerts
2025,16,2025-09-19,0300,Ken Ann,Robbery/ Theft,PANAMA,BULK CARRIER,6° 6' S,106° 53' E,-6.1,106.883333,Indonesia (Ports/Anchorages),"Tanjung Priok Port, Indonesia",At Berth,"While at berth, a crew member was patrolling the deck when he saw three perpetrators armed with knives emerging onto the deck. The crew member sounded the alarm immediately and notified the local authorities. Upon realising the crew was alerted, the perpetrators escaped immediately. A search was conducted onboard and two padlocks on the weather tight doors were found broken. Generator parts were stolen. The crew was not injured. It was later confirmed that another three perpetrators had also boarded the ship, and stole several pieces of timber lashing materials from the deck crane store. These were later recovered and returned to the ship by the authorities, who also arrested three of the perpetrators.",3,5,List of Incidents for 2025.pdf,https://www.recaap.org/alerts
2025,17,2025-09-17,0045,Athens Spirit,Robbery/ Theft,BAHAMAS,TANKER,6° 12.9' S,108° 27.7' E,-6.215,108.461667,Indonesia (Ports/Anchorages),"Balongan Anchorage, Indonesia",,"At Anchor While at anchor, the 1st Assistant Engineer observed three unidentified individuals exiting the engine room through the internal door leading to the steering gear room. The Duty watchkeeper then notified the Master who raised the general alarm. The intruders then fled the vessel by jumping overboard from the poop deck and escaped via a high speed craft. All crew were mustered and a comprehensive inspection was conducted onboard the vessel. There was no injury to crew but some stores were stolen.",4,5,List of Incidents for 2025.pdf,https://www.recaap.org/alerts
2025,18,2025-09-14,1715,Super Shuttle Ferry 18,Robbery/ Theft,PHILIPPINES,PASSENGER VESSEL,13° 44' N,121° 2.38' E,13.733333,121.039667,Philippines (Ports/Anchorages),"Vicinity waters off Barangay Wawa, Batangas City, Philippines",,"At Anchor While at anchor, the ship Master reported to Philippine Coast Guard (PCG) and Coast Guard Station (CGS) Batangas that unidentified men were seen boarding the vessel. CGS Batangas in coordination with Philippine National Police Maritime Group (PNP-MG) immediately responded to the distress call by the ship Master. While in the area, the Team intercepted a fishing banca with two individuals on board. The individuals were found in possession of the emergency generator spare parts, which had been originally located on the vessel's first deck. The two individuals were immediately apprehended. CGS Batangas together with Coast Guard Investigation and Detection Management Service, and representative from the Asian Marine Transport Corporation proceeded to the city prosecutor's office, and promptly coordinated with the city prosecutor for filing of the perpetrators.",4,6,List of Incidents for 2025.pdf,https://www.recaap.org/alerts
2025,19,2025-09-10,0248,Verity,Robbery/ Theft,MALAYSIA,PETROLEUM/ CHEMICAL TANKER,6° 1.67' N,116° 4.01' E,6.027833,116.066833,Malaysia (Ports/Anchorages),"Sepangar Bay Anchorage, Kota Kinabalu Port, Malaysia",,"At Anchor While at anchor, the duty A/B noticed one perpetrator at the main deck forward port near the paint store area. The duty A/B alerted the bridge, and the alarm was raised and crew mustered. Realising the crew was alerted, the perpetrator jumped back to a small boat with motor engine, which was piloted by another perpetrator, and escaped. The crew was safe with no injuries reported. Nothing was stolen. The master reported to Kota Kinabalu Port Control and the Malaysia Coast Guard conducted an investigation on the incident.",4,6,List of Incidents for 2025.pdf,https://www.recaap.org/alerts
2025,20,2025-08-28,2242,Georgitsi,Robbery/ Theft,MARSHALL ISLANDS,BULK CARRIER,1° 3.06' N,103° 38.53' E,1.051,103.642167,Straits of Malacca & Singapore,"Approximately 4.2 nm off Pulau Cula (Indonesia), in the eastbound lane of the TSS",While Sailing,"While underway, three unarmed perpetrators were sighted in the engine room. The ship’s general alarm was activated and the crew mustered. The perpetrators escaped upon being discovered. A security search was conducted, with no perpetrators found onboard and nothing was stolen. All crew members were accounted for, with no injury reported. The ship was en route from Brazil to Singapore. The incident was reported to Singapore VTIS West. Safety broadcasts on anti-piracy watch were initiated to warn all vessels to maintain a vigilant watch at all times in the SS. The RSN's MSTF and Singapore PCG were notified of the incident. Information of the incident was shared with the Indonesian authorities. Upon arrival in Singapore, Singapore PCG boarded the ship for investigation, with no perpetrators found onboard.",4,6,List of Incidents for 2025.pdf,https://www.recaap.org/alerts
2025,21,2025-08-03,1130,HK Tug 8 & LKH 2882,Robbery/ Theft,SINGAPORE,TUG BOAT & BARGE,1° 13.39' N,103° 59.27' E,1.223167,103.987833,Straits of Malacca & Singapore,"Approximately 3 nm off Pulau Nongsa (Indonesia), in the eastbound lane of the TSS",While Sailing,"While the tug boat towing barge loaded with scrap metal was underway, 10 perpetrators in nine sampans came alongside the barge and removed some scrap metal from its deck. The crew was not injured. The tug boat and barge were en route from Singapore to Phu My, Vietnam. The incident was reported to Singapore VTIS East.",4,6,List of Incidents for 2025.pdf,https://www.recaap.org/alerts
2025,22,2025-07-10,0220,MV Kalolimnos,Robbery/ Theft,LIBERIA,LPG,22° 8' N,91° 43.8' E,22.133333,91.73,Bangladesh (Ports/Anchorages),"Chittagong 'C' Anchorage, Bangladesh",,"At Anchor While at anchor, six to seven perpetrators boarded the ship via climbing the rope and attempted to enter the bosun store in forecastle area. Upon noticing the perpetrators, the watchman sounded the general alarm and all crew members were mustered. The perpetrators then escaped empty- handed in a boat. Bangladesh Coast Guard (BCG) later arrested the perpetrators and handed them over to the local police. BCG verified that no items were stolen and the crew was not injured.",4,7,List of Incidents for 2025.pdf,https://www.recaap.org/alerts
2025,23,2025-07-09,0220,Torm Elizabeth,Robbery/ Theft,DENMARK,TANKER,1° 3.6' N,103° 41.32' E,1.06,103.688667,Straits of Malacca & Singapore,"Approximately 1.8 nm off Pulau Cula (Indonesia), in the eastbound lane of the TSS",While Sailing,"While underway, the crew spotted a blue wooden boat alongside port quarter of ship. The master raised the alarm and the crew mustered. Upon hearing the alarm, six perpetrators were observed escaping into the boat. A security search was conducted, with no perpetrators found onboard. The padlocks for the deck store, steering gear room and engine casing were found broken. Some items of ship stores were stolen. The crew was not injured. The incident was reported to Singapore Port Operations Control Centre (POCC). Safety broadcasts on anti-piracy watch were initiated to warn all vessels to maintain a vigilant watch at all times in the SS. The RSN’s MSTF was notified of the incident. Information of the incident was shared with the Indonesian authority.",4,7,List of Incidents for 2025.pdf,https://www.recaap.org/alerts
2025,24,2025-07-08,0400,Tasco Sakorn,Robbery/ Theft,SINGAPORE,TANKER,1° 10.96' N,103° 51.24' E,1.182667,103.854,Straits of Malacca & Singapore,"Approximately 1.8 nm off Batu Berhanti Light (Indonesia), in the eastbound lane of the TSS",While Sailing,"While underway, the 2nd Engineer discovered the aft door behind the galley was ajar. Upon entering the engine room, he found that engine stores and spare parts were missing. The crew did a thorough security search, but no perpetrators were found onboard, and no suspicious crafts sighted in the vicinity. All crew members were accounted for, with no Internal investigation suggests that injury reported. perpetrators may have boarded the ship via the skylight hatch located at the poop deck portside provision hatch, and escaped through the aft door. The incident was reported to Maritime and Port Authority of Singapore (MPA).",4,7,List of Incidents for 2025.pdf,https://www.recaap.org/alerts
2025,26,2025-07-07,0015,CMA CGM Fort James,Robbery/ Theft,FRANCE,CONTAINER SHIP,1° 3.81' N,103° 40.97' E,1.0635,103.682833,Straits of Malacca & Singapore,"Approximately 2.5 nm off Pulau Cula (Indonesia), in the eastbound lane of the TSS",While Sailing,"While underway, the A/B was doing his security patrol when he noticed the padlock on aft station starboard side was damaged. A search was conducted, with no perpetrators found onboard. Subsequent review of CCTV footage revealed that six perpetrators had boarded the ship from starboard aft station. They escaped from the ship about 10 min later. The incident was reported to Singapore POCC. Safety broadcasts on anti-piracy watch were initiated to warn all vessels to maintain a vigilant watch at all times in the SS. The RSN’s MSTF and Singapore PCG were notified of the incident. Information of the incident was shared with the Indonesian authority. Singapore PCG boarded the ship for investigation, and confirmed that all crew members were accounted for, with no injury reported, and nothing was stolen.",4,8,List of Incidents for 2025.pdf,https://www.recaap.org/alerts
2025,25,2025-07-07,0330,Star Laura,Robbery/ Theft,MARSHALL ISLANDS,BULK CARRIER,1° 3.79' N,103° 38' E,1.063167,103.633333,Straits of Malacca & Singapore,"Approximately 4.9 nm off Pulau Cula (Indonesia), in the eastbound lane of the TSS",While Sailing,"While underway, three perpetrators were sighted in the engine room. The ship’s general alarm was activated and crew mustered. Upon realising the crew was alerted, the perpetrators escaped immediately. A search was conducted, with no perpetrators found onboard. All crew members were safe, with no injury reported. The ship was en route from Brazil to Singapore. The incident was reported to Singapore VTIS West. Safety broadcasts on anti-piracy watch were initiated to warn all vessels to maintain a vigilant watch at all times in the SS. The RSN’s MSTF and Singapore PCG were notified of the incident. Information of the incident was shared with the Indonesian authority. Upon arrival in Singapore, Singapore PCG boarded the ship for investigation and confirmed that nothing was stolen.",4,7,List of Incidents for 2025.pdf,https://www.recaap.org/alerts
2025,29,2025-07-06,0035,AL Lulu,Robbery/ Theft,MARSHALL ISLANDS,BULK CARRIER,1° 2.81' N,103° 39.53' E,1.046833,103.658833,Straits of Malacca & Singapore,"Approximately 3.2 nm off Pulau Cula (Indonesia), in the eastbound lane of the TSS",While Sailing,"While underway, five perpetrators, of which four were armed with knives and one was armed with a gun-like object, were sighted in the engine room. The ship’s general alarm was activated and crew mustered. A search was conducted, with no perpetrators found onboard. All crew members were accounted for and safe, with no injury reported. The master confirmed no further assistance was required, and resumed its voyage to Singapore. The incident was reported to Singapore VTIS West. Safety broadcasts on anti-piracy watch were initiated to warn all vessels to maintain a vigilant watch at all times in the SS. The RSN’s MSTF and Singapore PCG were notified of the incident. Information of the incident was shared with the Indonesian authority. Upon arrival in Singapore, Singapore PCG boarded the ship for investigation and confirmed that some engine spare parts were stolen.",3,9,List of Incidents for 2025.pdf,https://www.recaap.org/alerts
2025,28,2025-07-06,2030,Kota Nabil,Robbery/ Theft,SINGAPORE,CONTAINER SHIP,1° 2.7' N,103° 39.3' E,1.045,103.655,Straits of Malacca & Singapore,"Approximately 3.7 nm off Pulau Cula (Indonesia), in the eastbound lane of the TSS",While Sailing,"While underway, three perpetrators were sighted near Bay 34 on the port side of the ship. The ship’s general alarm was activated and crew mustered promptly. Upon realising the crew was alerted, the perpetrators escaped immediately. A search was conducted, with no perpetrators found onboard. Subsequent review of CCTV footage revealed that four perpetrators had broken the padlock leading to the steering gear room. Nothing was stolen. The incident was reported to Singapore POCC. Safety broadcasts on anti-piracy watch were initiated to warn all vessels to maintain a vigilant watch at all times in the SS. The RSN’s MSTF and Singapore PCG were notified of the incident. Singapore PCG boarded the ship for investigation, and confirmed that all crew members were accounted for, with no injury reported.",4,8,List of Incidents for 2025.pdf,https://www.recaap.org/alerts
2025,27,2025-07-06,2212,AL Salmi,Attempted,KUWAIT,TANKER,1° 3.77' N,103° 37.33' E,1.062833,103.622167,Straits of Malacca & Singapore,"Approximately 5.6 nm off Pulau Cula (Indonesia), in the eastbound lane of the TSS",While Sailing,"While underway, three perpetrators were sighted attempting to board the ship from the starboard quarter. The ship’s general alarm was activated, deck lights switched on, and search light shone at the perpetrators. Upon realising the crew was alerted, the perpetrators aborted their attempt and escaped. A search was conducted, with no perpetrators found onboard. There was no confrontation with the crew and all crew members were accounted for, with no injury reported. Nothing was stolen. No assistance was required, and the ship resumed its voyage. The incident was reported to Singapore VTIS West. Safety broadcasts on anti-piracy watch were initiated to warn all vessels to maintain a vigilant watch at all times in the SS. The RSN’s MSTF and Singapore PCG were notified of the incident. Information of the incident was shared with the Indonesian authorities.",NA,8,List of Incidents for 2025.pdf,https://www.recaap.org/alerts
2025,33,2025-07-04,0335,Stellata,Robbery/ Theft,MALTA,TANKER,1° 6.93' N,103° 44.95' E,1.1155,103.749167,Straits of Malacca & Singapore,"Approximately 5 nm off Pulau Cula (Indonesia), in the eastbound lane of the TSS",While Sailing,"While underway, six perpetrators were sighted at the poop deck. The master raised the general alarm and mustered the crew. Upon hearing the alarm, the perpetrators jumped overboard and escaped. A search was conducted, with no perpetrators found onboard. All crew members were The master accounted for, with no injury reported. confirmed no further assistance was required, and resumed its voyage to Singapore. The incident was reported to Singapore VTIS Central. Safety broadcasts on anti-piracy watch were initiated to warn all vessels to maintain a vigilant watch at all times in the SS. The RSN’s MSTF and Singapore PCG were notified of the incident. Information of the incident was shared with the Indonesian authority. Upon arrival in Singapore, Singapore PCG boarded the ship for investigation and confirmed that nothing was stolen.",4,10,List of Incidents for 2025.pdf,https://www.recaap.org/alerts
2025,32,2025-07-04,0340,Nordseraphinea,Robbery/ Theft,CYPRUS,CONTAINER SHIP,3° 54' N,98° 46' E,3.9,98.766667,Indonesia (Ports/Anchorages),"Belawan Port Anchorage, Indonesia",,"At Anchor While at anchor, the forward watchman did not report to the bridge as instructed. The 3rd officer tried to call him but there was no reply. The 3rd officer then sent another watchman to check, who discovered that the forward watchman was threatened by four perpetrators with knife, tied up and put under mooring platform. As the second watchman went forward, the perpetrators caught and tied him too. The master raised the general alarm and crew mustered in the mess hall. Upon realising the crew was alerted, the perpetrators escaped with personal belongings of the watchmen and some ship stores. After the perpetrators left the ship, one of the watchmen managed to untie himself and help the other watchman to get free. A search onboard the ship was conducted. The crew was not injured. The master reported the incident to VTS. Two navy officers later went onboard the ship for investigation.",2,10,List of Incidents for 2025.pdf,https://www.recaap.org/alerts
2025,30,2025-07-04,2250,Modigliani,Robbery/ Theft,LIBERIA,BULK CARRIER,1° 4.85' N,103° 42.94' E,1.080833,103.715667,Straits of Malacca & Singapore,"Approximately 2.5 nm off Pulau Cula (Indonesia), in the eastbound lane of the TSS",While Sailing,"While underway, five perpetrators armed with gun-like objects were sighted at the poop deck. The ship’s general alarm was activated and crew mustered. Upon realising the crew was alerted, the perpetrators escaped immediately. A search was conducted, with no perpetrators found onboard. All crew members were accounted for, with no injury reported. The master confirmed no further assistance was required, and resumed its voyage to Singapore. The incident was reported to Singapore VTIS West. Safety broadcasts on anti-piracy watch were initiated to warn all vessels to maintain a vigilant watch at all times in the SS. The RSN’s MSTF and Singapore PCG were notified of the incident. Information of the incident was shared with the Indonesian authority. Upon arrival in Singapore, Singapore PCG boarded the ship for investigation and confirmed that nothing was stolen.",3,9,List of Incidents for 2025.pdf,https://www.recaap.org/alerts
2025,34,2025-07-02,2335,Beagle,Robbery/ Theft,LIBERIA,BULK CARRIER,1° 2.5' N,103° 39.15' E,1.041667,103.6525,Straits of Malacca & Singapore,"Approximately 3.5 nm off Pulau Cula (Indonesia), in the eastbound lane of the TSS",While Sailing,"While underway, four perpetrators armed with knives were sighted at the starboard quarter. The master raised the alarm and crew was mustered. A security search was conducted, with no perpetrators found onboard. All crew members were The master accounted for, with no injury reported. confirmed no further assistance was required, and resumed its voyage to Singapore. The incident was reported to Singapore VTIS West. Safety broadcasts on anti-piracy watch were initiated to warn all vessels to maintain a vigilant watch at all times in the SS. The RSN’s MSTF and Singapore PCG were notified of the incident. Information of the incident was shared with the Indonesian authority. Upon arrival in Singapore, Singapore PCG boarded the ship for investigation and confirmed that nothing was stolen.",3,10,List of Incidents for 2025.pdf,https://www.recaap.org/alerts
2025,37,2025-07-01,0150,Galateia,Robbery/ Theft,LIBERIA,BULK CARRIER,1° 5.07' N,103° 34.64' E,1.0845,103.577333,Straits of Malacca & Singapore,"Approximately 8.5 nm off Pulau Cula (Indonesia), in the eastbound lane of the TSS",While Sailing,"While underway, five perpetrators armed with gun-like sighted in the engine room. The master objects were immediately raised the general alarm and crew mustered for safety. Upon hearing the alarm, the perpetrators escaped immediately. A search was conducted, with no perpetrators found onboard. The crew was not injured. Some engine spare parts were stolen. The ship was en route from Brazil to Singapore. The incident was reported to Singapore VTIS West. Safety broadcasts on anti-piracy watch were initiated to warn all vessels to maintain a vigilant watch at all times in the SS. The RSN’s MSTF and Singapore PCG were notified of the incident. Information of the incident was shared with the Indonesian authority. Upon arrival in Singapore, Singapore PCG boarded the ship, conducted a search, and confirmed no perpetrators were onboard.",3,11,List of Incidents for 2025.pdf,https://www.recaap.org/alerts
2025,36,2025-07-01,0410,Jal Kalash,Robbery/ Theft,SINGAPORE,BULK CARRIER,1° 3.29' N,103° 37.51' E,1.054833,103.625167,Straits of Malacca & Singapore,"Approximately 5.3 nm off Pulau Cula (Indonesia), in the eastbound lane of the TSS",While Sailing,"While underway, four perpetrators were spotted at the Port Quarter. The master immediately raised the general alarm and crew mustered for safety. The perpetrators escaped immediately upon hearing the general alarm. A search was conducted, with no perpetrators found onboard. All crew members were safe and accounted for, with no injury reported. Nothing was stolen.",4,11,List of Incidents for 2025.pdf,https://www.recaap.org/alerts
2025,35,2025-07-01,0439,Cape Race,Attempted,CYPRUS,BULK CARRIER,1° 2.88' N,103° 38.77' E,1.048,103.646167,Straits of Malacca & Singapore,"Approximately 3.9 nm off Pulau Cula (Indonesia), in the eastbound lane of the TSS",While Sailing,"While underway, four perpetrators were sighted at the stern, attempting to board the ship. The master immediately raised the general alarm and switched on the deck lights. Upon realising the crew had been alerted, the perpetrators escaped immediately in their boat. The crew was mustered and a search was conducted, with no perpetrators found onboard. The ship was en route from Mauritius to Singapore. The incident was reported to Singapore VTIS West. Safety broadcasts on anti-piracy watch were initiated to warn all vessels to maintain a vigilant watch at all times in the SS. The RSN’s MSTF and Singapore PCG were notified of the incident. Upon arrival in Singapore, Singapore PCG boarded the ship, conducted a search, and confirmed no perpetrators were onboard.",NA,11,List of Incidents for 2025.pdf,https://www.recaap.org/alerts
2025,38,2025-06-28,0055,CMA CGM Africa Three,Robbery/ Theft,BAHAMAS,CONTAINER SHIP,1° 4.89' N,103° 42.93' E,1.0815,103.7155,Straits of Malacca & Singapore,"Approximately 2.5 nm off Pulau Cula (Indonesia), in the eastbound lane of the TSS",While Sailing,"While underway, the crew sighted five perpetrators armed in the engine room via shipboard CCTV. The with knives master raised the alarm and a security search was conducted, with no perpetrators found onboard. All crew members were accounted for, with no injury reported. The incident was reported to Singapore VTIS. Safety broadcasts on anti-piracy watch were initiated to warn all vessels to maintain a vigilant watch at all times in the SS. The RSN’s MSTF and Singapore PCG were notified of the incident. Information of the incident was shared with the Indonesian authority. Singapore PCG boarded the ship for investigation and confirmed that some engine spares were stolen.",3,11,List of Incidents for 2025.pdf,https://www.recaap.org/alerts
2025,39,2025-06-27,0032,Tulip,Robbery/ Theft,CAMEROON,LPG,1° 5.7' N,103° 43.85' E,1.095,103.730833,Straits of Malacca & Singapore,"Approximately 3.9 nm off Pulau Cula (Indonesia), in the eastbound lane of the TSS",While Sailing,"While underway, the crew sighted four perpetrators armed with gun-like objects in the engine room. The master raised the alarm and mustered the crew to conduct a security search. The search was completed with no perpetrators found onboard. All crew members were safe and accounted for, with no injury reported. Some engine spare parts were stolen. The master indicated that no further assistance was required, and continued her voyage to Hainan, China. The incident was reported to Singapore VTIS West. Safety broadcasts on anti-piracy watch were initiated to warn all vessels to maintain a vigilant watch at all times in the SS. The RSN’s MSTF and Singapore PCG were notified of the incident. Information of the incident was shared with the Indonesian authority.",3,12,List of Incidents for 2025.pdf,https://www.recaap.org/alerts
2025,40,2025-06-23,0300,Theresa,Robbery/ Theft,SINGAPORE,PETROLEUM/ CHEMICAL TANKER,1° 3.6' N,103° 41' E,1.06,103.683333,Straits of Malacca & Singapore,"Approximately 2.5 nm off Pulau Cula (Indonesia), in the eastbound lane of the TSS",While Sailing,"While underway, four perpetrators armed with knives were sighted in the engine room. The ship’s general alarm was immediately activated and a search was conducted, with no perpetrators found onboard. All crew members were safe and accounted for, with no injury reported. Three paint drums were stolen. The incident was reported to Singapore POCC. Upon arrival in Singapore, Singapore PCG boarded the ship, conducted a search and confirmed no perpetrators were onboard.",3,12,List of Incidents for 2025.pdf,https://www.recaap.org/alerts
2025,41,2025-06-19,1710,MV GH Pathfinder,Robbery/ Theft,ANTIGUA & BARBUDA,OFFSHORE SUPPLY VESSEL,17° 0.3' N,82° 19.51' E,17.005,82.325167,India (Ports/Anchorages),"Kakinada Anchorage, India",,"At Anchor While at anchor, 12 unarmed perpetrators boarded the ship via a fishing boat. The crew was not injured and nothing was stolen. The incident was reported to the coastal State and an Indian Coast Guard ship was deployed. Five perpetrators were apprehended and handed over to local Port Police Station.",4,12,List of Incidents for 2025.pdf,https://www.recaap.org/alerts
2025,42,2025-06-18,2233,Queen,Robbery/ Theft,MARSHALL ISLANDS,BULK CARRIER,1° 8.1' N,103° 45.5' E,1.135,103.758333,Straits of Malacca & Singapore,"Approximately 1.18 nm off Helen Mar Reef, Racon M (Indonesia), in the eastbound lane of the TSS",While Sailing,"While underway, the crew sighted five perpetrators on the stern deck. The master immediately raised the general alarm and mustered all crew. A search was conducted, with no perpetrators found onboard. All crew members were accounted for, with no injury reported. Nothing was stolen. The ship was scheduled to arrive at Singapore Pilot Eastern Boarding Ground “B” (PEBGB) to anchor at Eastern Bunkering B Anchorage (AEBB). The incident was reported to Singapore VTIS. Safety broadcasts on anti-piracy watch were initiated to warn all vessels to maintain a vigilant watch at all times in the SS. The RSN’s MSTF and Singapore PCG were notified of the incident. Information of the incident was shared with the Indonesian authority. Upon arrival at anchorage, Singapore PCG boarded the ship, conducted a search and confirmed no perpetrators were onboard. The crew reported that the starboard concertina wires were cut and was a possible entry point for the perpetrators.",4,12,List of Incidents for 2025.pdf,https://www.recaap.org/alerts
2025,43,2025-06-17,2354,Lirica,Robbery/ Theft,LIBERIA,TANKER,1° 3.22' N,103° 40.38' E,1.053667,103.673,Straits of Malacca & Singapore,"Approximately 2.4 nm off Pulau Cula (Indonesia), in the eastbound lane of the TSS",While Sailing,"While underway, four perpetrators were sighted on the stern deck. A search was conducted, with no perpetrators found onboard. All crew members were accounted for, with no injury reported. Nothing was stolen. No further assistance was required, and the ship resumed its voyage to Singapore PEBGB. The incident was reported to Singapore VTIS West. Safety broadcasts on anti-piracy watch were initiated to warn all vessels to maintain a vigilant watch at all times in the SS. The RSN’s MSTF and Singapore PCG were notified of the incident. Information of the incident was shared with the Indonesian authority. Upon arrival at anchorage, Singapore PCG boarded the ship, conducted a search and confirmed no perpetrators were onboard.",4,13,List of Incidents for 2025.pdf,https://www.recaap.org/alerts
2025,44,2025-06-16,0218,Sinar Sigli,Robbery/ Theft,LIBERIA,CONTAINER SHIP,1° 12.14' N,103° 23.14' E,1.202333,103.385667,Straits of Malacca & Singapore,"Approximately 2.1 nm off Pulau Iyu Kecil (Indonesia), in the eastbound lane of the TSS",While Sailing,"While underway, the bosun discovered that the lock on the deck store was broken. A search was conducted, with no perpetrators found on board. All crew members were accounted for, with no injury reported. Some ship stores including one set of Self Contained Breathing Apparatus (SCBA), one unit of compressor for SCBA bottle recharge and two units of radio transceiver were missing. The master reported the incident to Singapore POCC via email on 17 Jun 2025. The ship was en route from Port Klang, Malaysia to Laem Chabang, Thailand.",4,13,List of Incidents for 2025.pdf,https://www.recaap.org/alerts
2025,46,2025-06-15,0043,Greek Seas,Robbery/ Theft,LIBERIA,BULK CARRIER,1° 3.23' N,103° 37.68' E,1.053833,103.628,Straits of Malacca & Singapore,"Approximately 5.1 nm off Pulau Cula (Indonesia), in the eastbound lane of the TSS",While Sailing,"While underway, six perpetrators armed with knives and a gun-like object were sighted in the engine room. The master raised the general alarm and crew mustered for safety. Upon hearing the alarm, the perpetrators escaped immediately. A search was conducted, with no perpetrators found onboard. The ship was en route from Mozambique to Singapore. The incident was reported to Singapore VTIS West. Safety broadcasts on anti-piracy watch were initiated to warn all vessels to maintain a vigilant watch at all times in the SS. The RSN’s MSTF and Singapore PCG were notified of the incident. Information of the incident was shared with the Indonesian authority. Upon arrival in port, Singapore PCG boarded the ship, conducted a search and confirmed no perpetrators were onboard. All crew members were safe and accounted for, and nothing was stolen.",3,13,List of Incidents for 2025.pdf,https://www.recaap.org/alerts
2025,45,2025-06-14,0255,Aanya,Robbery/ Theft,PANAMA,BULK CARRIER,1° 8.28' N,103° 29.19' E,1.138,103.4865,Straits of Malacca & Singapore,"Approximately 8.6 nm off Pulau Iyu Kecil (Indonesia), in the eastbound lane of the TSS",While Sailing,"While underway, five perpetrators armed with long knives boarded the ship. The crew only realised that the ship was boarded after reviewing its security footage on 17 Jun 2025 at 1300 hrs as part of routine inspection. One portable SCBA compressor was reported stolen.",3,13,List of Incidents for 2025.pdf,https://www.recaap.org/alerts
2025,48,2025-06-13,2300,KSL Seattle,Robbery/ Theft,"HONG KONG, CHINA",BULK CARRIER,1° 6.5' N,103° 44.1' E,1.108333,103.735,Straits of Malacca & Singapore,"Approximately 4.3 nm off Pulau Cula (Indonesia), in the eastbound lane of the TSS",While Sailing,"While underway, three perpetrators armed with knives were sighted in the engine room. The crew conducted a search, with no perpetrators found onboard. The crew was not injured. Nothing was stolen. The incident was reported to Singapore VTIS Central. Safety broadcasts on anti-piracy watch were initiated to warn all vessels to maintain a vigilant watch at all times in the SS. The RSN’s MSTF and Singapore PCG were notified of the incident. Information of the incident was shared with the Indonesian authority.",3,14,List of Incidents for 2025.pdf,https://www.recaap.org/alerts
2025,47,2025-06-13,2300,Themir,Robbery/ Theft,PANAMA,CHEMICAL TANKER,1° 4.6' N,103° 42.4' E,1.076667,103.706667,Straits of Malacca & Singapore,"Approximately 2.2 nm off Pulau Cula (Indonesia), in the eastbound lane of the TSS",While Sailing,"While underway, eight perpetrators armed with knives were sighted in the engine room. The general alarm was raised and crew mustered on the bridge. A search was conducted, with no perpetrators found onboard. The crew was not injured. Nothing was stolen. No assistance was required, and the ship resumed her voyage to China. The incident was reported to Singapore VTIS. Safety broadcasts on anti-piracy watch were initiated to warn all vessels to maintain a vigilant watch at all times in the SS. The RSN’s MSTF and Singapore PCG were notified of the incident. Information of the incident was shared with the Indonesian authority.",3,14,List of Incidents for 2025.pdf,https://www.recaap.org/alerts
2025,49,2025-06-12,0400,Bonneville,Robbery/ Theft,MARSHALL ISLANDS,BULK CARRIER,1° 6.3' N,103° 44.8' E,1.105,103.746667,Straits of Malacca & Singapore,"Approximately 4.2 nm off Pulau Cula (Indonesia), in the eastbound lane of the TSS",While Sailing,"While underway, six perpetrators armed with knives and gun-like objects were sighted in the engine room. The general alarm was raised, crew mustered, and a search was conducted, with no perpetrators found onboard. The incident was reported to Singapore VTIS. Safety broadcasts on anti-piracy watch were initiated to warn all vessels to maintain a vigilant watch at all times in the SS. The RSN’s MSTF and Singapore PCG were notified of the incident. Information of the incident was shared with the Indonesian authority. Singapore PCG boarded the ship upon its arrival, conducted a search and confirmed no perpetrators were onboard. The crew was not injured. Some engine spares were reported stolen.",3,14,List of Incidents for 2025.pdf,https://www.recaap.org/alerts
2025,50,2025-06-07,1318,HK Tug 9 & LKH 7887,Robbery/ Theft,SINGAPORE,TUG BOAT & BARGE,1° 14.61' N,104° 1.88' E,1.2435,104.031333,Straits of Malacca & Singapore,"Approximately 3.8 nm off Pulau Nongsa (Indonesia), in the eastbound lane of the TSS",While Sailing,"While underway, the crew of the tug boat saw three boats on the port side of barge, four boats on the starboard side, and one boat at the rear. Each boat had three to four perpetrators, with approximately 14 perpetrators boarding the barge. The perpetrators escaped when the general alarm was raised. Some scrap metal was reported stolen. All crew members were accounted for and not injuries reported. The incident was reported to Singapore POCC.",4,14,List of Incidents for 2025.pdf,https://www.recaap.org/alerts
2025,54,2025-06-05,0152,Ausone,Robbery/ Theft,MARSHALL ISLANDS,BULK CARRIER,1° 3.45' N,103° 37.48' E,1.0575,103.624667,Straits of Malacca & Singapore,"Approximately 5.3 nm off Pulau Cula (Indonesia), in the eastbound lane of the TSS",While Sailing,"While underway, three perpetrators were sighted at the aft station. The general alarm was raised and the crew mustered. Realising that the crew had been alerted, the perpetrators escaped immediately. A thorough search was conducted, with no perpetrators found onboard. All crew members were accounted for, with no injury reported. Nothing was stolen. The incident was reported to Singapore VTIS. Safety broadcasts on anti-piracy watch were initiated to warn all vessels to maintain a vigilant watch at all times in the SS. The RSN’s MSTF and Singapore PCG were notified of the incident. Information of the incident was shared with the Indonesian authority.",4,15,List of Incidents for 2025.pdf,https://www.recaap.org/alerts
2025,53,2025-06-05,0330,Densa Shark,Robbery/ Theft,MALTA,BULK CARRIER,1° 3.91' N,103° 37.7' E,1.065167,103.628333,Straits of Malacca & Singapore,"Approximately 5.2 nm off Pulau Cula (Indonesia), in the eastbound lane of the TSS",While Sailing,"While underway, an engineer officer sighted seven perpetrators, with at least one armed with a long knife, in the engine room. The general alarm was raised immediately and all crew members mustered in the engine control room. All crew members were accounted for, with no injury reported. The incident was reported to Singapore VTIS West. Safety broadcasts on anti-piracy watch were initiated to warn all vessels to maintain a vigilant watch at all times in the SS. The RSN’s MSTF and Singapore PCG were notified of the incident. Information of the incident was shared with the Indonesian authority. The Singapore PCG boarded the ship off AEBB and conducted a search, with no perpetrators found onboard. Investigation revealed that generator spare parts were stolen, and a crew member had been restrained by the perpetrators during the incident.",2,15,List of Incidents for 2025.pdf,https://www.recaap.org/alerts
2025,56,2025-06-03,0156,Cape Elianto,Robbery/ Theft,SINGAPORE,BULK CARRIER,1° 4' N,103° 40.1' E,1.066667,103.668333,Straits of Malacca & Singapore,"Approximately 3.3 nm off Pulau Cula (Indonesia), in the eastbound lane of the TSS",While Sailing,"While underway, the crew on patrol sighted a perpetrator boarding the ship through the barb wire on the aft deck. The crew alerted the bridge and general alarm was raised. The perpetrator immediately jumped overboard and escaped in a boat, with another five perpetrators. A search was conducted, with no perpetrator found onboard. All crew members were safe and accounted for. Nothing was stolen.",4,16,List of Incidents for 2025.pdf,https://www.recaap.org/alerts
2025,55,2025-06-03,0435,Successor,Robbery/ Theft,CYPRUS,BULK CARRIER,1° 5.09' N,103° 34.05' E,1.084833,103.5675,Straits of Malacca & Singapore,"Approximately 9 nm off Pulau Cula (Indonesia), in the eastbound lane of the TSS",While Sailing,"While underway, six perpetrators armed with knives were sighted in the engine room. The master immediately raised the general alarm and mustered the crew for safety. A thorough search was conducted with no further sighting of the perpetrators onboard. The crew was not injured. Nothing was reported stolen. The incident was reported to Singapore VTIS Central. Safety broadcasts on anti-piracy watch were initiated to warn all vessels to maintain a vigilant watch at all times in the SS. The RSN’s MSTF and Singapore PCG were notified of the incident. Information of the incident was shared with the Indonesian authorities.",3,16,List of Incidents for 2025.pdf,https://www.recaap.org/alerts
2025,57,2025-06-01,2300,Name withheld,Robbery/ Theft,LIBERIA,BULK CARRIER,22° 13.31' N,91° 44.4' E,22.221833,91.74,Bangladesh (Ports/Anchorages),"Chittagong Anchorage B, Bangladesh",,"At Anchor While at anchor, 10 perpetrators armed with knives boarded the ship, and entered the forward storeroom. The alarm was raised and crew mustered. Hearing the alarm and seeing the crew's alertness, the perpetrators escaped with stolen ship incident was stores. The crew members were safe. The reported to port control.",2,16,List of Incidents for 2025.pdf,https://www.recaap.org/alerts
2025,59,2025-05-30,0630,Jin Hwa 47 & Jin Hwa 48,Robbery/ Theft,MALAYSIA,TUG BOAT & BARGE,1° 15.7' N,104° 14.3' E,1.261667,104.238333,Straits of Malacca & Singapore,"Approximately 6.4 nm off Tanjung Tondong (Indonesia), in the eastbound lane of the TSS",While Sailing,"While underway, the master of the tug boat reported that one perpetrator had boarded the barge it was towing from a small boat. The master requested assistance from Singapore PCG to assist with the search of their barge. Singapore PCG later boarded and searched the barge, with no perpetrator found onboard. All crew members were accounted for, with no injury reported. The crew of the tug boat was unable to determine whether anything was stolen. The incident was reported to Singapore POCC. Safety broadcasts on anti-piracy watch were initiated to warn all vessels to maintain a vigilant watch at all times in the SS. The RSN’s MSTF and Singapore PCG was notified of the incident. Information of the incident was shared with the Indonesian authority.",4,16,List of Incidents for 2025.pdf,https://www.recaap.org/alerts
2025,58,2025-05-30,2246,Powan,Robbery/ Theft,"HONG KONG, CHINA",BULK CARRIER,5° 52.6' S,106° 48.4' E,-5.876667,106.806667,Indonesia (Seas/Straits),"Approximately 12 nm off Jakarta, Indonesia",While Sailing,"A review of CCTV footage revealed that, while drifting, three unarmed perpetrators boarded the ship from the aft port side without being noticed. The perpetrators broke into the emergency escape trunk, the steering gear room, and entered the engine room. They left the ship with some engine spares via the same route. The AB reported that the padlocks for the Emergency Escape Trunk and Steering Gear Room were broken and missing, and the Steering Gear Room door was found open. The duty officer immediately raised the alarm and the crew mustered for a security search. No perpetrators were found onboard. The crew was not injured.",4,16,List of Incidents for 2025.pdf,https://www.recaap.org/alerts
2025,61,2025-05-28,0157,Mount ASO,Robbery/ Theft,"HONG KONG, CHINA",BULK CARRIER,22° 15.3' N,91° 43' E,22.255,91.716667,Bangladesh (Ports/Anchorages),"Chittagong Inner Anchorage B, Bangladesh",,"At Anchor While at anchor, five perpetrators armed with long knives boarded the ship from astern and another two perpetrators waited in a small wooden boat (unlit). The perpetrators broke the padlock of the oxygen cylinder room and stole six oxygen cylinders. The duty crew was threatened by the perpetrator with metal. No injury was reported. The ship enhanced the security watch and hardened all deck mast house with additional welding. The master reported the incident to the local authority through the agents.",2,17,List of Incidents for 2025.pdf,https://www.recaap.org/alerts
2025,60,2025-05-28,0330,KMTC Singapore,Robbery/ Theft,REPUBLIC OF KOREA,CONTAINER SHIP,10° 13.1' N,107° 0.7' E,10.218333,107.011667,Vietnam (Ports/Anchorages),"Ho Chi Minh I- 19 Anchorage, Vietnam",,"At Anchor While at anchor, two perpetrators were sighted near the forecastle. Noted that they had been discovered, the perpetrators escaped quickly by climbing down via a rope. The crew was not injured. Some unsecured items (fire nozzles, fire hydrant caps, fire hoses and deck air-valve caps) were stolen.",4,17,List of Incidents for 2025.pdf,https://www.recaap.org/alerts
2025,63,2025-05-27,0140,Strandja,Robbery/ Theft,MALTA,BULK CARRIER,1° 3.5' N,103° 41.7' E,1.058333,103.695,Straits of Malacca & Singapore,"Approximately 1.5 nm off Pulau Cula (Indonesia), in the eastbound lane of the TSS",While Sailing,"While underway, four perpetrators, three armed with knives and one armed with a pistol, were sighted in the engine room. The master immediately raised the general alarm and crew mustered for safety. A search was conducted, with no further sighting of the perpetrators onboard. One crew member was reported with minor head injury. Nothing was stolen. The incident was reported to Singapore VTIS West. Safety broadcasts on anti-piracy watch were initiated to warn all vessels to maintain a vigilant watch at all times in the SS. The RSN’s MSTF and Singapore PCG were notified of the incident. Information of the incident was shared with the Indonesian authorities. Singapore PCG boarded the ship upon her arrival and conducted a search, with no perpetrators found onboard.",2,17,List of Incidents for 2025.pdf,https://www.recaap.org/alerts
2025,62,2025-05-27,2015,Silver Lake,Robbery/ Theft,"HONG KONG, CHINA",BULK CARRIER,10° 12.72' N,107° 0.36' E,10.212,107.006,Vietnam (Ports/Anchorages),"Phu My I18 Anchorage, Vietnam",,"At Anchor While at anchor, the duty deck watch heard a loud noise from the ship’s port side and saw a perpetrator. After being shouted at by the duty deck watch, the perpetrator jumped overboard and escaped. The ship enhanced her security watches and measures. The crew was not injured. 300 liters of paint were stolen. The incident was reported to Vietnam Coast Guard through the ship’s agent.",4,17,List of Incidents for 2025.pdf,https://www.recaap.org/alerts
2025,64,2025-05-25,0232,Ligari,Robbery/ Theft,MALTA,BULK CARRIER,1° 7.96' N,103° 45.99' E,1.132667,103.7665,Straits of Malacca & Singapore,"Approximately 0.6 nm off Helen Mar Racon (Indonesia), in the eastbound lane of the TSS",While Sailing,"While underway, three unarmed perpetrators were sighted at the poop deck. The master immediately raised the general alarm and crew mustered for safety. Upon being spotted, the perpetrators escaped from the ship. A search was conducted with no perpetrators found onboard. All crew members were accounted for, with no injury reported. Nothing was stolen. The incident was reported to Singapore VTIS Central. Safety broadcasts on anti-piracy watch were initiated to warn all vessels to maintain a vigilant watch at all times in the SS. The RSN’s MSTF and Singapore PCG were notified of the incident. Information of the incident was shared with the Indonesian authority.",4,17,List of Incidents for 2025.pdf,https://www.recaap.org/alerts
2025,66,2025-05-23,0110,Aeolian Grace,Robbery/ Theft,MARSHALL ISLANDS,BULK CARRIER,1° 3.53' N,103° 41.31' E,1.058833,103.6885,Straits of Malacca & Singapore,"Approximately 1.8 nm off Pulau Cula (Indonesia), in the eastbound lane of the TSS",While Sailing,"While underway, five perpetrators armed with long pipes were sighted in the engine room. The master raised the general alarm and mustered the crew for safety. A search was conducted, with no further sighting of the perpetrators onboard. All crew members were accounted for, with no injury reported. Some engine spares were stolen. The incident was reported to Singapore VTIS. Safety broadcast on anti-piracy watch was initiated to warn all vessels to maintain a vigilant watch at all times in the SS. The RSN’s MSTF and Singapore PCG were notified of the incident. The Singapore PCG boarded the ship to conduct a search with no perpetrators found. Information of the incident was shared with the Indonesian authorities.",3,18,List of Incidents for 2025.pdf,https://www.recaap.org/alerts
2025,65,2025-05-23,0156,Petrel Pacific,Robbery/ Theft,SINGAPORE,TANKER,1° 6.9' N,103° 44.76' E,1.115,103.746,Straits of Malacca & Singapore,"Approximately 1.8 nm off Helen Mar Racon (Indonesia), in the eastbound lane of the TSS",While Sailing,"While underway, the 2nd Engineer sighted four perpetrators in the engine room, one of whom was armed with a knife. The 2nd Engineer immediately informed the master and raised the general alarm. The crew mustered for safety and conducted a search, with no perpetrators found onboard. Some engine spares were stolen. The crew was not injured. The incident was reported to Singapore POCC and PCG. The Singapore PCG boarded the ship upon arrival in Singapore waters to conduct a search, with no perpetrators found.",3,18,List of Incidents for 2025.pdf,https://www.recaap.org/alerts
2025,68,2025-05-22,0220,Alpha Peace,Robbery/ Theft,LIBERIA,BULK CARRIER,1° 3.58' N,103° 39.38' E,1.059667,103.656333,Straits of Malacca & Singapore,"Approximately 3.5 nm off Pulau Cula (Indonesia), in the eastbound lane of the TSS",While Sailing,"While underway, four perpetrators armed with knives were sighted at starboard quarter deck. The perpetrators immediately jumped into the water upon seeing the alerted crew. The master raised the general alarm and crew mustered for safety. A search was conducted, with no further sighting of the perpetrators onboard. All crew were accounted for, with no injury reported. Nothing was stolen. The ship resumed its voyage to Vietnam. The incident was reported to Singapore VTIS. Safety broadcasts on anti-piracy watch were initiated to warn all vessels to maintain a vigilant watch at all times in the SS. The RSN's MSTF and Singapore PCG were notified of the incident. Information of the incident was shared with the Indonesian authority.",3,19,List of Incidents for 2025.pdf,https://www.recaap.org/alerts
2025,67,2025-05-22,0330,Peace,Robbery/ Theft,CYPRUS,BULK CARRIER,1° 3.43' N,103° 38' E,1.057167,103.633333,Straits of Malacca & Singapore,"Approximately 4.8 nm off Pulau Cula (Indonesia), in the eastbound lane of the TSS",While Sailing,"While underway, the crew sighted one perpetrator armed with gun-like object at the starboard quarter deck. The perpetrator immediately jumped into the water upon seeing the alerted crew. In addition, the oiler sighted another four perpetrators (not armed) in the engine room. The master raised the general alarm and mustered the crew for safety. A search was conducted, with no further sighting of the perpetrators onboard. All crew members were accounted for, with no injury reported. Nothing was stolen. No further assistance was required, and the ship resumed its voyage to Singapore. The incident was reported to Singapore VTIS. Safety broadcasts on anti-piracy watch were initiated to warn all vessels to maintain a vigilant watch at all times in the SS. The RSN’s MSTF and Singapore PCG were notified of the incident. Information of the incident was shared with the Indonesian authority. Upon arrival in Singapore anchorage, Singapore PCG boarded the ship and conducted a search, with no perpetrators found onboard.",3,18,List of Incidents for 2025.pdf,https://www.recaap.org/alerts
2025,69,2025-05-20,0345,Plata South,Robbery/ Theft,MARSHALL ISLANDS,TANKER,1° 3.4' N,103° 38.38' E,1.056667,103.639667,Straits of Malacca & Singapore,"Approximately 4.4 nm off Pulau Cula (Indonesia), in the eastbound lane of the TSS",While Sailing,"While underway, the 2nd Engineer sighted five perpetrators in the engine room. Three perpetrators were armed with knives, and one perpetrator was armed with a gun-like object. The 2nd Engineer alerted the master, and the general alarm was immediately raised. The crew mustered for safety and conducted a search, with no perpetrators found onboard. Three lube oil drums and some engine spares parts were stolen. The crew was not injured. No further assistance was required, and the ship resumed its voyage to China. The incident was reported to Singapore VTIS. Safety broadcasts on anti-piracy watch were initiated to warn all vessels to maintain a vigilant watch at all times in the SS. The RSN's MSTF and Singapore PCG were notified of the incident. Information of the incident was shared with the Indonesian authorities.",3,19,List of Incidents for 2025.pdf,https://www.recaap.org/alerts
2025,70,2025-05-17,0143,Thalassini Avra,Robbery/ Theft,MALTA,BULK CARRIER,1° 7' N,103° 44.48' E,1.116667,103.741333,Straits of Malacca & Singapore,"Approximately 4.9 nm off Pulau Cula, (Indonesia), in the eastbound lane of the TSS",While Sailing,"While underway, five perpetrators armed with knives were sighted at the poop deck. The master immediately raised the general alarm and crew mustered for safety. The perpetrators then escaped. A search was conducted, with no perpetrators found onboard. The crew was not injured and nothing was stolen. The incident was reported to Singapore VTIS. Safety broadcasts on anti-piracy watch were initiated to warn all vessels to maintain a vigilant watch at all times in the SS. The RSN’s MSTF and Singapore PCG were notified of the incident. Upon arrival at Singapore port, Singapore PCG boarded the ship and conducted a security search, with no perpetrators found onboard. Information of the incident was shared with the Indonesian authority.",3,19,List of Incidents for 2025.pdf,https://www.recaap.org/alerts
2025,71,2025-05-14,0227,Dioni,Robbery/ Theft,PORTUGAL,BULK CARRIER,1° 7.2' N,103° 45.3' E,1.12,103.755,Straits of Malacca & Singapore,"Approximately 5.4 nm off Pulau Cula (Indonesia), in the eastbound lane of the TSS",While Sailing,"While underway, three perpetrators were sighted at the poop deck of the ship. The master immediately raised the general alarm and crew mustered for safety. The perpetrators then escaped. A search was conducted, with no perpetrators found onboard. All crew were accounted for with no injuries reported. Some engine spares were stolen. The incident was reported to Singapore VTIS. Safety broadcasts on anti-piracy watch were initiated to warn all vessels to maintain a vigilant watch at all times in the SS. The RSN’s MSTF and Singapore PCG were notified of the incident. PCG boarded the ship and conducted a security search with no perpetrators found while some auxiliary engine spares were stolen. Information of the incident was shared with the Indonesian authorities.",4,20,List of Incidents for 2025.pdf,https://www.recaap.org/alerts
2025,72,2025-05-08,0730,Jin Hwa 45 & Jin Hwa 37,Robbery/ Theft,MALAYSIA,TUG BOAT & BARGE,1° 7.35' N,103° 30.43' E,1.1225,103.507167,Straits of Malacca & Singapore,"Approximately 7.6 nm off Pulau Karimun Besar (Indonesia), in the eastbound lane of the TSS",While Sailing,"While the tug boat towing barge was underway, three perpetrators boarded the barge, stole items such as manhole covers, rope, turnbuckles and solar lights, and escaped.",4,20,List of Incidents for 2025.pdf,https://www.recaap.org/alerts
2025,75,2025-05-07,0245,Hui Shun No. 1,Robbery/ Theft,"HONG KONG, CHINA",BULK CARRIER,1° 3.58' N,103° 40.8' E,1.059667,103.68,Straits of Malacca & Singapore,"Approximately 2.2 nm off Pulau Cula (Indonesia), in the eastbound lane of the TSS",While Sailing,"While underway, two perpetrators armed with knives were sighted at the aft deck of the ship. The master immediately raised the general alarm and crew mustered for safety. A search was conducted, with no perpetrators found onboard. All crew were accounted for with no injuries reported. Nothing was stolen. The ship was enroute from Port Klang, Malaysia to China. The incident was reported to Singapore VTIS. Safety broadcasts on anti-piracy watch were initiated to warn all vessels to maintain a vigilant watch at all times in the SS. The RSN’s MSTF and Singapore PCG were notified of the incident. Information of the incident was shared with the Indonesian authority.",3,21,List of Incidents for 2025.pdf,https://www.recaap.org/alerts
2025,74,2025-05-07,0320,Elm Galaxy,Robbery/ Theft,PANAMA,CHEMICAL TANKER,1° 5.32' N,103° 35.3' E,1.088667,103.588333,Straits of Malacca & Singapore,"Approximately 7.9 nm off Pulau Cula (Indonesia), in the eastbound lane of the TSS",While Sailing,"While underway, one perpetrator was sighted at the aft deck of the ship. The master immediately raised the general alarm and crew mustered for safety. A search was conducted, with no perpetrators found onboard. All crew were accounted for with no injuries reported. Nothing was stolen. The ship was enroute from Singapore Port to Thailand. The incident was reported to Singapore VTIS. Safety broadcasts on anti-piracy watch were initiated to warn all vessels to maintain a vigilant watch at all times in the SS. The RSN’s MSTF and Singapore PCG were notified of the incident. Information of the incident was shared with the Indonesian authority.",4,20,List of Incidents for 2025.pdf,https://www.recaap.org/alerts
2025,73,2025-05-07,0403,Virgo,Robbery/ Theft,MARSHALL ISLANDS,BULK CARRIER,1° 8.13' N,103° 29.32' E,1.1355,103.488667,Straits of Malacca & Singapore,"Approximately 8.9 nm off Pulau Iyu Kechil, (Indonesia), in the eastbound lane of the TSS",While Sailing,"While underway, five perpetrators were sighted in the engine room, of which two of them carried gun-like objects. The master immediately raised the general alarm and crew mustered for safety. A search was conducted, with no perpetrators found onboard. All crew were accounted for with no injuries reported. The ship was enroute from India to Singapore port. The incident was reported to Singapore VTIS. Safety broadcasts on anti-piracy watch were initiated to warn all vessels to maintain a vigilant watch at all times in the SS. The RSN’s MSTF and Singapore PCG were notified of the incident. Information of the incident was shared with the Indonesian authority. Upon arrival at Singapore port, Singapore PCG boarded the ship and conducted a security search, with no perpetrators found onboard and some engine spares were reported missing.",3,20,List of Incidents for 2025.pdf,https://www.recaap.org/alerts
2025,76,2025-05-05,0330,SW Legend,Robbery/ Theft,PANAMA,BULK CARRIER,1° 7' N,103° 45' E,1.116667,103.75,Straits of Malacca & Singapore,"Approximately 5.1 nm off Pulau Cula (Indonesia), in the eastbound lane of the TSS",While Sailing,"While underway, two perpetrators were sighted at the port quarter of the stern deck. The master immediately raised the general alarm, switched on the deck lights and the crew mustered for safety. Upon realising the crew was alerted, the immediately. A security search was perpetrators escaped conducted with no perpetrators found onboard. The crew was not injured and nothing was stolen. The incident was reported to Singapore VTIS. Safety broadcasts on anti-piracy watch were initiated to warn all vessels to maintain a vigilant watch at all times in the SS. The RSN’s MSTF and Singapore PCG were notified of the incident. Information of the incident was shared with the Indonesian authorities.",4,21,List of Incidents for 2025.pdf,https://www.recaap.org/alerts
2025,77,2025-05-04,0333,ALS Juno,Robbery/ Theft,PORTUGAL,CONTAINER SHIP,5° 58.79' S,106° 54.95' E,-5.979833,106.915833,Indonesia (Ports/Anchorages),"Jakarta Anchorage, Indonesia",,"At Anchor While at anchor, three to four perpetrators boarded the ship at the aft mooring station when the crew was occupied at the forecastle with weighing anchor for departure from anchorage to the port. As all entry doors to restricted areas were locked and secured, the perpetrators stole one heaving line and cut the cables of door sensors (to passageways and steering gear room) before they escaped. The crew was not injured.",4,21,List of Incidents for 2025.pdf,https://www.recaap.org/alerts
2025,79,2025-05-02,0255,S M A,Robbery/ Theft,COOK ISLANDS,CHEMICAL TANKER,1° 3.28' N,103° 37.95' E,1.054667,103.6325,Straits of Malacca & Singapore,"Approximately 4.8 nm off Pulau Cula (Indonesia), in the eastbound lane of the TSS",While Sailing,"While underway, four perpetrators holding unknown objects were sighted on deck and in the engine room. The emergency general alarm was raised, and the crew conducted a search with no perpetrators found onboard. The master confirmed there was no confrontation with the perpetrators but the 3rd Engineer and one AB suffered minor hand injuries in the darkness. Engine spare parts were reported stolen. The incident was reported to Singapore VTIS. Safety broadcasts on anti-piracy watch were initiated to warn all vessels to maintain a vigilant watch at all times in the SS. The RSN’s MSTF and Singapore PCG were notified of the incident. Information of the incident was shared with the Indonesian authorities.",4,22,List of Incidents for 2025.pdf,https://www.recaap.org/alerts
2025,78,2025-05-02,0630,Culture,Robbery/ Theft,MARSHALL ISLANDS,TANKER,1° 3.78' N,103° 36.85' E,1.063,103.614167,Straits of Malacca & Singapore,"Approximately 6 nm off Pulau Cula (Indonesia), in the eastbound lane of the TSS",While Sailing,"While underway, five perpetrators were sighted on deck. The master immediately raised the general alarm, and the crew mustered for safety. Upon realising the crew was alerted, the perpetrators escaped immediately. The crew was not injured and nothing was stolen. The incident was reported to Singapore VTIS. Safety broadcasts on anti-piracy watch were initiated to warn all vessels to maintain a vigilant watch at all times in the SS. The RSN’s MSTF and Singapore PCG were notified of the incident. Information of the incident was shared with the Indonesian authorities.",4,21,List of Incidents for 2025.pdf,https://www.recaap.org/alerts
2025,80,2025-04-25,0300,ASL Trinity,Robbery/ Theft,LIBERIA,BULK CARRIER,1° 2.3' N,103° 39.1' E,1.038333,103.651667,Straits of Malacca & Singapore,"Approximately 3.5 nm off Pulau Cula (Indonesia), in the eastbound lane of the TSS",While Sailing,"While underway, unknown number of perpetrators boarded the ship without been noticed by the crew. After security search, it is found that the steering gear room booby hatch security nut was broken and condition door in opening condition. Bare footprints of the perpetrators were also found on poop deck. Some generator spare parts were reported stolen. The crew was not injured. The incident was reported to Singapore VTIS via email after anchored.",4,22,List of Incidents for 2025.pdf,https://www.recaap.org/alerts
2025,81,2025-04-22,2300,Panagia Force,Robbery/ Theft,MARSHALL ISLANDS,BULK CARRIER,1° 5.4' N,103° 34.42' E,1.09,103.573667,Straits of Malacca & Singapore,"Approximately 8.8 nm off Pulau Cula (Indonesia), in the eastbound lane of the TSS",While Sailing,"While underway, four perpetrators armed with knives were sighted in the engine room. The emergency general alarm was raised, and the crew conducted a search onboard, with no further sighting of perpetrators. Three crew members were found tied up in the engine room, but they were not injured. The ship was arriving from Brazil and bound for Singapore Anchorage. The incident was reported to Singapore VTIS. Safety broadcasts on anti-piracy watch were initiated to warn all vessels to maintain a vigilant watch at all times in the SS. The RSN’s MSTF and Singapore PCG were notified of the incident. Information of the incident was shared with the Indonesian authorities. The Singapore PCG boarded the ship at anchorage and confirmed that no perpetrators were found onboard. Engine spare parts and personal belongings were confirmed stolen.",2,22,List of Incidents for 2025.pdf,https://www.recaap.org/alerts
2025,83,2025-04-21,0134,Aquaris,Robbery/ Theft,PANAMA,TANKER,1° 4.93' N,103° 42.34' E,1.082167,103.705667,Straits of Malacca & Singapore,"Approximately 2.5 nm off Pulau Cula (Indonesia), in the eastbound lane of the TSS",While Sailing,"While underway, three perpetrators armed with knives were sighted in the Engine Control Room. The master raised the general alarm immediately, mustered the crew for safety and conducted a search onboard. All crew were accounted for with no injuries reported. Nothing was stolen. The ship was bound for Tompok, Malaysia. The incident was reported to Singapore VTIS via VHF. Safety broadcasts on anti-piracy watch were initiated to warn all vessels to maintain a vigilant watch at all times in the SS. The RSN’s MSTF and Singapore PCG were notified of the incident. Information of the incident was shared with the Indonesian and Malaysian authorities.",3,23,List of Incidents for 2025.pdf,https://www.recaap.org/alerts
2025,82,2025-04-21,0200,Jin Hwa 49 & Jin Hwa 39,Robbery/ Theft,MALAYSIA,TUG BOAT & BARGE,1° 9.96' N,103° 49.3' E,1.166,103.821667,Straits of Malacca & Singapore,"Approximately 10.1 nm off Pulau Cula (Indonesia), in the eastbound lane of the TSS",While Sailing,"When the tug boat was towing barge from Port Klang, Malaysia to Kuching, Malaysia, the crew discovered that properties from the barge were missing during a routine inspection. The Singapore PCG was notified of the incident on 29 Apr 2025.",4,22,List of Incidents for 2025.pdf,https://www.recaap.org/alerts
2025,84,2025-04-20,0500,MSC Tara III,Robbery/ Theft,LIBERIA,CONTAINER SHIP,1° 3.2' N,103° 37.13' E,1.053333,103.618833,Straits of Malacca & Singapore,"Approximately 5.6 nm off Pulau Cula (Indonesia), in the eastbound lane of the TSS",While Sailing,"While underway, three perpetrators were sighted at the upper deck. A crew member ran away after seeing a perpetrator carrying a gun-like object. The master raised the general alarm immediately, mustered the crew for safety and conducted a search onboard. All crew members were accounted for with no injuries reported. Nothing was stolen. The incident was reported to Singapore VTIS via VHF. Safety broadcasts on anti-piracy watch were initiated to warn all vessels to maintain a vigilant watch at all times in the SS. The RSN’s MSTF and Singapore PCG were notified of the incident. Singapore PCG boarded the ship upon her arrival in Singapore. Information of the incident was shared with the Indonesian authorities.",3,23,List of Incidents for 2025.pdf,https://www.recaap.org/alerts
2025,85,2025-04-19,0100,Perlas,Attempted,PHILIPPINES,GENERAL CARGO SHIP,1° 3.73' N,103° 41.04' E,1.062167,103.684,Straits of Malacca & Singapore,"Approximately 2.3 nm off Pulau Cula (Indonesia), in the eastbound lane of the TSS",While Sailing,"While underway, four armed perpetrators on a small vessel approached the ship. In response, the ship shone its lights at the perpetrators’ vessel and sounded its whistle. The perpetrators aborted their attempt and escaped in their small vessel at high speed. The crew was not injured and nothing was stolen.",NA,23,List of Incidents for 2025.pdf,https://www.recaap.org/alerts
2025,86,2025-04-07,0345,Hafnia Hong Kong,Robbery/ Theft,MALTA,OIL / CHEMICAL / GAS TANKER,1° 8.99' N,103° 28.4' E,1.149833,103.473333,Straits of Malacca & Singapore,"Approximately 4 nm off Pulau Karimun Kecil (Indonesia), in the precautionary area of the TSS",While Sailing,"While underway, three perpetrators were sighted at the poop deck. The master immediately raised the alarm and the perpetrators escaped from the ship. The crew mustered for safety and subsequently conducted a search onboard with no further sighting of perpetrators. One air compressor and four padlocks were stolen. The crew was not injured. The incident was reported to Singapore VTIS. Safety broadcast on anti-piracy watch was initiated to warn all vessels to maintain a vigilant watch at all times in the SS. The RSN’s MSTF and Singapore PCG were notified of the incident. Singapore PCG boarded the ship upon her arrival in port of Singapore and conducted a search with no perpetrator found. Information of the incident was shared with the Indonesian authorities.",4,23,List of Incidents for 2025.pdf,https://www.recaap.org/alerts
2025,87,2025-04-06,2350,Silver Star,Robbery/ Theft,VIETNAM,BULK CARRIER,1° 4.76' N,103° 42.9' E,1.079333,103.715,Straits of Malacca & Singapore,"Approximately 2.3 nm off Pulau Cula (Indonesia), in the eastbound lane of the TSS",While Sailing,"While underway, the duty engineer sighted five perpetrators in the engine room. The master immediately raised the alarm and crew mustered for safety. Upon all crew accounted for, the crew conducted a search onboard with no further sighting of perpetrators. Nothing was stolen and the crew was not injured. The incident was reported to Singapore VTIS. Safety broadcast on anti-piracy watch was initiated to warn all vessels to maintain a vigilant watch at all times in the SS. The RSN’s MSTF and Singapore PCG were notified of the incident. Singapore PCG boarded the ship upon her arrival in port of Singapore and conducted a search with no perpetrators found. Information of the incident was shared with the Indonesian authorities.",4,24,List of Incidents for 2025.pdf,https://www.recaap.org/alerts
2025,88,2025-04-04,0300,MV Blueray,Robbery/ Theft,LIBERIA,GENERAL CARGO SHIP,22° 12' N,91° 42' E,22.2,91.7,Bangladesh (Ports/Anchorages),"Chittagong Anchorage B area, Bangladesh",,"At Anchor While at anchor, five perpetrators boarded the ship from a wooden boat, and stole about 30 paint cans. The crew was not injured. The master reported the incident to Bangladesh Coast Guard (BCG). The BCG anti-smuggle team carried out combing operations on 6 April 25, apprehended the five perpetrators, recovered the stolen paint cans and returned them to the ship. The perpetrators were handed over to the local police for legal action.",4,24,List of Incidents for 2025.pdf,https://www.recaap.org/alerts
2025,89,2025-04-03,0340,SITC Yuncheng,Robbery/ Theft,"HONG KONG, CHINA",CONTAINER SHIP,1° 9.93' N,103° 48.72' E,1.1655,103.812,Straits of Malacca & Singapore,"Approximately 4.4 nm off Batu Berhanti Racon B (Indonesia), in the eastbound lane of the TSS",While Sailing,"While underway, the Singapore PCG informed Singapore POCC that a sampan was following the ship. Singapore VTIS alerted the ship immediately. The master subsequently confirmed that three perpetrators with knives boarded the ship via starboard side quarter on the main deck. The alarm was raised and crew mustered to conduct a security search to locate the perpetrators. The perpetrators and jumped stole some lashing gears, overboard and escaped. All crew members were accounted for, with no injury reported. Safety broadcast on anti-piracy watch was initiated to warn all vessels to maintain a vigilant watch at all times in the SS. The RSN’s MSTF and Singapore PCG was notified of the incident. Information of the incident was shared with the Indonesian authorities.",3,24,List of Incidents for 2025.pdf,https://www.recaap.org/alerts
2025,92,2025-03-30,0125,Andreas Petrakis,Robbery/ Theft,MALTA,BULK CARRIER,1° 4.52' N,103° 42.48' E,1.075333,103.708,Straits of Malacca & Singapore,"Approximately 2.1 nm off Palau Cula (Indonesia), in the eastbound lane of the TSS",While Sailing,"While underway, the duty engineer sighted one perpetrator armed with a gun-like object in the engine room. The master raised the general alarm and a search was conducted, with no further sighting of the perpetrators. The crew was not injured. Nothing was stolen. The incident was reported to Singapore VTIS. Safety broadcast on anti-piracy watch was initiated to warn all vessels to maintain a vigilant watch at all times in the SS. The RSN’s MSTF and Singapore PCG were notified of the incident. The Singapore PCG boarded the ship at anchorage to conduct a search with no perpetrators found. Information of the incident was shared with the Indonesian authorities.",3,25,List of Incidents for 2025.pdf,https://www.recaap.org/alerts
2025,91,2025-03-30,0145,Junior,Robbery/ Theft,LIBERIA,BULK CARRIER,1° 9.48' N,103° 47.06' E,1.158,103.784333,Straits of Malacca & Singapore,"Approximately 2.3 nm off Helen Mar Reef (Indonesia), in the eastbound lane of the TSS",While Sailing,"While underway, one perpetrator was sighted at the starboard quarter of the ship. The master raised the general alarm and a search was conducted. The perpetrator then jumped overboard. The crew was not injured. Nothing was stolen. The incident was reported to Singapore VTIS. Safety broadcast on anti-piracy watch was initiated to warn all vessels to maintain a vigilant watch at all times in the SS. The RSN’s MSTF and Singapore PCG were notified of the incident Information of the incident was shared with the Indonesian authorities.",4,25,List of Incidents for 2025.pdf,https://www.recaap.org/alerts
2025,90,2025-03-30,0255,Kota Halus,Robbery/ Theft,SINGAPORE,CONTAINER SHIP,1° 5.38' N,103° 43.53' E,1.089667,103.7255,Straits of Malacca & Singapore,"Near Takong Kecil Lighthouse (Indonesia), in the eastbound lane of the TSS",While Sailing,"While underway, three perpetrators were sighted on the port poop deck moving towards the aft station. Upon being spotted, the perpetrators jumped overboard and escaped in a small boat. The master raised the general alarm and a search was conducted. During the search, it was discovered that the air-conditioning room was accessed and a portable welding machine was missing. The crew was not injured. The incident was reported to Singapore VTIS. Safety broadcast on anti-piracy watch was initiated to warn all vessels to maintain a vigilant watch. The Singapore PCG boarded the ship to conduct a search with no perpetrators found.",4,24,List of Incidents for 2025.pdf,https://www.recaap.org/alerts
2025,94,2025-03-29,0408,Agneta Pallas III,Robbery/ Theft,LIBERIA,TANKER,1° 7.3' N,103° 44.92' E,1.121667,103.748667,Straits of Malacca & Singapore,"Approximately 1.5 nm off Helen Mar Reef (Indonesia), in the eastbound lane of the TSS",While Sailing,"While underway, five perpetrators were sighted at the starboard quarter of the ship stern area. The master raised the general alarm and conducted a search. No perpetrators were found onboard. The crew was not injured. Nothing was stolen. The incident was reported to Singapore VTIS. Safety broadcast on anti-piracy watch was initiated to warn all vessels to maintain a vigilant watch at all times in the SS. The RSN’s MSTF and Singapore PCG were notified of the incident. Information of the incident was shared with the Indonesian authorities.",4,25,List of Incidents for 2025.pdf,https://www.recaap.org/alerts
2025,93,2025-03-29,0515,Wan Hai 327,Robbery/ Theft,SINGAPORE,CONTAINER SHIP,1° 6.02' N,103° 44.1' E,1.100333,103.735,Straits of Malacca & Singapore,"Approximately 1 nm off Pulau Takong Kecil (Indonesia), in the eastbound lane of the TSS",While Sailing,"While underway, four perpetrators were sighted at the vessel stern area and a small boat was spotted on the starboard quarter of the ship. The master immediately raised the general alarm and ordered a thorough search on board, with no further sighting of the perpetrators. Nothing was stolen and the crew was not injured. The incident was reported to Singapore VTIS. Safety broadcast on anti-piracy watch was initiated to warn all vessels to maintain a vigilant watch at all times in the SS. The RSN’s MSTF and Singapore PCG were notified of the incident.",4,25,List of Incidents for 2025.pdf,https://www.recaap.org/alerts
2025,95,2025-03-28,0630,Selatan Damai,Robbery/ Theft,INDONESIA,CONTAINER SHIP,1° 9.45' N,103° 47.18' E,1.1575,103.786333,Straits of Malacca & Singapore,"Approximately 1.55 nm off Karang Banteng (Indonesia), in the eastbound lane of the TSS",While Sailing,"While underway, four perpetrators were sighted going to the engine room from portside main deck. The master raised the alarm and crew mustered to conduct a search. The perpetrators escaped from the ship upon raising of the alarm. Some engine spares were stolen. The crew was not injured. The incident was reported to Singapore POCC by master via email upon arrival to terminal. Safety broadcast on anti-piracy watch was initiated to warn all vessels to maintain a vigilant watch at all times in the SS. The RSN’s MSTF and Singapore PCG were notified of the incident. Information of the incident was shared with the Indonesian authorities. The Singapore PCG boarded the ship for investigation and conducted a search onboard, with no perpetrators found.",4,26,List of Incidents for 2025.pdf,https://www.recaap.org/alerts
2025,96,2025-03-26,0118,Su May,Attempted,LIBERIA,BULK CARRIER,1° 8.7' N,103° 46.3' E,1.145,103.771667,Straits of Malacca & Singapore,"Approximately 1.4 nm from Helen Mar Reef (Indonesia), in the eastbound lane of the TSS",While Sailing,"While underway, four perpetrators attempted to board the ship from the port quarter via a wooden boat. The alarm was raised and search-light was shined at the perpetrators, who then escaped upon sighting. Crew mustered and a search was conducted onboard. Nothing was stolen except two-metre section of razor wire on the port quarter had been cut. The crew was not injured. The incident was reported to Singapore VTIS. Safety broadcast on anti-piracy watch was initiated to warn all vessels to maintain a vigilant watch at all times in the SS. The RSN’s MSTF and Singapore PCG were notified of the incident. Information of the incident was shared with the Indonesian authorities.",NA,26,List of Incidents for 2025.pdf,https://www.recaap.org/alerts
2025,98,2025-03-23,0138,Fatema Jahan I,Robbery/ Theft,BANGLADESH,BULK CARRIER,1° 8.43' N,103° 46.37' E,1.1405,103.772833,Straits of Malacca & Singapore,"Approximately 1 nm from Helen Mar Reef (Indonesia), in the eastbound lane of the TSS",While Sailing,"While underway, the master reported to Singapore VTIS that two perpetrators carrying gun-like objects were sighted in the engine room of the ship. The emergency general alarm was raised and the ship crew conducted a search for the perpetrators, with no perpetrators found onboard. Nothing was stolen and the crew was not injured. Safety broadcast on anti-piracy watch was initiated to warn all vessels to maintain a vigilant watch at all times in the SS. The RSN’s MSTF and Singapore PCG were notified of the incident. The Singapore PCG boarded the ship at anchorage and confirmed that no perpetrators were found and nothing was stolen. Information of the incident was shared with the Indonesian authorities.",3,26,List of Incidents for 2025.pdf,https://www.recaap.org/alerts
2025,97,2025-03-23,1210,Jin Hwa 43 & Jin Hwa 44,Robbery/ Theft,MALAYSIA,TUG BOAT & BARGE,1° 24.9' N,104° 31.16' E,1.415,104.519333,South China Sea,At the approaches to Singapore Strait,While Sailing,"While underway, the master reported to Singapore POCC that three perpetrators had boarded the barge from a small boat. After about 20 min, the perpetrators were seen leaving the barge. The crew was unable to determine any loss of property and the crew was not injured. Safety broadcast on anti-piracy watch was initiated to warn all vessels to maintain a vigilant watch at all times in the SS. The RSN’s MSTF and Singapore PCG were notified of the incident. Information of the incident was shared with the Indonesian authority.",4,26,List of Incidents for 2025.pdf,https://www.recaap.org/alerts
2025,100,2025-03-22,0100,Xin Long Yun 58,Robbery/ Theft,PANAMA,CONTAINER SHIP,22° 45.77' N,70° 2.51' E,22.762833,70.041833,India (Ports/Anchorages),"Kandla anchorage, India",,"At Anchor While at anchor, six to seven perpetrators boarded the ship using a ladder. A few lashing gears were stolen. The crew was not injured. The local agent reported the incident to the Marine Police who subsequently boarded the ship. The Kandla Port Authority and ships in the area have been advised to enhance vigil and to adhere to the standard norms of security/SOPs especially during the night/dark hours to mitigate such incidents from occurring. The Indian Coast Guard ships were also alerted about the incident.",4,27,List of Incidents for 2025.pdf,https://www.recaap.org/alerts
2025,99,2025-03-22,0415,Name withheld,Attempted,MARSHALL ISLANDS,CHEMICAL/ OIL PRODUCT TANKER,5° 33.34' S,105° 18.81' E,-5.555667,105.3135,Indonesia (Ports/Anchorages),"Tarahan anchorage, Indonesia",,"At Anchor While at anchor, four perpetrators approached the ship. The duty crew noticed a perpetrator trying to board the ship, and raised the alarm, which resulted in the perpetrator abandoning the attempted boarding. The incident was reported to VTS.",NA,27,List of Incidents for 2025.pdf,https://www.recaap.org/alerts
2025,101,2025-03-19,0330,CNC Leopard,Robbery/ Theft,SINGAPORE,CONTAINER SHIP,1° 5.08' N,103° 43.33' E,1.084667,103.722167,Straits of Malacca & Singapore,"Approximately 0.8 nm off Takong Kecil Lighthouse (Indonesia), in the eastbound lane of the TSS",While Sailing,"While underway, the ship’s anti-piracy watchman noticed two perpetrators armed with long knives on the rescue boat deck at starboard side. A perpetrator was trying to break the security grating lock of the external stairway, and the other perpetrator was climbing up by the water down spout. The watchman immediately notified the master, who raised the general alarm, instructed the crew to switch on all deck lights and inform the engine room. The two perpetrators escaped to the port side of the ship, and were later spotted escaping in a small wooden boat, with a total of about five perpetrators onboard. The crew conducted a check and found that the padlocks of the deck store, starboard side external stairway grating, steering gear room skylight access cover and paint locker were broken. There were also traces of the perpetrators’ attempt to enter the upper deck and poop deck entrance doors. Some work tools and equipment including an electric impact wrench, hand drill, jig saw and ratchet wrench were stolen. The crew was not injured.",3,27,List of Incidents for 2025.pdf,https://www.recaap.org/alerts
2025,102,2025-03-17,0532,Bonspeed 10 & POE 2502,Robbery/ Theft,MALAYSIA,TUG BOAT & BARGE,1° 12.28' N,103° 34.03' E,1.204667,103.567167,Straits of Malacca & Singapore,"Approximately 5 nm off Tanjung Piai (Malaysia), in the precautionary area of the TSS",While Sailing,"While underway, three perpetrators from a sampan were spotted boarding the barge. The master raised the general alarm, after which the perpetrators left the barge. A search was conducted and some scrap metal was stolen. The crew was not injured. The incident was reported to Singapore VTIS. Safety broadcast on anti-piracy watch was initiated to warn all vessels to maintain a vigilant watch at all times in the SS. The RSN’s MSTF and Singapore PCG were notified of the incident. Information of the incident was shared with the Malaysian authorities.",4,27,List of Incidents for 2025.pdf,https://www.recaap.org/alerts
2025,104,2025-03-16,0001,Danum 70 & Linau 135,Robbery/ Theft,MALAYSIA,TUG BOAT & BARGE,1° 17.55' N,104° 9.43' E,1.2925,104.157167,Straits of Malacca & Singapore,"Approximately 3 nm off Tanjung Setapa (Malaysia), in the westbound lane of the TSS",While Sailing,"While underway and approaching Pilot Eastern Boarding Ground “A” (PEBGA) pilot station, the master of the tug boat discovered items missing from the vessels. The doors of the containers on the barge were pried open and seals were cut. Missing items included anchor windlass battery, gangway ladder from barge and various items from containers on the barge. All crew were accounted for with no injuries reported. The master immediately reported the incident to his local agent. Safety broadcast on anti-piracy watch was initiated to warn all vessels to maintain a vigilant watch at all times in the SS. The RSN’s MSTF and Singapore PCG were notified of the incident. Information of the incident was shared with the Malaysian authorities. Singapore PCG boarded the ship at anchorage and conducted a search, with no perpetrators found.",4,28,List of Incidents for 2025.pdf,https://www.recaap.org/alerts
2025,103,2025-03-16,0856,Bonspeed 10 & POE 2502,Robbery/ Theft,MALAYSIA,TUG BOAT & BARGE,1° 29.3' N,104° 30.4' E,1.488333,104.506667,South China Sea,At the approaches to Singapore Strait,While Sailing,"While underway, two sampans were spotted alongside the barge. The master raised the general alarm and conducted a search. No perpetrators were found onboard. The crew was not injured. Some scrap metal was stolen. The incident was reported to Singapore VTIS. Safety broadcast on anti-piracy watch was initiated to warn all vessels to maintain a vigilant watch at all times in the SS. The RSN’s MSTF and Singapore PCG were notified of the incident. Information of the incident was shared with the Malaysian authorities.",4,28,List of Incidents for 2025.pdf,https://www.recaap.org/alerts
2025,105,2025-03-13,0330,TS Nansha,Robbery/ Theft,MARSHALL ISLANDS,CONTAINER SHIP,1° 6.6' N,103° 44.9' E,1.11,103.748333,Straits of Malacca & Singapore,"Approximately 4.7 nm off Pulau Cula (Indonesia), In the eastbound lane of the TSS",While Sailing,"While underway, four perpetrators armed with guns and knives boarded the ship and entered the engine room. They tied two duty oilers and locked them in the CO2 room, before they escaped with stolen engine spares. The 2nd Engineer later discovered the duty oilers and freed them. The alarm was raised, crew mustered and a search onboard was conducted.",2,28,List of Incidents for 2025.pdf,https://www.recaap.org/alerts
2025,106,2025-03-11,0240,Prisma,Robbery/ Theft,PANAMA,TANKER,1° 5.6' N,103° 43.3' E,1.093333,103.721667,Straits of Malacca & Singapore,"Approximately 3.2 nm off Pulau Cula (Indonesia), in the eastbound lane of the TSS",While Sailing,"While underway, six to seven perpetrators armed with gun- like object were sighted in the engine room. Upon sighting of the perpetrators, the emergency general alarm was raised and crew mustered for safety. A search was conducted onboard with no further sighting of perpetrators. Nothing was stolen and the crew was not injured. The incident was reported to Singapore VTIS Central. Safety broadcast on anti-piracy watch was initiated to warn all vessels to maintain a vigilant watch at all times in the SS. The RSN’s MSTF and Singapore PCG were notified of the incident. Information of the incident was shared with the Indonesian authorities.",3,28,List of Incidents for 2025.pdf,https://www.recaap.org/alerts
2025,107,2025-03-08,0145,Mito,Robbery/ Theft,PANAMA,GENERAL CARGO SHIP,6° 5.8' S,106° 53.1' E,-6.096667,106.885,Indonesia (Ports/Anchorages),"Port of Jakarta, Indonesia",At Berth,"While at berth, six perpetrators in a boat boarded the ship and damaged the entrance door to the wheelhouse and the anti-piracy grating. Generator spare parts were stolen. The crew was not injured.",4,28,List of Incidents for 2025.pdf,https://www.recaap.org/alerts
2025,108,2025-03-07,2008,HK Tug 9 & LKH 7887,Robbery/ Theft,SINGAPORE,TUG BOAT & BARGE,1° 17.53' N,104° 20.55' E,1.292167,104.3425,Straits of Malacca & Singapore,"Approximately 6.1 nm off Tanjung Pergam (Indonesia), in the eastbound lane of the TSS",While Sailing,"While the tug boat towing barge was underway, three perpetrators boarded the barge from a sampan and stole some scrap metals from the barge. At the time of the incident, HK Tug 9 and LKH 7887 were escorted by another Singapore-registered tug boat, HK Tug 3. The Singapore VTIS confirmed with HK Tug 3 that the incident had occurred. The master confirmed that all three perpetrators had disembarked from the barge. The crew was not injured and there was no damage to the vessel.",4,29,List of Incidents for 2025.pdf,https://www.recaap.org/alerts
2025,109,2025-03-03,0500,Ailama,Robbery/ Theft,GAMBIA,TANKER,1° 4.65' N,103° 42.43' E,1.0775,103.707167,Straits of Malacca & Singapore,"Approximately 2.3 nm off Pulau Cula (Indonesia), in the eastbound lane of the TSS",While Sailing,"While underway, four to five perpetrators armed with gun- like object were sighted in the engine room. The master raised the general alarm, crew mustered, and a search was conducted onboard with no further sighting of perpetrators. The crew was not injured. Some engine spares were stolen. The incident was reported to Singapore VTIS West. Safety broadcast on anti-piracy watch was initiated to warn all vessels to maintain a vigilant watch at all times in the SS. The RSN’s MSTF and Singapore PCG were notified of the incident. Singapore PCG boarded the ship at anchorage and conducted a search, with no perpetrators found. Information of the incident was shared with the Indonesian authorities.",3,29,List of Incidents for 2025.pdf,https://www.recaap.org/alerts
2025,112,2025-02-28,0030,Ifestos,Robbery/ Theft,BAHAMAS,BULK CARRIER,1° 6.62' N,103° 44' E,1.110333,103.733333,Straits of Malacca & Singapore,"Approximately 0.9 nm off Takong Kecil Lighthouse (Indonesia), in the eastbound lane of the TSS",While Sailing,"While underway, six perpetrators armed with hammers were sighted in engine room workshop. The alarm was raised and crew mustered at the bridge. A search onboard was conducted with no further sighting of the perpetrators. The crew was not injured. Nothing was stolen. The incident was reported to Singapore VTIS. Safety navigational broadcast was initiated. The RSN’s MSTF and Singapore PCG were notified of the incident. Singapore PCG boarded the ship upon her arrival, conducted a search, and no perpetrators were found onboard. Information of the incident was shared with the Indonesian authorities.",3,30,List of Incidents for 2025.pdf,https://www.recaap.org/alerts
2025,111,2025-02-28,0122,DSM Rose,Robbery/ Theft,BARBADOS,BULK CARRIER,1° 5.27' N,103° 43.27' E,1.087833,103.721167,Straits of Malacca & Singapore,"Approximately 0.6 nm off Takong Kecil Lighthouse (Indonesia), in the eastbound lane of the TSS",While Sailing,"While underway, five perpetrators were sighted in the steering gear room, one of whom was armed with a gun-like object. The alarm was raised and all crew mustered at the bridge. A search was conducted onboard with no further sighting of the perpetrators. The crew was not injured. Nothing was stolen. The incident was reported to Singapore VTIS. Safety navigational broadcast was initiated. The RSN’s MSTF and Singapore PCG were notified of the incident. Information of the incident was shared with the Indonesian authorities.",3,29,List of Incidents for 2025.pdf,https://www.recaap.org/alerts
2025,110,2025-02-28,0700,Basset,Robbery/ Theft,SINGAPORE,PETROLEUM/ CHEMICAL TANKER,1° 8' N,103° 45.46' E,1.133333,103.757667,Straits of Malacca & Singapore,"Approximately 3.2 nm off Takong Kecil Lighthouse (Indonesia), in the eastbound lane of the TSS",While Sailing,"While underway, the crew spotted several perpetrators in the engine room. One of the perpetrators was reportedly armed with a gun-like object. A search was conducted by the crew and no perpetrators were found onboard. A crew member was injured. Some engine spare parts were stolen. The master requested assistance from MPA. Singapore PCG and Singapore Civil Defence Force (SCDF) were also activated to render assistance. The injured crew member was evacuated to the hospital. Singapore PCG boarded and combed the ship, and all crew were accounted for.",3,29,List of Incidents for 2025.pdf,https://www.recaap.org/alerts
2025,113,2025-02-26,0520,Ocean Diligence,Robbery/ Theft,MARSHALL ISLANDS,BULK CARRIER,1° 6.4' N,103° 44.48' E,1.106667,103.741333,Straits of Malacca & Singapore,"Approximately 4.4 nm off Pulau Cula (Indonesia), in the eastbound lane of the TSS",While Sailing,"While underway, five perpetrators were sighted on the aft poop deck. The emergency alarm was raised and crew mustered. Upon realising the crew had been alerted, the perpetrators escaped immediately. The crew was not injured. Nothing was stolen. The incident was reported to Singapore VTIS West. Safety broadcast on anti-piracy watch was initiated to warn all vessels to maintain a vigilant watch at all times in the SS. The RSN’s MSTF and Singapore PCG were notified of the incident. Singapore PCG boarded the ship at anchorage. A search was conducted and no perpetrator was found. Information of the incident was shared with the Indonesian authorities.",4,30,List of Incidents for 2025.pdf,https://www.recaap.org/alerts
2025,114,2025-02-22,0310,Cycladic Spire,Robbery/ Theft,PORTUGAL,BULK CARRIER,1° 2.75' N,103° 39.23' E,1.045833,103.653833,Straits of Malacca & Singapore,"Approximately 3.5 nm west of Pulau Cula (Indonesia), in the eastbound lane of the TSS",While Sailing,"While underway, three perpetrators armed with knives and sighted in the engine room. The gun-like object were emergency alarm was raised and crew mustered. A security search was conducted and no perpetrators were found. The crew was not injured. Some engine spares were stolen. The incident was reported to Singapore VTIS. Safety broadcast on anti-piracy watch was initiated to warn all vessels to maintain a vigilant watch at all times in the SS. The RSN’s MSTF and Singapore PCG were notified of the incident. Singapore PCG boarded the ship upon her arrival in Singapore. A search was conducted and no perpetrator was found. Information of the incident was shared with the Indonesian authorities.",3,30,List of Incidents for 2025.pdf,https://www.recaap.org/alerts
2025,116,2025-02-16,0200,Pelicana,Robbery/ Theft,NORWAY,GENERAL CARGO SHIP,1° 3.72' N,103° 41.23' E,1.062,103.687167,Straits of Malacca & Singapore,"Approximately 2 nm northwest of Pulau Cula (Indonesia), in the eastbound lane of the TSS",While Sailing,"While underway, four perpetrators armed with long knives were sighted boarding from the portside quarter and heading to the engine room. The master raised the alarm and all crew mustered to conduct a search. The crew was not injured. Some electrical and engine room items were stolen.",3,31,List of Incidents for 2025.pdf,https://www.recaap.org/alerts
2025,115,2025-02-16,0445,Atrotos Heracles,Robbery/ Theft,PANAMA,BULK CARRIER,1° 5.76' N,103° 43.94' E,1.096,103.732333,Straits of Malacca & Singapore,"Approximately 3.5 nm northeast of Pulau Cula (Indonesia), in the eastbound lane of the TSS",While Sailing,"While underway, three perpetrators were sighted at the aft station. Upon raising the emergency alarm, the three perpetrators escaped from the ship. A security search was conducted onboard. The crew was not injured. Nothing was stolen. The incident was reported to Singapore VTIS. Safety broadcast on anti-piracy watch was initiated to warn all vessels to maintain a vigilant watch at all times in the SS. The RSN’s MSTF and Singapore PCG were notified of the incident. Singapore PCG boarded the ship upon her arrival at Singapore bunkering anchorage. A search was conducted and no perpetrator was found. Information of the incident was shared with the Indonesian authorities.",4,30,List of Incidents for 2025.pdf,https://www.recaap.org/alerts
2025,117,2025-02-14,0255,Cancun,Robbery/ Theft,LIBERIA,BULK CARRIER,1° 4.35' N,103° 41.12' E,1.0725,103.685333,Straits of Malacca & Singapore,"Approximately 2.5 nm northwest of Pulau Cula (Indonesia), in the eastbound lane of the TSS",While Sailing,"While underway, four perpetrators, of whom one carried gun and three carried knives, were sighted in the engine room. The alarm was raised and all crew mustered to conduct a search with no further sighting of perpetrators. The crew was not injured and nothing was stolen. The bulk carrier was bound for Pilot Eastern Boarding Ground ‘B’ (PEBGB). The incident was reported to Singapore VTIS. Safety navigational broadcast was initiated. The RSN’s MSTF and Singapore PCG were notified of the incident. Singapore PCG boarded the ship, conducted a search, and no perpetrators were found onboard. Information of the incident was shared with the Indonesian authorities.",2,31,List of Incidents for 2025.pdf,https://www.recaap.org/alerts
2025,118,2025-02-12,0250,Sea Amber,Robbery/ Theft,GREECE,TANKER,1° 6.4' N,103° 44.08' E,1.106667,103.734667,Straits of Malacca & Singapore,"Approximately 4.3 nm northeast of Pulau Cula (Indonesia), in the eastbound lane of the TSS",While Sailing,"While underway, four perpetrators with knives were sighted in the engine room. The alarm was raised and all crew mustered to conduct a search with no further sighting of perpetrators. All crew members were accounted for, and there were no reported injuries. Some engine spare parts were stolen. No further assistance was required. The tanker had departed Malaysia and was bound for Indonesia. The incident was reported to Singapore VTIS West. Safety broadcast on anti-piracy watch was initiated to warn all vessels to maintain a vigilant watch at all times in the SS. The RSN’s MSTF and Singapore PCG were notified of the incident. Information of the incident was shared with the Indonesian authorities.",3,31,List of Incidents for 2025.pdf,https://www.recaap.org/alerts
2025,120,2025-02-03,0359,Belaja,Robbery/ Theft,NORWAY,BULK CARRIER,1° 5' N,103° 43.15' E,1.083333,103.719167,Straits of Malacca & Singapore,"Approximately 2.64 nm north of Pulau Cula (Indonesia), in the eastbound lane of the TSS",While Sailing,"While underway, four perpetrators with knives and gun-like object were sighted in the engine room. The alarm was raised and all crew mustered to conduct a search with no further sighting of perpetrators. The crew was not injured. Some engine spares were stolen. The incident was reported to Singapore VTIS West. Safety broadcast on anti-piracy watch was initiated to warn all vessels to maintain a vigilant watch at all times in the SS. The RSN’s MSTF and Singapore PCG were notified of the incident. Information of the incident was shared with the Indonesian authorities.",3,32,List of Incidents for 2025.pdf,https://www.recaap.org/alerts
2025,119,2025-02-03,0415,Zevirous,Robbery/ Theft,MALAYSIA,TANKER,1° 6.35' N,103° 44.46' E,1.105833,103.741,Straits of Malacca & Singapore,"Approximately 2.3 nm northeast of Pulau Cula (Indonesia), in the eastbound lane of the TSS",While Sailing,"While underway, six perpetrators with knives were sighted in the engine room. The alarm was raised and all crew mustered to conduct a search with no further sighting of perpetrators. The crew was not injured. Some engine spares were stolen. The incident was reported to Singapore VTIS Central. Safety broadcast on anti-piracy watch was initiated to warn all vessels to maintain a vigilant watch at all times in the SS. The RSN’s MSTF and Singapore PCG were notified of the incident. Information of the incident was shared with the Indonesian authorities.",3,31,List of Incidents for 2025.pdf,https://www.recaap.org/alerts
2025,121,2025-02-01,0600,Haima,Robbery/ Theft,PANAMA,PETROLEUM PRODUCT TANKER,1° 7.8' N,103° 45' E,1.13,103.75,Straits of Malacca & Singapore,"Approximately 1.4 nm west of Helen Mar Reef (Indonesia), in the eastbound lane of the TSS",While Sailing,"While underway, an engine department crew member sighted five perpetrators coming out of the engine room. The engineer immediately reported to the chief engineer, who then informed the bridge. The alarm was raised and a search was conducted with no perpetrators found. A surveillance camera recording in the engine room also revealed the perpetrators coming out of the engine room. The crew was not injured. Nothing was stolen. The incident was reported to MPA. The shipping company also reported the incident to the Maritime Bureau of the Ministry of Land, Infrastructure, Transport and Tourism (MLIT) of Japan.",4,32,List of Incidents for 2025.pdf,https://www.recaap.org/alerts
2025,122,2025-01-29,0105,Manali,Robbery/ Theft,PANAMA,BULK CARRIER,1° 4.6' N,103° 42.2' E,1.076667,103.703333,Straits of Malacca & Singapore,"Approximately 2.1 nm north of Pulau Cula (Indonesia), in the eastbound lane of the TSS",While Sailing,"While underway, a perpetrator was sighted in the engine room. The emergency alarm was raised and all crew mustered for safety at their designated citadel. A security search was conducted with no further sighting of perpetrators. The crew was not injured. Some engine spares were stolen. The incident was reported to Singapore VTIS West. Safety broadcast on anti-piracy watch was initiated to warn all vessels to maintain a vigilant watch at all times in the SS. The RSN’s MSTF and Singapore PCG were notified of the incident. The PCG boarded the ship upon her arrival at Singapore anchorage, conducted a search, and no perpetrators were found onboard. Information of the incident was shared with the Indonesian authorities.",4,32,List of Incidents for 2025.pdf,https://www.recaap.org/alerts
2025,123,2025-01-28,2355,Bristol,Robbery/ Theft,GREECE,TANKER,1° 7.9' N,103° 45.2' E,1.131667,103.753333,Straits of Malacca & Singapore,"Approximately 1.4 nm west of Helen Mar Reef (Indonesia), in the eastbound lane of the TSS",While Sailing,"While underway, two perpetrators with knives were sighted onboard in the vicinity of the starboard quarter. Upon raising the emergency alarm, the perpetrators escaped. A security search was conducted with no further sightings of the perpetrators. The crew was not injured. Nothing was stolen. The incident was reported to Singapore VTIS Central. Safety broadcast on anti-piracy watch was initiated to warn all vessels to maintain a vigilant watch at all times in the SS. The RSN’s MSTF and PCG were notified of the incident. The PCG boarded the ship upon her arrival at Singapore anchorage, conducted a search, and no perpetrators were found onboard. Information of the incident was shared with the Indonesian authorities.",3,32,List of Incidents for 2025.pdf,https://www.recaap.org/alerts
2025,124,2025-01-27,2150,MT Success,Robbery/ Theft,INDIA,TANKER,16° 54.55' N,82° 25.27' E,16.909167,82.421167,India (Ports/Anchorages),"OPL Kakinada, India",,"At Anchor While at anchor, the duty AB sighted one perpetrator near forecastle area. The duty AB immediately informed the bridge, and the duty officer sounded the navigation horn repeatedly. On hearing the horn, the perpetrator jumped overboard, where another perpetrator waited in a boat. By the time the crew reached the forecastle area, the two perpetrators escaped in two unlit boats. Extra security watches were placed. The crew was not injured. Two loose mooring ropes were stolen. The incident was reported to Kakinada Port Control/ Pilot station, local agent and Coast Guard via email.",4,33,List of Incidents for 2025.pdf,https://www.recaap.org/alerts
2025,126,2025-01-26,0135,Shidai 9,Robbery/ Theft,CHINA,BULK CARRIER,1° 3.2' N,103° 39.7' E,1.053333,103.661667,Straits of Malacca & Singapore,"Approximately 3.2 nm west of Pulau Cula (Indonesia), in the eastbound lane of the TSS",While Sailing,"While underway, five perpetrators were sighted on the poop deck. The alarm was raised and all crew mustered to conduct a search. No perpetrator was found onboard. All crew members were accounted for with no injuries. Nothing was stolen. The incident was reported to Singapore VTIS West. Safety broadcast was initiated. RSN and PCG were notified of the incident. PCG boarded the ship upon her arrival at the anchorage. A search was conducted and no perpetrator was found. Information of the incident was shared with the Indonesian authorities.",4,33,List of Incidents for 2025.pdf,https://www.recaap.org/alerts
2025,125,2025-01-26,0215,Asian Enterprise,Robbery/ Theft,SAINT KITTS AND NEVIS,GENERAL CARGO,1° 3.3' N,103° 40.2' E,1.055,103.67,Straits of Malacca & Singapore,"Approximately 2.7 nm west of Pulau Cula (Indonesia), in the eastbound lane of the TSS",While Sailing,"While underway, two perpetrators with a gun-like object were sighted on the poop deck. The general alarm was raised and all crew mustered to conduct a search. No perpetrator was found onboard. All crew members were accounted for with no injuries. Some engine spares were stolen. The incident was reported to Singapore VTIS West. Safety broadcast was initiated. The RSN and PCG were notified of the incident. PCG boarded the ship upon her arrival at the anchorage. A search was conducted and no perpetrator was found. Information of the incident was shared with the Indonesian authorities.",3,33,List of Incidents for 2025.pdf,https://www.recaap.org/alerts
2025,127,2025-01-24,0254,Chinook,Robbery/ Theft,PANAMA,BULK CARRIER,1° 21.9' S,116° 58.7' E,-1.365,116.978333,Indonesia (Ports/Anchorages),"Balikpapan Anchorage, Indonesia",,"At Anchor While at anchor, the crew sighted a perpetrator climbing the anchor chain, with another six perpetrators in a small wooden boat that is fastened to the anchor chain. The crew conducted a search onboard, and found footprints in the vicinity of the bosun store. The padlocks of bosun store/rope store, carpenter room and hydraulic room were damaged. Additional security measures and patrol on deck were deployed. The crew was not injured and nothing was stolen. The incident was reported to Balikpapan VTS Indonesia. Patrol boat was deployed at the vicinity of the incident area.",4,33,List of Incidents for 2025.pdf,https://www.recaap.org/alerts
2025,128,2025-01-22,0230,Delfin,Robbery/ Theft,PORTUGAL,BULK CARRIER,1° 3.9' N,103° 36.7' E,1.065,103.611667,Straits of Malacca & Singapore,"Approximately 6.1 nm west of Pulau Cula (Indonesia), in the eastbound lane of the TSS",While Sailing,"While underway, five to six perpetrators with gun-like objects and knives were sighted in the engine room. The alarm was raised and a search was conducted. No perpetrator was found onboard. All crew members were accounted for with no injuries. Some generator parts were found missing. The incident was reported to Singapore VTIS West. Safety broadcast was initiated. RSN and PCG were notified of the incident. PCG boarded the ship upon her arrival at the anchorage. No perpetrator was found. Information of the incident was shared with the Indonesian authorities.",3,34,List of Incidents for 2025.pdf,https://www.recaap.org/alerts
2025,129,2025-01-19,0505,Golden Calvus,Robbery/ Theft,MARSHALL ISLANDS,BULK CARRIER,1° 10.65' N,103° 49.32' E,1.1775,103.822,Straits of Malacca & Singapore,"Approximately 3.7 nm west of Batu Berhanti (Indonesia), in the eastbound lane of the TSS",While Sailing,"While underway, six perpetrators with parangs were sighted in the engine room. The master raised alarm and all crew mustered to conduct a search with no sighting of the perpetrators. The Chief Engineer’s hands were tied with rubber tubing and therefore experienced pain in the wrists. Some engine spares were stolen. The master reported the incident to Singapore VTIS. Safety broadcasts on anti-piracy watch were initiated to warn all ships to maintain a vigilant watch at all times in the Singapore Strait. The RSN’s MSTF and Singapore PCG were notified of the incident. The PCG boarded the ship at the anchorage upon her arrival at Singapore, conducted a search, but no perpetrators were found onboard. Information of the incident was shared with the Indonesian authorities.",2,34,List of Incidents for 2025.pdf,https://www.recaap.org/alerts
2025,130,2025-01-17,1736,Golden Curl,Robbery/ Theft,SINGAPORE,CHEMICAL TANKER,3° 55.8' N,98° 44.5' E,3.93,98.741667,Indonesia (Ports/Anchorages),"Belawan Anchorage Area No. 6, Indonesia",,"At Anchor While at anchor, a crew member spotted two perpetrators on port side main deck near accommodation area. The crew member immediately alerted the bridge of the incident and general alarm was sounded. The two perpetrators immediately jumped onto a boat waiting along the ship. Ropes with hook were used to board the ship. A search was conducted onboard. The crew was not injured. Some unsecured items onboard were stolen. The incident was reported to Belawan VTS.",4,34,List of Incidents for 2025.pdf,https://www.recaap.org/alerts
2025,131,2025-01-16,0237,Jolanda,Robbery/ Theft,LIBERIA,BULK CARRIER,1° 5.33' N,103° 43.25' E,1.088833,103.720833,Straits of Malacca & Singapore,"Approximately 2.96 nm north of Pulau Cula (Indonesia), in the eastbound lane of the TSS",While Sailing,"While underway, the master reported to Singapore VTIS West that the 2nd Engineer saw two perpetrators with gun-like objects in the engine room. The master raised the alarm and mustered crew to conduct a search onboard. At about 0305 hrs, the master reported that search was completed, with no sighting of the perpetrators. Nothing was stolen. All crew members were accounted for, and there were no reported informed no further assistance was injuries. The master required. The ship was transiting from Suez, Egypt and proceeded with its voyage to Qingdao, China. Safety broadcasts on anti-piracy watch were initiated to warn all ships to maintain a vigilant watch at all times in the Singapore Strait. The RSN’s MSTF and Singapore PCG were notified of the incident. Information of the incident was shared with the Indonesian authorities.",3,34,List of Incidents for 2025.pdf,https://www.recaap.org/alerts
2025,132,2025-01-09,0544,Trinity Island,Robbery/ Theft,"HONG KONG, CHINA",BULK CARRIER,1° 8.11' N,103° 45.81' E,1.135167,103.7635,Straits of Malacca & Singapore,"Approximately 6.4 nm northeast of Pulau Cula (Indonesia), in the eastbound lane of the TSS",While Sailing,"While underway, the master reported to Singapore VTIS that six perpetrators with knives were sighted in the engine room. The alarm was raised and all ship crew mustered at the bridge. At about 0649 hrs, the master reported that search was completed, with no sighting of the perpetrators. Some engine spares were stolen. The crew was not injured. The ship was bound for PEBGB. A safety navigational broadcast was initiated. The RSN’s MSTF and Singapore PCG were notified of the incident. Information of the incident was shared with the Indonesian authorities. PCG boarded the ship at the anchorage after arrival at Singapore, conducted a search, and no perpetrators were found onboard.",3,35,List of Incidents for 2025.pdf,https://www.recaap.org/alerts
2025,133,2025-01-08,0400,Anabela,Robbery/ Theft,LIBERIA,BULK CARRIER,1° 3.95' N,103° 36.83' E,1.065833,103.613833,Straits of Malacca & Singapore,"Approximately 6 nm west of Pulau Cula (Indonesia), in the eastbound lane of the TSS",While Sailing,"While underway, the master reported to VTIS West that four perpetrators with a gun were sighted in the engine room. The master raised the alarm and mustered crew to conduct a search onboard. At about 0515 hrs, the master reported that search was completed, with no sighting of the perpetrators. Nothing was stolen. All crew members were accounted for, and no injury to the crew was reported. The ship was transiting eastbound for PEBGB. A safety navigational broadcast was initiated. The RSN’s MSTF and Singapore PCG were notified of the incident. Information of the incident was shared with the Indonesian authorities. PCG boarded the ship at the anchorage after arrival at Singapore, conducted a search, and no perpetrators were found onboard.",2,35,List of Incidents for 2025.pdf,https://www.recaap.org/alerts
2024,1,2024-12-29,1035,Sandpiper Pacific,Attempted,SINGAPORE,PETROLEUM/ CHEMICAL TANKER,3° 55.95' N,98° 44.38' E,3.9325,98.739667,Indonesia (Ports/Anchorages),"Medan Customary Anchorage, Indonesia",,"At Anchor While anchored, the crew on duty spotted three perpetrators in a small wooden boat, attempting to climb onboard the ship via anchor chain. The crew shouted at the perpetrators, who escaped immediately in their boat. Ship horn was also sounded to further deter the perpetrators. The master reported the incident to Belawan VTS.",NA,1,List of Incidents for 2024 (1).pdf,https://www.recaap.org/alerts
2024,2,2024-12-28,0114,Rostrum Hedonist,Robbery/ Theft,LIBERIA,BULK CARRIER,1° 3.28' N,103° 40.27' E,1.054667,103.671167,Straits of Malacca & Singapore,"Approximately 3.2 nm west of Pulau Cula (Indonesia), in the eastbound lane of the Traffic Separation Scheme (TSS)",While Sailing,"T T T While underway, five perpetrators were sighted in the steering gear room, and one of them carried a gun-like object. he master raised the alarm and mustered the crew to conduct a search. No perpetrators were sighted and some engine spares were missing. There were no injuries to crew. he incident was reported to Singapore Vessel Traffic Information System (VTIS) West. A safety broadcast on anti- piracy watch was issued to warn all ships to maintain a vigilant watch at all times in the Singapore Strait. he Republic of Singapore Navy (RSN)’s Maritime Security Task Force (MSTF) and Singapore Police Coast Guard (PCG) were notified of the incident, The PCG boarded the ship upon her arrival in Singapore and conducted a search. No perpetrators were found onboard. Information of the incident was also shared with the Indonesian authorities.",3,1,List of Incidents for 2024 (1).pdf,https://www.recaap.org/alerts
2024,3,2024-12-22,0605,Front Eagle,Robbery/ Theft,LIBERIA,TANKER,1° 3.75' N,103° 39.81' E,1.0625,103.6635,Straits of Malacca & Singapore,"Approximately 3.2 nm west of Pulau Cula (Indonesia), in the eastbound lane of the TSS",While Sailing,"T While underway, the engine crew sighted three perpetrators near the engine room of the ship. The master raised a general emergency alarm and mustered the crew to conduct a search onboard. No perpetrators were found and nothing was stolen. The crew was not injured and no further assistance was required. The ship resumed her voyage to Daesan, Republic of Korea. he master reported the incident to Singapore VTIS. Safety broadcasts on anti-piracy watch was initiated to warn all ships to maintain a vigilant watch at all times in the Singapore Strait. The RSN’s MSTF and Singapore PCG were notified of the incident. Information of the incident was shared with the Indonesian authorities.",4,1,List of Incidents for 2024 (1).pdf,https://www.recaap.org/alerts
2024,4,2024-12-21,2310,Seaspan Lumaco,Robbery/ Theft,"HONG KONG, CHINA",CONTAINER SHIP,14° 32.73' N,120° 52.08' E,14.5455,120.868,Philippines (Ports/Anchorages),"Approximately 4 nm west off South Harbor Anchorage Area, Philippines",,"A At Anchor While at anchor, four perpetrators boarded the ship. The duty roving sighted the perpetrators at deck forward near the boatswain store entrance, and immediately reported to the duty watch officer, who raised the alarm and reported to Vessel Traffic Management System (VTMS) Manila. The crew was mustered and proceeded to the location of the perpetrators but they had already escaped. Philippine Coast Guard (PCG) Maritime Patrol (MARPAT) team was dispatched to the location of the ship for investigation. The MARPAT team conducted a perimeter check around the ship twice, and confirmed that the perpetrators had already escaped. Further investigation revealed that nothing was stolen and the crew was not injured.",4,2,List of Incidents for 2024 (1).pdf,https://www.recaap.org/alerts
2024,5,2024-12-19,0400,Nordmaas,Robbery/ Theft,CYPRUS,CONTAINER SHIP,9° 59' N,107° 4' E,9.983333,107.066667,Vietnam (Ports/Anchorages),"Vung Tau Anchorage, Ho Chi Minh City, Vietnam",,"T At Anchor While at anchor, an unknown number of perpetrators boarded the ship unnoticed, broke the padlock of paint store, stole 350 litres of paint and escaped. The crew on-duty discovered the theft after the perpetrators had left. Barefoot prints were later found around the deck. All crew members are reported to be safe. he CSO was notified of the incident, and the incident was reported to the local authorities, who boarded the ship for investigation.",4,2,List of Incidents for 2024 (1).pdf,https://www.recaap.org/alerts
2024,6,2024-12-17,2253,Cape Star,Robbery/ Theft,"HONG KONG, CHINA",BULK CARRIER,1° 4.81' N,103° 41.9' E,1.080167,103.698333,Straits of Malacca & Singapore,"Approximately 2.5 nm northwest of Pulau Cula (Indonesia), in the eastbound lane of the TSS",While Sailing,"T While underway, the crew spotted four to five perpetrators, of which three perpetrators carried long knives and one perpetrator carried a gun-like object, in the engine room. The master raised the alarm and mustered the crew to conduct a search. No perpetrators were found and some engine spare parts were stolen. All crew members were accounted for, and there were no reported injuries. No further assistance was required. he master reported to Singapore VTIS. Safety broadcasts on anti-piracy watch was initiated to warn all ships to maintain a vigilant watch at all times in the Singapore Strait. The RSN’s MSTF and Singapore PCG were notified of the incident. Information of the incident was shared with the Indonesian authorities. Upon the ship’s arrival at Singapore anchorage, PCG boarded the ship, conducted a security search and found no perpetrators onboard.",3,2,List of Incidents for 2024 (1).pdf,https://www.recaap.org/alerts
2024,7,2024-12-14,0001,Honor Star,Robbery/ Theft,PANAMA,BULK CARRIER,1° 4.5' N,103° 34.9' E,1.075,103.581667,Straits of Malacca & Singapore,"Approximately 8.1 nm west of Pulau Cula (Indonesia), in the eastbound lane of the TSS",While Sailing,"T While underway, the crew spotted six perpetrators armed with knives in the engine room. The master raised the alarm and mustered the crew to conduct a search. No perpetrators were found and some engine spare parts were stolen. All crew members were accounted for, and there were no reported injuries. No further assistance was required. he master reported the incident to Singapore VTIS West. Safety broadcasts on anti-piracy watch was initiated to warn all ships to maintain a vigilant watch at all times in the Singapore Strait. The RSN’s MSTF and Singapore PCG were notified of the incident. Information of the incident was shared with the Indonesian authorities.",3,3,List of Incidents for 2024 (1).pdf,https://www.recaap.org/alerts
2024,9,2024-12-11,0210,Proteus Harvonne,Robbery/ Theft,SINGAPORE,TANKER,1° 4.55' N,103° 41.62' E,1.075833,103.693667,Straits of Malacca & Singapore,"Approximately 2.4 nm northwest of Pulau Cula (Indonesia), in the eastbound lane of the TSS",While Sailing,"M T S While underway and bound for Singapore port, the motorman was at the poop deck checking the funnel when he was attacked by a perpetrator armed with knife, while another perpetrator was trying to board the ship. The motorman managed to free himself from the perpetrator, ran to the engine control room and subsequently notified the bridge. aster raised the alarm and made announcement on PA system. All crew members mustered at muster stations and accounted for. The CSO was informed, and first aid was administered to the motorman. Two search parties were also activated to comb the ship, and a knife and bags were found on the main deck. Nothing was stolen. he incident was reported to Singapore MRCC and the ship subsequently anchored at Singapore Anchorage at 0530 hrs. The injured motorman was conveyed to the Singapore General Hospital, and is in a stable condition. ingapore MRCC initiated a navigational broadcast to alert mariners. Information of the incident was shared with the Indonesian authorities. Singapore PCG boarded the ship and investigation is ongoing.",3,3,List of Incidents for 2024 (1).pdf,https://www.recaap.org/alerts
2024,8,2024-12-11,0940,HK Tug 9 & LKH 2882,Robbery / Theft,SINGAPORE,TUG BOAT & BARGE,1° 25.45' N,104° 30.55' E,1.424167,104.509167,South China Sea,Approximately 8.4 nm northeast from Horsburgh Lighthouse,While Sailing,"A A While the tug boat towing barge was enroute from Jurong Port, Singapore to Cigading, Indonesia, the master spotted four small boats, each carrying three to five persons, approaching the barge. The barge was carrying a cargo load of scrap metal. bout two to three perpetrators boarded the barge and transferred scrap metals from the barge to their boats. The master sounded the ship horn continuously and altered course to starboard heading towards Cigading. The perpetrators escaped immediately in their small boats. The crew was not injured. ll deck crew continued to perform deck lookout and sounded the ship horn to deter small boats from approaching.",4,3,List of Incidents for 2024 (1).pdf,https://www.recaap.org/alerts
2024,10,2024-12-09,0417,Dalma,Robbery/ Theft,LIBERIA,TANKER,1° 3.5' N,103° 39.8' E,1.058333,103.663333,Straits of Malacca & Singapore,"Approximately 3.1 nm northwest of Pulau Cula (Indonesia), in the eastbound lane of the TSS",While Sailing,"T While underway, the perpetrators boarded the ship unnoticed and stole one unit of breathing apparatus compressor. The padlock of the emergency generator room was cut and two fire hoses from the poop deck were rigged, assessed to be used to lower the compressor to a waiting boat. The crew was not injured. he master reported the incident to the International Maritime Bureau (IMB), Kuala Lumpur. Safety navigational broadcast was initiated. The RSN’s MSTF and Singapore PCG were notified of the incident.",4,4,List of Incidents for 2024 (1).pdf,https://www.recaap.org/alerts
2024,12,2024-12-07,0345,Genco Augustus,Robbery/ Theft,MARSHALL ISLANDS,BULK CARRIER,1° 4' N,103° 40.4' E,1.066667,103.673333,Straits of Malacca & Singapore,"Approximately 2.8 nm northwest of Pulau Cula (Indonesia), in the eastbound lane of the TSS",While Sailing,"T While underway, the crew spotted six perpetrators armed with knives in the steering gear room. The master raised the alarm and crew mustered to conduct a search, but no perpetrator was found. All crew members were accounted for, and there were no reported injuries. Nothing was stolen. he master reported the incident to the Singapore VTIS. Safety navigational broadcast was initiated. The RSN’s MSTF and Singapore PCG were notified of the incident. PCG boarded the ship at Singapore Anchorage and conducted search but found no perpetrators. Information of the incident was shared with the Indonesian authorities.",3,4,List of Incidents for 2024 (1).pdf,https://www.recaap.org/alerts
2024,11,2024-12-07,2350,Kyzikos,Robbery/ Theft,LIBERIA,BULK CARRIER,1° 3.66' N,103° 39.85' E,1.061,103.664167,Straits of Malacca & Singapore,"Approximately 3.1 nm northwest of Pulau Cula (Indonesia), in the eastbound lane of the TSS",While Sailing,"T While underway, the crew spotted eight unarmed perpetrators in the steering gear room. Master raised the alarm and mustered all crew to conduct search but no perpetrators were found. All crew members were accounted for, and there were no reported injuries. Some engine spare parts were stolen. he master reported the incident to the Singapore VTIS. Safety navigational broadcast was initiated. The RSN’s MSTF and Singapore PCG were notified of the incident. PCG boarded the ship at Singapore Anchorage and conducted search but found no perpetrators. Information of the incident was shared with the Indonesian authorities.",4,4,List of Incidents for 2024 (1).pdf,https://www.recaap.org/alerts
2024,13,2024-12-03,0920,Pac Alnath,Attempted,SINGAPORE,GENERAL CARGO SHIP,3° 47.3' N,98° 42.15' E,3.788333,98.7025,Indonesia (Ports/Anchorages),"Berth no. 112, Belawan, Indonesia",At Berth,"M While at berth during cargo operations, the Chief Officer noticed people talking from the port seaward side of the ship when he was conducting his rounds on deck. He saw a wooden boat with four perpetrators and a perpetrator attempting to climb onto the ship using a rope. The Chief Officer shouted at the perpetrators, who escaped immediately. The crew was not injured and nothing was stolen. aster and crew conducted a security debrief and implemented additional measures such as adding extra watchkeepers immediately.",NA,4,List of Incidents for 2024 (1).pdf,https://www.recaap.org/alerts
2024,14,2024-12-02,0343,Sakizaya Miracle,Robbery/ Theft,PANAMA,BULK CARRIER,1° 8.02' N,103° 45.4' E,1.133667,103.756667,Straits of Malacca & Singapore,"Approximately 6 nm northeast of Pulau Cula (Indonesia), in the eastbound lane of the TSS",While Sailing,"T U While underway, the crew spotted about eight perpetrators, of whom four were armed with knives, in the engine control room. Master raised the alarm and mustered all crew to conduct search but no perpetrators were found. All crew members were accounted for, and there were no reported injuries. No further assistance was required. he master reported the incident to the Singapore VTIS. Safety navigational broadcast was initiated. The RSN’s MSTF and Singapore PCG were notified of the incident. Information of the incident was shared with the Indonesian authorities. pon the ship’s arrival at Singapore Anchorage, PCG boarded the ship, conducted a search onboard and found no perpetrators. PCG reported that a crew member’s legs and hands were tied by the perpetrators, and engine spare parts were reported missing.",2,5,List of Incidents for 2024 (1).pdf,https://www.recaap.org/alerts
2024,15,2024-11-26,0001,Express,Robbery/ Theft,PANAMA,BULK CARRIER,1° 5.17' N,103° 43.62' E,1.086167,103.727,Straits of Malacca & Singapore,"Approximately 2.8 nm north from Pulau Cula (Indonesia), in the eastbound lane of the TSS",While Sailing,"T While underway, two perpetrators were sighted at the aft mooring station of the ship. The alarm was raised and all crew mustered to conduct a search. No perpetrators were found onboard. The crew members were not injured and nothing was stolen. he master reported the incident to the Singapore VTIS. Safety navigational broadcast was initiated. The RSN’s MSTF and Singapore PCG were notified of the incident. PCG boarded the ship at anchorage and carried out a search. But no perpetrator was found onboard. Information of the incident was shared with the Indonesian authorities.",4,5,List of Incidents for 2024 (1).pdf,https://www.recaap.org/alerts
2024,16,2024-11-24,0100,Theodore JR,Robbery/ Theft,PANAMA,BULK CARRIER,1° 3.9' N,103° 41.3' E,1.065,103.688333,Straits of Malacca & Singapore,"Approximately 2.07 nm northwest from Pulau Cula (Indonesia), in the eastbound lane of the TSS",While Sailing,"T While underway, six perpetrators armed with knives were sighted in the engine room and at poop deck. The general emergency alarm was raised and all crew mustered to conduct a search. No perpetrators were found onboard. All crew was accounted for with no injuries. Some engine spares were stolen and one padlock was broken. he master reported the incident to the Singapore VTIS. Safety navigational broadcast was initiated. The RSN’s MSTF and Singapore PCG were notified of the incident. PCG boarded the ship and carried out a search. But no perpetrator was found onboard. Information of the incident was shared with the Indonesian authorities.",3,5,List of Incidents for 2024 (1).pdf,https://www.recaap.org/alerts
2024,17,2024-11-23,0150,HTK Confidence,Robbery/ Theft,VIETNAM,BULK CARRIER,1° 3.7' N,103° 42.1' E,1.061667,103.701667,Straits of Malacca & Singapore,"Approximately 1.46 nm northwest from Pulau Cula (Indonesia), in the eastbound lane of the TSS",While Sailing,"T While underway, two perpetrators armed with knives were sighted in the engine room. The master raised general alarm and all crew mustered safely in the wheelhouse. The crew did not conduct search but wait for PCG’s assistance. There were no injuries. Some spare parts were stolen. he ship agent reported the incident to the Singapore VTIS via telephone. Safety navigational broadcast was initiated. The RSN’s MSTF and Singapore PCG were notified of the incident. PCG boarded the ship on her arrival at Singapore Anchorage but did not find any perpetrator. Information of the incident was shared with the Indonesian authorities.",3,6,List of Incidents for 2024 (1).pdf,https://www.recaap.org/alerts
2024,18,2024-11-21,0100,Ceylon Princess,Robbery/ Theft,SRI LANKA,BULK CARRIER,21° 23.44' N,91° 48.63' E,21.390667,91.8105,Bangladesh (Ports/Anchorages),"Chattogram Anchorage, Bangladesh",,"At Anchor While at anchor, 11 perpetrators boarded the ship. The alert duty crew noticed the perpetrators and immediately raised the alarm. The crew was mustered and engaged in defensive actions against the perpetrators, which resulted in the incident was perpetrators escaping empty-handed. The reported to the Port Authority and Bangladesh Navy.",4,6,List of Incidents for 2024 (1).pdf,https://www.recaap.org/alerts
2024,19,2024-11-20,0510,Genco Lion,Robbery/ Theft,MARSHALL ISLANDS,BULK CARRIER,1° 4.7' N,103° 41.7' E,1.078333,103.695,Straits of Malacca & Singapore,"Approximately 2.5 nm northwest from Pulau Cula (Indonesia), in the eastbound lane of the TSS",While Sailing,"T While underway, four perpetrators were sighted in the engine room. The master raised general alarm and carried out a search. No perpetrator was found onboard and nothing was lost. All crew members were accounted for and there were no injuries. he master reported the incident to the Singapore VTIS Central. Safety navigational broadcast was initiated. The RSN’s MSTF and Singapore PCG were notified of the incident. PCG boarded the ship and carried out a security search. But no perpetrator was found onboard. Information of the incident was shared with the Indonesian authorities.",4,6,List of Incidents for 2024 (1).pdf,https://www.recaap.org/alerts
2024,21,2024-11-19,0320,Karlovasi,Robbery/ Theft,LIBERIA,BULK CARRIER,21° 52' N,91° 45' E,21.866667,91.75,Bangladesh (Ports/Anchorages),"Outer Anchorage, Kutubdia, Bangladesh",,"A At Anchor While at anchor, the crew sighted 10 perpetrators with knives and bats at the port quarter deck of the ship. The perpetrators tied up three local watchmen and injured one of them on the leg. One ship crew was also assaulted and was slight injured on the head. Some ship property/stores were stolen. fter receiving the incident information, Bangladesh Coast Guard (BCG) started investigation of the incident onboard the ship.",2,6,List of Incidents for 2024 (1).pdf,https://www.recaap.org/alerts
2024,20,2024-11-19,2259,Ammos,Robbery/ Theft,BAHAMAS,BULK CARRIER,1° 5.8' N,103° 44.1' E,1.096667,103.735,Straits of Malacca & Singapore,"Approximately 3.7 nm north from Pulau Cula (Indonesia), in the eastbound lane of the TSS",While Sailing,"T While underway, three perpetrators were sighted in the engine room. The master raised alarm and all crew mustered to conduct a search, but no perpetrator was found. The crew members were not injured. Some ship stores were reported stolen. he master reported the incident to the Singapore VTIS West. Safety navigational broadcast was initiated. The RSN’s MSTF and Singapore PCG were notified of the incident. PCG boarded the ship and carried out a security search, but did not find any perpetrator. Information of the incident was shared with the Indonesian authorities.",4,6,List of Incidents for 2024 (1).pdf,https://www.recaap.org/alerts
2024,22,2024-11-17,0350,Dokos,Attempted,MARSHALL ISLANDS,BULK CARRIER,1° 3.5' N,103° 37.1' E,1.058333,103.618333,Straits of Malacca & Singapore,"Approximately 5.7 nm northwest from Pulau Cula (Indonesia), in the eastbound lane of the TSS",While Sailing,"T While underway, two to three perpetrators in a boat attempted to board the ship from the starboard quarter. Upon raising the alarm and switching on the deck lights, the perpetrator’s boat moved off southward. he master reported the incident to the Singapore VTIS. Safety navigational broadcast was initiated. The RSN’s MSTF and Singapore PCG were notified of the incident. Information of the incident was shared with the Indonesian authorities.",NA,7,List of Incidents for 2024 (1).pdf,https://www.recaap.org/alerts
2024,25,2024-11-14,0245,NUS,Robbery/ Theft,COMOROS,LPG,1° 2.73' N,103° 38.8' E,1.0455,103.646667,Straits of Malacca & Singapore,"Approximately 4.2 nm northwest from Pulau Cula (Indonesia), in the eastbound lane of the TSS",While Sailing,"T While underway, five perpetrators armed with metal rods were sighted in the engine room. The alarm was raised and all crew mustered to conduct a search. The crew members were accounted for and there were no injuries. Nothing was stolen from the ship. he master reported the incident to the Singapore VTIS. Safety navigational broadcast was initiated. The RSN’s MSTF and Singapore PCG were notified of the incident. Information of the incident was shared with the Indonesian authorities.",3,7,List of Incidents for 2024 (1).pdf,https://www.recaap.org/alerts
2024,24,2024-11-14,0346,Dara,Robbery/ Theft,LIBERIA,BULK CARRIER,1° 2.73' N,103° 38.8' E,1.0455,103.646667,Straits of Malacca & Singapore,"Approximately 4.2 nm northwest from Pulau Cula (Indonesia), in the eastbound lane of the TSS",While Sailing,"T While underway, one perpetrator armed with gun-like object was sighted on deck. The crew locked themselves in their cabins and conducted a search later during daylight. All crew members were accounted for and there were no injuries. The crew was unable to confirm if anything was stolen. he master reported the incident to the Singapore VTIS. Safety navigational broadcast was initiated. The RSN’s MSTF and Singapore PCG were notified of the incident. Information of the incident was shared with the Indonesian authorities.",3,7,List of Incidents for 2024 (1).pdf,https://www.recaap.org/alerts
2024,23,2024-11-14,0506,Saga Fjord,Robbery/ Theft,"HONG KONG, CHINA",GENERAL CARGO SHIP,1° 2.86' N,103° 38.36' E,1.047667,103.639333,Straits of Malacca & Singapore,"Approximately 4.3 nm northwest from Pulau Cula (Indonesia), in the eastbound lane of the TSS",While Sailing,"T While underway, seven to eight perpetrators were sighted in the engine room and workshop. They entered the engine room by breaking the lock of the aft steering room door. One of the robbers had a gun-like weapon and threatened the third engineer in the workshop. The master raised alarm and all crew mustered to conduct a search, but no perpetrator was found. Some tools and engine spare parts were reported stolen. The crew members were not injured. he master reported the incident to the Singapore VTIS. Safety navigational broadcast was initiated. The RSN’s MSTF and Singapore PCG were notified of the incident. Information of the incident was shared with the Indonesian authorities.",2,7,List of Incidents for 2024 (1).pdf,https://www.recaap.org/alerts
2024,26,2024-11-13,0420,Oshima Trader,Robbery/ Theft,PHILIPPINES,BULK CARRIER,1° 4.22' N,103° 41.17' E,1.070333,103.686167,Straits of Malacca & Singapore,"Approximately 2.3 nm northwest from Pulau Cula (Indonesia), in the eastbound lane of the TSS",While Sailing,"T While underway, three to four perpetrators were sighted in the engine room. Two people were armed with machetes and one person carried a gun-like object. The alarm was raised and all crew mustered at the bridge. The search was not conducted and the suspected perpetrators were still on board at that time. Singapore PCG later boarded the ship at anchorage and conducted a thorough search. But no perpetrators were found. All crew members were accounted for and there were no injuries. Some engine spares were stolen. he master reported the incident to the Singapore VTIS West. Safety navigational broadcast was initiated. The RSN’s MSTF and Singapore PCG were notified of the incident. Information of the incident was shared with the Indonesian authorities.",3,8,List of Incidents for 2024 (1).pdf,https://www.recaap.org/alerts
2024,28,2024-10-26,2342,AOM Bianca,Attempted,SINGAPORE,BULK CARRIER,1° 8.23' N,103° 45.39' E,1.137167,103.7565,Straits of Malacca & Singapore,"Approximately 6.7 nm northeast of Pulau Cula (Indonesia), in the eastbound lane of the TSS",While Sailing,"T T While underway, the deck rover heard some noise at the port side poop deck. Upon verifying using the Aldis lamp, he sighted one perpetrator planning to board the ship through a pole with a hook. The deck rover shouted at the perpetrator, who immediately jumped back to a small boat which another perpetrator manoeuvred away. he general alarm was raised and the crew carried out a thorough search to ensure no other perpetrator onboard the ship. Nothing was stolen and crew members were safe. he incident was reported to Singapore Vessel Traffic Information System (VTIS). Safety navigational broadcast was initiated. The Republic of Singapore Navy's (RSN) Maritime Security Task Force (MSTF) and Singapore Police Coast Guard (PCG) were notified of the incident.",NA,8,List of Incidents for 2024 (1).pdf,https://www.recaap.org/alerts
2024,29,2024-10-25,0100,GL La Paz,Robbery/ Theft,PANAMA,BULK CARRIER,1° 8' N,103° 30.6’ E,1.133333,,Straits of Malacca & Singapore,"Approximately 10.1 nm southeast of Pulau Iyu Kecil (Indonesia), in the eastbound lane of the TSS",While Sailing,"T While underway, four perpetrators armed with gun-like objects boarded the bulk carrier from a wooden boat. The perpetrators were thin and in T-shirts and brown short jeans. The duty oiler encountered them in the engine room and raised the alarm. The perpetrators pointed gun-like objects at the crew before escaping. Crew mustered and a search conducted onboard the ship. There was no damage to the ship and the crew was not injured. Some engine spares were stolen. he master reported the incident to IMB, and was relayed to Singapore PCG and Indonesian Marine Police HQ. Safety navigational broadcast was initiated. The RSN’s MSTF was also notified of the incident. Information of the incident was shared with the Indonesian authorities.",3,9,List of Incidents for 2024 (1).pdf,https://www.recaap.org/alerts
2024,30,2024-10-23,0015,Al Derwazah,Robbery/ Theft,KUWAIT,TANKER,1° 4.18' N,103° 41’ E,1.069667,,Straits of Malacca & Singapore,"Approximately 2.5 nm northwest of Pulau Cula (Indonesia), in the eastbound lane of the TSS",While Sailing,"T While underway, six perpetrators armed with knives were sighted in the engine room. One crew was threatened and his personal belongings, including a gold chain, tablet and mobile phone were robbed. The alarm was raised and crew mustered to conduct a search onboard the ship. No perpetrators were found. All crew members were accounted for. The crew was not injured. he master reported the incident to Singapore VTIS West. Safety navigational broadcast was initiated. The RSN’s MSTF and Singapore PCG were notified of the incident. Information of the incident was shared with the Indonesian authorities.",2,9,List of Incidents for 2024 (1).pdf,https://www.recaap.org/alerts
2024,33,2024-10-18,0055,Nyon,Robbery / Theft,MARSHALL ISLANDS,BULK CARRIER,1° 7.83' N,103° 29.42' E,1.1305,103.490333,Straits of Malacca & Singapore,"Approximately 4.6 nm east of Pulau Karimun Kecil (Indonesia), in the eastbound lane of the TSS",While sailing,"T T While underway, five perpetrators armed with knives were sighted in the engine room of the ship. The alarm was raised and all crew mustered to conduct a search. No perpetrators were found and nothing was stolen. All crew members were accounted for and safe. he incident was reported to Singapore VTIS West. Safety navigational broadcast was initiated. The RSN’s MSTF and Singapore PCG were notified of the incident. he PCG boarded the ship upon her arrival at Singapore Anchorage, and conducted a search. No perpetrators were found onboard. Information of the incident was shared with the Indonesian authorities.",3,10,List of Incidents for 2024 (1).pdf,https://www.recaap.org/alerts
2024,32,2024-10-18,0208,Aspasia Luck,Robbery / Theft,LIBERIA,BULK CARRIER,1° 7.88' N,103° 30.33' E,1.131333,103.5055,Straits of Malacca & Singapore,"Approximately 5.5 nm east of Pulau Karimun Kecil (Indonesia), in the eastbound lane of the TSS",While Sailing,"T U While underway, 10 perpetrators armed with knives were sighted in the engine room of the ship. The alarm was raised and crew mustered to conduct a search onboard the ship. No perpetrators were found and some engine spare parts were stolen. All crew members were accounted for without injury. he master reported the incident to Singapore VTIS West. Safety navigational broadcast was initiated. The RSN’s MSTF and Singapore PCG were notified of the incident. pon the ship’s arrival at Singapore Anchorage, PCG boarded the ship and conducted a thorough search onboard but did not find any perpetrators. Information of the incident was shared with the Indonesian authorities.",2,10,List of Incidents for 2024 (1).pdf,https://www.recaap.org/alerts
2024,34,2024-10-17,0215,BW Kestrel,Robbery / Theft,SINGAPORE,TANKER,3° 53.9' N,98° 48' E,3.898333,98.8,Indonesia (Ports/Anchorages),"Medan Anchorage, Indonesia",,"T At Anchor While at anchor, the duty AB noticed someone hiding in the hawse pipe and sighted a small boat near to the ship anchor chain. The duty AB immediately reported the sighting to the Officer of the Watch (OOW) and shouted at the boat man to deter the perpetrators. The duty AB retreated to the accommodation block and updated OOW. He subsequently spotted another perpetrator at the starboard winch holding a machete. The OOW raised ship alarm and announced via the PA system of the armed perpetrators onboard. The perpetrators then escaped from the ship. A search was conducted onboard. No suspicious person was discovered. All crew members were safe and some unsecured items were stolen. he incident was reported to the local agent and the ship’s security watch manning was increased from two to four men. Shore duty watchmen service was also engaged for the remaining days at Medan Anchorage. The company initiated an investigation into this incident.",3,10,List of Incidents for 2024 (1).pdf,https://www.recaap.org/alerts
2024,35,2024-10-16,0410,Genco Constellation,Robbery / Theft,MARSHALL ISLANDS,BULK CARRIER,5° 30.05' S,105° 17.25' E,-5.500833,105.2875,Indonesia (Ports/Anchorages),"Panjang Anchorage, Indonesia",,"At Anchor While at anchor, the ship was awaiting berthing instructions when the duty AB saw one perpetrator climbing the ship railing from aft poop deck. The duty AB shouted at the perpetrator and alerted the duty officer. On seeing the duty AB, the perpetrator jumped into the water and escaped in a small boat, with three other perpetrators in the boat. The duty officer immediately reported to the master and the VTS. The crew was not injured and old spare parts of generator were stolen. The incident was reported to Panjang VTS, and shared with the flag State.",4,11,List of Incidents for 2024 (1).pdf,https://www.recaap.org/alerts
2024,36,2024-10-12,0148,MV YM Advance,Robbery / Theft,MARSHALL ISLANDS,BULK CARRIER,21° 48.7' N,91° 47.9' E,21.811667,91.798333,Bangladesh (Ports/Anchorages),"Kutubdia Anchorage, Bangladesh",,"T At Anchor While at anchor, the local watchmen onboard noticed two perpetrators on the forward deck and raised the alarm. On hearing the alarm, the perpetrator escaped in a small boat. There were 10-12 perpetrators in total, among whom, two boarded the ship by throwing grapnel and rope. The crew and watchmen were safe, but two mobile phones were snatched and some ship property/stores were stolen. he incident was not reported to the BCG immediately. The BCG was informed of the incident four days later through IMB. An investigation was carried out by BCG.",2,11,List of Incidents for 2024 (1).pdf,https://www.recaap.org/alerts
2024,37,2024-10-02,0109,Torex,Robbery / Theft,COOK ISLANDS,TANKER,1° 4.74' N,103° 43.08' E,1.079,103.718,Straits of Malacca & Singapore,"Approximately 2.3 nm north of Pulau Cula (Indonesia), in the eastbound lane of the TSS",While Sailing,"T While underway, five perpetrators armed with knives were sighted boarding the stern of the ship, and in the engine room. The master raised the alarm and crew was mustered to conduct a search, but no perpetrators were found onboard. Some engine room spares were reported stolen from the engine room. The crew was not injured. No further assistance was required by the Master and the ship resumed her voyage to China. he master reported the incident to Singapore VTIS. Safety navigational broadcast was initiated. The RSN’s MSTF and Singapore PCG were notified of the incident. Information of the incident was shared with the Indonesian authorities.",3,11,List of Incidents for 2024 (1).pdf,https://www.recaap.org/alerts
2024,38,2024-09-30,0102,New Destiny,Robbery / Theft,MARSHALL ISLANDS,BULK CARRIER,1° 5.6' N,103° 43.7' E,1.093333,103.728333,Straits of Malacca & Singapore,"Approximately 3.3 nm north of Pulau Cula (Indonesia), in the eastbound lane of the TSS",While Sailing,"T U While sailing, five perpetrators with gun-like objects were sighted in the engine room. The crew was mustered and a search conducted, but no perpetrators were found. It could not be confirmed whether any property was stolen. The crew was not injured. he master reported the incident to the Singapore VTIS West. Safety navigational broadcast was initiated. The RSN’s MSTF and Singapore PCG were notified of the incident. pon the ship’s arrival at port of Singapore, the PCG boarded the ship and conducted a thorough search, and no perpetrators were found onboard. The information was also shared with the Indonesian authorities.",3,11,List of Incidents for 2024 (1).pdf,https://www.recaap.org/alerts
2024,39,2024-09-22,1830,Royal TB 17 & OB Royal 17,Robbery / Theft,INDONESIA,TUG BOAT & BARGE,4° 12.23' S,113° 49.62' E,-4.203833,113.827,Indonesia (Seas/Straits),"Approximately 47 nm south of Tanjung Malatayur, Central Kalimantan, Indonesia",While Sailing,"T O While the tug boat towing barge was enroute from Bagendang Port, Sampit, to Stagen Kotabaru, five perpetrators in a small boat approached the vessels. Four of the perpetrators boarded the barge, while one perpetrator waited in the small boat. The perpetrators, carrying firearms and sharp weapons, locked the crew members onboard the barge inside the toilet. he perpetrators then moved to the tug boat, where they threatened and restrained the master and crew in the mess room, binding them with plastic ropes. The perpetrators subsequently siphoned the FAME (Fatty Acid Methyl Ester) cargo onto a tanker, and also stole 21 mobile phones, cash amounting to approximately IDR 17,200,000, and navigational equipment such as a Furuno radar and binoculars. The perpetrators also damaged communication and navigational tools onboard the ship before they escaped. The incident lasted between eight and 10 hours. n 1 Nov 2024, it was reported that the Central Kalimantan Police had arrested 14 suspected perpetrators of the incident.",1,12,List of Incidents for 2024 (1).pdf,https://www.recaap.org/alerts
2024,42,2024-09-14,0020,Sea Voyager,Robbery / Theft,PANAMA,BULK CARRIER,1° 4.18' N,103° 37.07' E,1.069667,103.617833,Straits of Malacca & Singapore,"Approximately 5.9 nm northwest of Pulau Cula (Indonesia), in the eastbound lane of the TSS",While Sailing,"T T While underway, five perpetrators with knives were sighted in the steering room of the ship. The alarm was raised and all crew mustered to conduct a search to locate the perpetrators. The crew was not injured. Nothing was reported stolen from the ship. he incident was reported to Singapore VTIS. Safety navigational broadcast was initiated. The RSN’s MSTF and Singapore PCG were notified of the incident. he PCG boarded the ship upon her arrival at Singapore port and conducted a search. No perpetrators were found onboard. Information of the incident was shared with the Indonesian authorities.",3,13,List of Incidents for 2024 (1).pdf,https://www.recaap.org/alerts
2024,41,2024-09-14,0038,Target 10 & Alam 281,Robbery / Theft,MALAYSIA,TUG BOAT & BARGE,1° 15.25' N,104° 1.85' E,1.254167,104.030833,Malaysia (Seas/Straits),"Approximately 2.2 nm south of Pulau Mungging, within Johor Port Limit, Malaysia",While Sailing,"T While underway, the tug boat master reported that some scrap metal on its towing barge were taken away by perpetrators via a sampan. All crew mustered and a search was conducted. The crew members were safe. he incident was reported to Singapore VTIS. Safety navigational broadcast was initiated. The RSN’s MSTF and Singapore PCG were notified of the incident. Information of the incident was shared with the Malaysian and Indonesian authorities.",4,12,List of Incidents for 2024 (1).pdf,https://www.recaap.org/alerts
2024,40,2024-09-14,0125,Atlantic Tiger,Robbery / Theft,MARSHALL ISLANDS,BULK CARRIER,1° 15.25' N,103° 38.85' E,1.254167,103.6475,Straits of Malacca & Singapore,"Approximately 4 nm northwest of Pulau Cula (Indonesia), in the eastbound lane of the TSS",While Sailing,"T T While underway, six to seven perpetrators were sighted in the vicinity of port quarter of the ship. All crew mustered to conduct a search. The crew was not injured. Engine spares were stolen from the ship. he incident was reported to Singapore VTIS. Safety navigational broadcast was initiated. The Republic of RSN’s MSTF and Singapore PCG were notified of the incident. he PCG boarded the ship upon her arrival at Singapore Port, and conducted a search. No perpetrators were found onboard. Information of the incident was shared with the Indonesian authorities.",4,12,List of Incidents for 2024 (1).pdf,https://www.recaap.org/alerts
2024,43,2024-08-27,2320,Lucky Long,Robbery / Theft,PANAMA,BULK CARRIER,1° 15.25' N,104° 1.85' E,1.254167,104.030833,Straits of Malacca & Singapore,"Approximately 4.2 nm from Pulau Nongsa Lighthouse (Indonesia), in the eastbound lane of the TSS",While Sailing,"S U While underway, five perpetrators, of which two carried knives/parang, were sighted in the engine room. Officer on watch raised the alarm and mustered crew to conduct a search to locate the perpetrators. The master reported that all crew were accounted for with no injury reported, and incident was generator spares were found missing. The reported to the Singapore VTIS East. The ship resumed her voyage to Singapore. afety navigational broadcast was initiated. The RSN’s MSTF and Singapore PCG were notified of the incident. Information of the incident was shared with the Indonesian authorities. pon the ship's arrival at port of Singapore, the PCG boarded the ship, conducted a thorough search onboard. No perpetrators were found.",3,13,List of Incidents for 2024 (1).pdf,https://www.recaap.org/alerts
2024,44,2024-08-23,1230,Jin Hwa 49 & Jin Hwa 39,Robbery / Theft,MALAYSIA,TUG BOAT & BARGE,1° 17.02' N,104° 8.62' E,1.283667,104.143667,Straits of Malacca & Singapore,"Approximately 3.6 nm southeast of Tanjung Setapa (Malaysia), in the westbound lane of the TSS",While Sailing,"T While underway, seven unauthorised personnel from two sampans (small boats) boarded the barge. The perpetrators left with some scrap metal from the barge. The crew was not injured and no assistance was required. he incident was reported to the Singapore VTIS East. Safety navigational broadcast was initiated. The RSN's MSTF and Singapore PCG were notified of the incident.",4,13,List of Incidents for 2024 (1).pdf,https://www.recaap.org/alerts
2024,45,2024-08-11,0445,Aphrodite L,Robbery / Theft,LIBERIA,BULK CARRIER,1° 4.8' N,103° 42.8' E,1.08,103.713333,Straits of Malacca & Singapore,"Approximately 2.6 nm north of Pulau Cula (Indonesia), in the eastbound lane of the TSS",While Sailing,"T While underway, two perpetrators were sighted at the poop deck. Upon being sighted by the crew, the perpetrators jumped overboard. The ship general alarm was raised and crew mustered to conduct a search. No perpetrators found and no loss of property. All crew members were safe. he incident was reported to Singapore VTIS. Safety navigational broadcast was initiated. The RSN’s MSTF and Singapore PCG were notified of the incident. The PCG boarded the ship at Singapore anchorage to conduct a security search and investigation, and reported no perpetrators found onboard, and no property stolen. Information of the incident was shared with the Indonesian and Malaysian authorities.",4,13,List of Incidents for 2024 (1).pdf,https://www.recaap.org/alerts
2024,46,2024-08-06,0120,Ultra Colonsay,Robbery / Theft,PANAMA,BULK CARRIER,1° 3.1' N,103° 38.3' E,1.051667,103.638333,Straits of Malacca & Singapore,"Approximately 4.3 nm from Pulau Cula (Indonesia), in the eastbound lane of the TSS",While Sailing,"T While underway, five to six perpetrators with knives were sighted in the engine room. The ship's general alarm was raised and crew mustered to conduct a search. Upon hearing the alarm, the perpetrators escaped. The perpetrators had tied the Chief Engineer's (CE) hands and feet with rope, but the CE managed to free himself after the perpetrators had escaped. Some engine spare parts and the Chief Engineer’s cellphone were stolen. All crew members were safe. he incident was reported to Singapore VTIS. Navtex broadcast was initiated to alert other vessels in the area to exercise caution and step up anti-piracy watch. The Singapore PCG boarded the ship when at anchorage and reported no perpetrators were found onboard. Information of the incident was shared with the MRCCs of Indonesia and Malaysia.",2,14,List of Incidents for 2024 (1).pdf,https://www.recaap.org/alerts
2024,47,2024-08-05,1705,HK Tug 3 & LKH 3883,Robbery / Theft,SINGAPORE,TUG BOAT & BARGE,1° 15.43' N,104° 11.5' E,1.257167,104.191667,Straits of Malacca & Singapore,"Off Tanjung Tondong (Indonesia), in the eastbound lane of the TSS",While Sailing,"T While underway, several small boats carrying an unknown number of perpetrators approached and boarded the barge. They transferred scrap metal from the barge to the small boats and the perpetrators left after about half an hour later. Scrap metal was stolen from the barge. The crew was safe. he incident was reported to Singapore Port Operations Control Centre (POCC).",4,14,List of Incidents for 2024 (1).pdf,https://www.recaap.org/alerts
2024,48,2024-08-04,0300,Spec Nichole,Robbery / Theft,LIBERIA,SUPPLY VESSEL,1° 9.69' N,103° 57.7' E,1.1615,103.961667,Indonesia (Ports/Anchorages),"Pulau Batam Anchorage, Indonesia",,"At Anchor While anchored, two unauthorised persons boarded the ship later and escaped with ship’s properties. The theft was discovered in the morning by the crew.",4,14,List of Incidents for 2024 (1).pdf,https://www.recaap.org/alerts
2024,50,2024-07-29,0215,Berge Mauna Loa,Robbery / Theft,ISLE OF MAN,BULK CARRIER,1° 3.8' N,103° 40.1' E,1.063333,103.668333,Straits of Malacca & Singapore,"About 3.2 nm north west of Pulau Cula (Indonesia), in the eastbound lane of the TSS",While Sailing,"T in the While underway, three perpetrators were sighted steering gear room. The perpetrators escaped upon the activation of the ship's general alarm. A search was conducted with no further sighting of the perpetrators. Nothing was stolen and all crew members were safe. he incident was reported to Singapore VTIS. Safety navigational broadcast was initiated. The RSN's MSTF and Singapore PCG were notified of the incident. The PCG boarded the vessel upon her arrival at the Port of Singapore and conducted a thorough search. No perpetrators were found on board. Information of the incident was shared with the Indonesian authorities.",4,14,List of Incidents for 2024 (1).pdf,https://www.recaap.org/alerts
2024,49,2024-07-29,0512,Thisseas,Robbery / Theft,LIBERIA,BULK CARRIER,1° 3.5' N,103° 40.6' E,1.058333,103.676667,Straits of Malacca & Singapore,"Approximately 2.3 nm northwest of Pulau Cula (Indonesia), in the eastbound lane of the TSS",While Sailing,"T While underway, five perpetrators with knives were sighted at the poop deck. The perpetrators escaped upon the activation of the ship's general alarm. A search was conducted with no further sighting of the perpetrators. Nothing was stolen and all crew members were safe. he incident was reported to Singapore VTIS. Safety navigational broadcast was initiated. The RSN’s MSTF and Singapore PCG were notified of the incident. The PCG boarded the vessel upon her arrival at the Port of Singapore and conducted a thorough search. No perpetrators were found onboard. Information of the incident was shared with the Indonesian authorities.",3,14,List of Incidents for 2024 (1).pdf,https://www.recaap.org/alerts
2024,51,2024-07-23,0105,Corinna,Robbery / Theft,GREECE,BULK CARRIER,1° 5.6' N,103° 43.1' E,1.093333,103.718333,Straits of Malacca & Singapore,"Approximately 3.19 nm north of Pulau Cula (Indonesia), in the eastbound lane of the TSS",While Sailing,"T While underway, five perpetrators with knives were sighted at the entrance of the ship’s engine room. The alarm was raised and all crew mustered to conduct a search. The crew was not injured. Engine spare parts were stolen from the ship. he incident was reported to Singapore VTIS. Safety navigational broadcast was initiated. The RSN's MSTF and Singapore PCG were notified of the incident. The PCG boarded the vessel at Singapore anchorage and reported no abnormalities and no perpetrators found onboard. Information of the incident was shared with the Indonesian authorities.",3,15,List of Incidents for 2024 (1).pdf,https://www.recaap.org/alerts
2024,52,2024-07-21,0340,Earth Harmony,Robbery / Theft,PANAMA,BULK CARRIER,3° 26' N,99° 27' E,3.433333,99.45,Indonesia (Ports/Anchorages),"Kuala Tanjung Anchorage, Indonesia",,"At Anchor While anchored, three perpetrators armed with long knives boarded the ship. They entered the engine room, took the duty engine crew hostage and tied him up. Before leaving the ship, they stole the ship’s engine spares, released the duty crew and escaped. The alarm was raised, the crew mustered and the incident was reported to the Port Facility through the agent.",3,15,List of Incidents for 2024 (1).pdf,https://www.recaap.org/alerts
2024,53,2024-07-16,0230,Wadi Feran,Robbery / Theft,EGYPT,BULK CARRIER,1° 5' N,103° 43.2' E,1.083333,103.72,Straits of Malacca & Singapore,"Approximately 1.3 nm from Pulau Takong Light (Indonesia), in the eastbound lane of the TSS",While Sailing,"T While underway, five perpetrators armed with knives and guns were sighted in the engine room. The ship general alarm was raised and crew mustered. A search was conducted. All crew members were accounted for, no injury to crew and no assistance required. he master reported the incident to Singapore VTIS. Safety navigational broadcast was initiated. Singapore PCG boarded the ship on her arrival at the anchorage and completed the search. No perpetrators were found. The RSN’s MSTF was also notified. Information of the incident was shared with the Indonesian and Malaysian authorities.",2,15,List of Incidents for 2024 (1).pdf,https://www.recaap.org/alerts
2024,54,2024-07-15,1640,HK Tug 9 & LKH 2882,Robbery / Theft,SINGAPORE,TUG BOAT & FLAT TOP DECK CARGO BARGE,1° 16.1' N,104° 13.37 E,1.268333,104.222833,Straits of Malacca & Singapore,"Approximately 7.5 nm of Tanjung Tondong, Indonesia, in the eastbound lane of the TSS",While Sailing,"T T While the tug boat towing barge was underway from Jurong Port, Singapore to Cigading, Indonesia, three small boats carrying 10 perpetrators approached and boarded the barge at about 1620 hrs hey transferred scrap metals from the barge onto their boats. The perpetrators stopped and fled when they sighted a RSN warship in the vicinity at around 1650 hrs. However, at around 1720 hrs after the RSN warship left the vicinity, the boats returned to the barge to steal more scrap metals. No injury or damage to the barge or the tug boat was reported. Scrap metals were stolen from the barge. The crew was safe. he incident was reported to the VTIS East.",4,15,List of Incidents for 2024 (1).pdf,https://www.recaap.org/alerts
2024,55,2024-07-08,0410,Orihime,Robbery / Theft,JAPAN,BULK CARRIER,1° 3.58' N,103° 39.46' E,1.059667,103.657667,Straits of Malacca & Singapore,"Approximately 3.4 nm from Pulau Cula (Indonesia), in the eastbound lane of the TSS",While Sailing,"A S While underway, the master reported to Singapore VTIS that four perpetrators were sighted at ship's stern. The master raised the alarm and all ship crew were mustered to conduct a search onboard. At about 0540 hrs, the ship reported that all crew were accounted for with no injury, nothing was stolen from the ship and no assistance was required. The ship was enroute from Tubarao, Brazil to Singapore. safety navigational broadcast was initiated. The RSN’s MSTF and Singapore PCG were notified of the incident. Information of the incident was shared with the Indonesian and Malaysian authorities. ingapore PCG boarded the ship at Singapore anchorage and reported no perpetrators found onboard.",4,16,List of Incidents for 2024 (1).pdf,https://www.recaap.org/alerts
2024,56,2024-06-27,0312,Ivestos 8,Robbery / Theft,LIBERIA,BULK CARRIER,1° 10.48' N,103° 28.71' E,1.174667,103.4785,Straits of Malacca & Singapore,"Approximately 7.7 nm from Pulau Iyu Kecil (Indonesia), in the precautionary area of the TSS",While Sailing,"T A While underway, the master reported to Singapore VTIS that one perpetrator was sighted in the steering gear room. he alarm was raised and all crew mustered to conduct search onboard the ship. The master declared nothing was stolen, the crew was safe and no further assistance required. The ship was enroute from Santos, Brazil to pick up her pilot from Tanjung Pelepas, Malaysia. safety navigational broadcast was initiated. The RSN’s MSTF and Singapore PCG were notified. Information of the incident was shared with the Indonesian and Malaysian authorities.",4,16,List of Incidents for 2024 (1).pdf,https://www.recaap.org/alerts
2024,57,2024-06-25,0300,Dongbang Giant No. 6,Robbery / Theft,REPUBLIC OF KOREA,HEAVY TRANSPORT VESSEL,1° 6.9' N,104° 10.6' E,1.115,104.176667,Indonesia (Ports/Anchorages),"Kabil Anchorage, Indonesia",,"T At Anchor While anchored, two perpetrators boarded the ship, stole engine spare parts and escaped. The alarm was raised and crew mustered. The crew was not injured. he incident was reported to Vessel Traffic Service (VTS) and Indonesian authorities boarded the ship for investigation.",4,16,List of Incidents for 2024 (1).pdf,https://www.recaap.org/alerts
2024,60,2024-06-15,0001,Belatlantic,Attempted,NORWAY,BULK CARRIER,22° 19' N,91° 44' E,22.316667,91.733333,Bangladesh (Ports/Anchorages),"Anchorage area ‘A’, Chattogram Anchorage, Bangladesh",,"At Anchor While anchored, the watchman and duty crew spotted six perpetrators attempting to board the ship through the chain hawse pipe from a small boat. Upon realising the crew had been alerted, the perpetrators aborted the attempt and escaped immediately.",NA,17,List of Incidents for 2024 (1).pdf,https://www.recaap.org/alerts
2024,59,2024-06-15,0210,Ivestos 9,Robbery / Theft,LIBERIA,BULK CARRIER,1° 2.5' N,103° 38.37' E,1.041667,103.6395,Straits of Malacca & Singapore,"Approximately 4.4 nm from Pulau Cula (Indonesia), in the eastbound lane of the TSS",While Sailing,"T While underway, the engine crew sighted four perpetrators armed with knives in the engine room and notified the watch officer on the bridge immediately. The bridge officer raised the alarm. The perpetrators escaped upon realising the crew had been alerted. The crew was mustered and a search onboard was conducted. No perpetrators were found and some engine spares were stolen. The crew was not injured. he master reported the incident to Singapore POCC via email. A safety navigational broadcast was initiated. The RSN’s MSTF and Singapore PCG were notified. Information of the incident was shared with the Indonesian authorities.",3,17,List of Incidents for 2024 (1).pdf,https://www.recaap.org/alerts
2024,58,2024-06-15,2012,Fairchem Conquest,Attempted,PANAMA,BULK CARRIER,1° 14.5' N,104° 3.5' E,1.241667,104.058333,Straits of Malacca & Singapore,"Approximately 3 nm north of Pulau Batam (Indonesia), in the eastbound lane of the TSS",While Sailing,"While underway, the bridge team sighted a suspicious boat on its port bow with very dim lighting. The ship altered its course to starboard to keep a safe distance from the boat. However, at a distance of about 1.5 miles, the boat suddenly started flashing lights and accelerated, making a desperate attempt to board the ship. The ship performed evasive manoeuvres to deter the boarding attempt, and immediately notified Singapore VTIS East. Upon sighting a RSN ship in the vicinity, the small boat aborted its attempt and moved away from the ship. The ship had implemented additional lookout measures to monitor for suspicious boats as part of its security measures.",NA,16,List of Incidents for 2024 (1).pdf,https://www.recaap.org/alerts
2024,61,2024-06-11,0312,Santa Regina,Robbery / Theft,PANAMA,BULK CARRIER,1° 3.4' N,103° 37.5' E,1.056667,103.625,Straits of Malacca & Singapore,"Approximately 5.3 nm west of Pulau Cula (Indonesia), in the eastbound lane of the TSS",While Sailing,"A T While underway, six perpetrators armed with knives entered the engine room through the steering gear door, tied up two crew (oilers) in the engine room workshop and stole the engine spares. n engineer discovered the tied-up crew and informed the master. The master raised alarm and crew mustered. Search was conducted with no further sighting of the perpetrators. he master reported the incident through his agent to Singapore POCC via email. The RSN’s MSTF and Singapore PCG were informed. Information of the incident was shared with the Indonesian authority.",2,17,List of Incidents for 2024 (1).pdf,https://www.recaap.org/alerts
2024,62,2024-06-10,0435,G.B. Corrado,Robbery / Theft,BAHAMAS,BULK CARRIER,1° 8.3' N,103° 28.9' E,1.138333,103.481667,Straits of Malacca & Singapore,"Approximately 15 nm west of Pulau Cula (Indonesia), in the precautionary area of the TSS",While Sailing,"T While underway, the ship engineer sighted four perpetrators armed with knives in the engine room. The master raised the alarm and mustered the crew. A search was conducted and some engine spares were missing. The crew was not injured. he master reported the incident through his local agent via email to Singapore POCC. A safety navigational broadcast was initiated. The RSN’s MSTF and Singapore PCG was notified. Information about the incident was shared with the Indonesian authority.",3,17,List of Incidents for 2024 (1).pdf,https://www.recaap.org/alerts
2024,63,2024-06-05,0030,Avatar Courage,Robbery / Theft,SINGAPORE,TUG/SUPPLY VESSEL,1° 9.47' N,103° 58.54' E,1.157833,103.975667,Indonesia (Ports/Anchorages),"Pulau Batam Anchorage, Indonesia",,"T T At Anchor While anchored, the duty able bodied (AB) spotted three perpetrators armed with long knives at the starboard rescue zone of the ship. The perpetrators were suspected to board the ship with ropes and ship fenders. he perpetrators attempted to attack the AB but he managed to escape and ran into the ship accommodation block with the door locked from inside. The AB reported the incident to the duty bridge officer, who raised the general alarm and announced via the PA system about the armed perpetrators onboard. All crew were called to assemble at the navigation bridge. The ship security officer alerted the Batam VTS and the Company Security Officer (CSO) to request for immediate assistance. he Indonesian Navy and Coast Guard arrived at 0150 hrs and 0210 hrs respectively, but no perpetrator was found onboard. The Indonesian Navy then continued to escort the vessel until daylight hour. The crew was not injured and nothing was stolen.",3,18,List of Incidents for 2024 (1).pdf,https://www.recaap.org/alerts
2024,64,2024-05-29,1920,AAL Merkur,Robbery / Theft,LIBERIA,GENERAL CARGO SHIP,10° 12' N,107° 3' E,10.2,107.05,Vietnam (Ports/Anchorages),"Phu My Anchorage, Vietnam",,"T At Anchor While anchored, a duty ordinary seaman (OS) patrolling the forecastle area spotted a perpetrator climbing over the ship railings using a rope. He wore a dark blue t-shirt and pants. The duty OS shouted at the perpetrator immediately, and reported to the OOW. The perpetrator jumped back immediately into a wooden boat, with two other perpetrators in the boat, and escaped. Nothing was stolen. he master reported the incident to local VTS via Channel 16, as well as the CSO.",4,18,List of Incidents for 2024 (1).pdf,https://www.recaap.org/alerts
2024,66,2024-05-25,0210,Irvine Bay,Robbery / Theft,"HONG KONG, CHINA",BULK CARRIER,1° 42' N,101° 29' E,1.7,101.483333,Indonesia (Ports/Anchorages),"Dumai Anchorage, Indonesia",,"T At Anchor While anchored, four perpetrators armed with knives and iron bars boarded the bulk carrier from a wooden craft. Three of the perpetrators wore long-sleeved black tops, pants and caps, while one perpetrator wore a half-sleeved t-shirt and shorts. The perpetrators stole ship’s engine spares and escaped. The crew was not injured. he incident was reported to Dumai VTS via VHF and the agent registered a complaint with the police. The local police boarded the ship and investigation is in progress.",3,18,List of Incidents for 2024 (1).pdf,https://www.recaap.org/alerts
2024,68,2024-05-21,0512,GCL Leader,Robbery / Theft,LIBERIA,BULK CARRIER,1° 2.8' N,103° 39.7' E,1.046667,103.661667,Straits of Malacca & Singapore,"Approximately 3 nm west of Pulau Cula (Indonesia), in the eastbound lane of the TSS",While Sailing,"S T While underway, the master reported to Singapore VTIS on VHF that five perpetrators armed with knives were sighted in the steering gear room, with the oiler being restrained. The alarm was raised and crew mustered. All crew members were accounted for, with no injury to crew and no assistance required. Some engine spare parts were stolen. afety navigational broadcast was initiated. The RSN’s MSTF and Singapore PCG were notified. Information was shared with the Indonesian authority. he ship proceeded to Singapore anchorage to pick up pilot. Upon the ship’s arrival, Singapore PCG conducted an inspection onboard.",2,19,List of Incidents for 2024 (1).pdf,https://www.recaap.org/alerts
2024,67,2024-05-21,1613,Marvel 3 & Seronggong 8,Robbery / Theft,MALAYSIA,TUG BOAT & BARGE,1° 30.16' N,104° 31.37' E,1.502667,104.522833,South China Sea,"Approximately 5.23 nm from Tompok Utara Beacon, Malaysia",While Sailing,"S While the tug boat towing barge was underway, perpetrators in five small boats came alongside and boarded the barge. The alarm was raised and the crew was instructed to stay within the accommodation. The master reported the incident to Singapore VTIS. At about 1745 hrs, the perpetrators left the barge with some scrap metals and escaped in their boats. The crew was not injured. afety navigational broadcast was initiated. The RSN’s MSTF and Singapore PCG were notified. Information of the incident was shared with the Indonesian and Malaysian authorities.",4,19,List of Incidents for 2024 (1).pdf,https://www.recaap.org/alerts
2024,69,2024-05-15,0415,Murou,Robbery / Theft,PANAMA,GENERAL CARGO SHIP,1° 42' N,101° 28' E,1.7,101.466667,Indonesia (Ports/Anchorages),"Dumai Anchorage, Indonesia",,"At Anchor While anchored and awaiting cargo, a deck officer on watch duty spotted a small boat alongside the port stern of the ship. At the same time, three perpetrators were seen near the funnel. The deck officer shouted at the perpetrators immediately and reported to the duty officer, who informed the master. The alarm was sounded and an announcement was made about the presence of the perpetrators onboard. The duty officer subsequently noticed the three perpetrators jumping off the ship and escaped in the small boat. All crew members were safe and nothing was stolen.",4,19,List of Incidents for 2024 (1).pdf,https://www.recaap.org/alerts
2024,70,2024-05-13,0520,Largo Eden,Robbery / Theft,LIBERIA,OIL / CHEMICAL / GAS TANKER,22° 17' N,91° 43' E,22.283333,91.716667,Bangladesh (Ports/Anchorages),"Chattogram Anchorage A20, Bangladesh",,"T At Anchor While anchored, the AB on rounds spotted movement on the poop deck and raised the alarm. The shore watchmen were found tied, who reported six perpetrators had boarded the ship and escaped into the water. The paint store lock was found broken, and paint drums, messenger rope and heaving line were stolen. he incident was reported to the local authorities including the port control, Bangladesh Coast Guard (BCG) and Bangladesh Navy. BCG investigated the incident, and conducted combing operations in the vicinity and shore areas. The perpetrators were apprehended, all stolen items recovered and will be handed over to the ship.",3,19,List of Incidents for 2024 (1).pdf,https://www.recaap.org/alerts
2024,71,2024-05-10,0332,ESL Dachan Bay,Robbery / Theft,PORTUGAL,CONTAINER SHIP,14° 35.69' N,120° 50.67' E,14.594833,120.8445,Philippines (Ports/Anchorages),"Manila International Container Terminal (MICT), Phiilippines",,"T At Anchor While anchored, two perpetrators boarded the ship at the forecastle. The 2nd Mate spotted the perpetrators and raised the alarm. A check was conducted of the ship’s equipment and items including cables, normal grinders, brass nozzle pieces, a heavy duty cutter, a drill machine, an inverter welding machine and a heavy-duty grinder were found stolen. The crew was not injured. he incident was reported to the PCG and Philippine Port Authority. The Philippine authorities proceeded to location of the ship immediately and verified the veracity of the report. The Philippine authorities conducted follow-up operations at nearby junkshop, where the perpetrators reportedly sold the stolen items.",4,20,List of Incidents for 2024 (1).pdf,https://www.recaap.org/alerts
2024,75,2024-04-14,0247,Solar Roma,Robbery / Theft,LIBERIA,PRODUCT TANKER,1° 17.96' S,116° 47.93' E,-1.299333,116.798833,Indonesia (Ports/Anchorages),"Balikpapan Anchorage, Indonesia",,"At Anchor While anchored, four perpetrators boarded the ship through the anchor chain. They broke into the forecastle store and escaped with ship stores and properties. The crew was mustered and a search onboard the ship was conducted. The incident was reported to Balikpapan port control.",4,21,List of Incidents for 2024 (1).pdf,https://www.recaap.org/alerts
2024,74,2024-04-14,0247,Casanova,Robbery / Theft,BAHAMAS,BULK CARRIER,1° 4.47' N,103° 40.72' E,1.0745,103.678667,Straits of Malacca & Singapore,"Approximately 3 nm from Takong Kecil Light, (Indonesia), in the eastbound lane of the TSS",While Sailing,"T T S While underway, the master reported to Singapore VTIS that the 3rd engineer sighted five perpetrators in the engine room. Some of the perpetrators were reportedly armed with gun- like objects. he master raised the alarm, and mustered the crew. A ship search was conducted and completed at 0405 hrs, and all crew accounted for with no injuries. The master was unable to ascertain any loss of property. he master indicated that no further assistance was required, and continued its journey to Song Duong, Vietnam. afety navigational broadcast was initiated. The RSN’s MSTF and Singapore PCG were notified. Information was shared with the Indonesian authority.",3,21,List of Incidents for 2024 (1).pdf,https://www.recaap.org/alerts
2024,73,2024-04-14,1020,Bongawan 9 & Hexagro 9,Robbery / Theft,MALAYSIA,TUG BOAT & BARGE,1° 18.59' N,104° 15.77' E,1.309833,104.262833,Straits of Malacca & Singapore,"Approximately 4.3 nm east of Tanjung Penyusop, (Malaysia), in the westbound lane of the TSS",While Sailing,"A S While underway, the master reported to Singapore VTIS East via VHF Channel 10, that he sighted three to four perpetrators alongside the unmanned barge in three sampans. The master raised the alarm and mustered the crew. t 1040 hrs, the master reported that the perpetrators left the barge. The master further reported that some scrap metals were stolen from the barge. All crew members were accounted for with no injuries, and no assistance required. afety navigational broadcast was initiated. The RSN’s MSTF and Singapore PCG were notified. Information was shared with the Malaysian authority.",4,20,List of Incidents for 2024 (1).pdf,https://www.recaap.org/alerts
2024,76,2024-04-08,0045,Maersk Chattogram,Robbery / Theft,SINGAPORE,CONTAINER SHIP,21° 9' N,91° 7' E,21.15,91.116667,Bangladesh (Ports/Anchorages),"Chattogram Outer Anchorage, Bangladesh",At Anchor While,"T B anchored, the duty watchman noticed two perpetrators onboard the deck, and managed to escape onboard a country boat. Upon inspection, it was found out that 600 litres of paint, 150 metres of safety chain, 16 pieces of brass fire hydrant caps, and 2 pieces of fire hoses were stolen. he incident was immediately reported to the Bangladesh Coast Guard and Port Control Authority. The crew was not injured. angladesh Coast Guard carried out patrol in the incident area, and recovered all stolen ships items and handed over to the ship master. It is recommended and advised for all ships, low draft ships, and tug boats heading towards Bangladesh ports and territorial waters, to maintain communication with law enforcement agencies (LEAs) through HF/ VHF channels 12 and 16 for help.",4,21,List of Incidents for 2024 (1).pdf,https://www.recaap.org/alerts
2024,77,2024-04-06,1645,Danum 53 & Linau 135,Robbery / Theft,MALAYSIA,TUG BOAT & BARGE,1° 18.59' N,104° 15.77' E,1.309833,104.262833,Straits of Malacca & Singapore,"South of Tanjung Ramunia, Johor, (Malaysia), in the westbound lane of the TSS",While Sailing,"T While the tug boat towing barge was underway, the master noticed a sampan alongside the barge. Three perpetrators were seen leaving the barge with some copper coils and fibre boards. The crew was mustered and accounted for. The crew was not injured. The tug boat and barge last port of call was Bintulu, Sarawak, East Malaysia and was bound for Singapore Pilot Eastern Boarding Ground “A”. he master reported to Singapore Vessel Traffic Information System (VTIS) East. Safety navigational broadcast was initiated. The RSN’s MSTF and Singapore PCG were notified. Information was shared with the Malaysian authorities.",4,21,List of Incidents for 2024 (1).pdf,https://www.recaap.org/alerts
2024,78,2024-04-04,0110,Shakespeare Bay,Robbery / Theft,"HONG KONG, CHINA",BULK CARRIER,3° 22.31' N,99° 28.22' E,3.371833,99.470333,Indonesia (Ports/Anchorages),"Kuala Tanjung Port, Indonesia",At Berth,"T T T While berthed, three perpetrators armed with long knives and special tools boarded the ship and entered the engine room from funnel door. he funnel door was locked on from inside and outside, but the perpetrators managed to open the door by using special tools, forced open the lashing chain and lock, before entering the engine room from the funnel door. he perpetrators stole auxiliary engine spare parts before they escaped. The crew was not injured. he master and crew relayed the details of the incident to the shipping agent, who in turn reported to the authorities.",3,22,List of Incidents for 2024 (1).pdf,https://www.recaap.org/alerts
2024,79,2024-03-30,0045,ASL Leban,Attempted,MARSHALL ISLANDS,GENERAL CARGO SHIP,22° 14' N,91° 42' E,22.233333,91.7,Bangladesh (Ports/Anchorages),"Chattogram Anchorage, Bangladesh",,"At Anchor While anchored, the crew noticed three perpetrators in a boat attempting to board the ship using a rope and hook. The alarm was raised and crew was mustered. Upon realising the crew was alerted, the perpetrators aborted the attempt. Nothing was stolen and the crew was not injured.",NA,22,List of Incidents for 2024 (1).pdf,https://www.recaap.org/alerts
2024,80,2024-03-29,2358,George Island,Robbery / Theft,LIBERIA,BULK CARRIER,1° 3.43' N,103° 39.22' E,1.057167,103.653667,Straits of Malacca & Singapore,"Approximately 4.9 nm from Takong Lighthouse (Indonesia), in the eastbound lane of the TSS",While Sailing,"S U While underway, the master reported to Singapore VTIS West that three perpetrators armed with knives were sighted in the engine room. The master raised the alarm and mustered crew on the bridge. A search onboard the ship was conducted and at 0118 hrs, the master reported that no perpetrators were found and nothing was stolen. All crew members were accounted for with no reported injury. The ship was en-route to PEBGB. afety navigational broadcast was initiated. The RSN’s MSTF and Singapore PCG were notified. pon the ship’s arrival in Singapore, the Singapore PCG boarded the ship and conducted a thorough search onboard, but no perpetrators were found.",3,22,List of Incidents for 2024 (1).pdf,https://www.recaap.org/alerts
2024,81,2024-03-28,0325,Viva Cosmos,Robbery / Theft,PANAMA,BULK CARRIER,21° 48.7' N,91° 47.9' E,21.811667,91.798333,Bangladesh (Ports/Anchorages),"Chattogram Anchorage, Bangladesh",,"At Anchor While anchored, eight perpetrators armed with knives boarded the bulk carrier. The alarm was raised, crew mustered, and a search onboard the ship was conducted. Upon realising the crew had been alerted, the perpetrators escaped with stolen ship store. All crew members were safe.",2,22,List of Incidents for 2024 (1).pdf,https://www.recaap.org/alerts
2024,82,2024-03-26,1430,Dark Knight & Ambur,Robbery / Theft,PALAU,TUG BOAT & DRILL SHIP,1° 24.35' N,103° 13.98' E,1.405833,103.233,Straits of Malacca & Singapore,"Off Pisang Island (Malaysia), in the westbound lane of the TSS",While Sailing,"T A While the tug boat towing drill ship was underway, the crew noticed four perpetrators had boarded the unmanned drill ship from a small fishing boat via the excess ladder on starboard side. he general alarm was sounded, and the master reported and requested for assistance from Klang VTS. The incident was also reported to the CSO. Coast Guard patrol boat searched around the drill ship but the perpetrators had already escaped. Nothing was stolen and the crew was not injured.",4,22,List of Incidents for 2024 (1).pdf,https://www.recaap.org/alerts
2024,84,2024-03-06,0030,Apiradee Naree,Robbery / Theft,SINGAPORE,BULK CARRIER,1° 6.68' N,103° 44.95' E,1.111333,103.749167,Straits of Malacca & Singapore,"Approximately 4.8 nm from Pulau Cula (Indonesia), in the eastbound lane of the TSS",While Sailing,"U While underway, the Junior Engineer (JE) and oiler spotted three perpetrators armed with metal rods onboard the ship during their routine checks around the engine room. The JE and oiler notified the bridge of the sighting immediately and the general alarm was activated. All crew members except the engine room staff were mustered at the bridge, while the engine room staff locked themselves in the engine control room. pon hearing the alarm, the three perpetrators escaped immediately via the starboard quarter of the ship. Nothing was stolen and the crew was not injured.",3,23,List of Incidents for 2024 (1).pdf,https://www.recaap.org/alerts
2024,83,2024-03-06,0035,Yangtze Crown,Robbery / Theft,MARSHALL ISLANDS,BULK CARRIER,1° 3.33' N,103° 40.23' E,1.0555,103.6705,Straits of Malacca & Singapore,"Approximately 2.6 nm northwest of Pulau Cula (Indonesia), in the eastbound lane of the TSS",While Sailing,"T U While underway, the master reported that the crew sighted three perpetrators in the steering gear room. The master raised the alarm and mustered the crew to carry out a search. At 0115 hrs, the master reported that the search had been concluded. All crew members were accounted for, and there was no report of injuries. Some engine spare parts were stolen, and no further assistance was required. he master reported the incident to Singapore VTIS. Safety navigational broadcast was initiated. The RSN’s MSTF and Singapore PCG were notified. Information of the incident was shared with the Indonesian authorities. pon the ship's arrival at Singapore port, the Singapore PCG boarded the ship and conducted a thorough search onboard, but no perpetrators were found.",4,23,List of Incidents for 2024 (1).pdf,https://www.recaap.org/alerts
2024,85,2024-03-04,0250,Alpha Hope,Robbery / Theft,MARSHALL ISLANDS,BULK CARRIER,1° 7.63' N,103° 31.5' E,1.127167,103.525,Straits of Malacca & Singapore,"Approximately 11 nm southeast of Pulau Iyu Kecil (Indonesia), in the precautionary area of the eastbound lane of the TSS",While Sailing,"S U While underway, the master reported to Singapore POCC that two perpetrators were sighted at the aft deck. The OOW raised the alarm, and the two perpetrators escaped in a boat. The crew conducted a search immediately. At about 0340 hrs, the master reported that the search was completed. All crew members were safe, nothing was missing, and there were no sightings of the perpetrators onboard the ship. The master confirmed that no assistance was required and continued her voyage to Singapore. afety navigational broadcast was initiated. The RSN’s MSTF and Singapore PCG were notified of the incident. Information was shared with the Indonesian authorities. pon the ship's arrival at the Port of Singapore, the Singapore PCG boarded the ship and conducted a thorough search onboard. No perpetrators were found onboard the ship.",4,23,List of Incidents for 2024 (1).pdf,https://www.recaap.org/alerts
2024,86,2024-03-03,0345,Era Star,Robbery / Theft,LIBERIA,CHEMICAL / GAS TANKER,21° 50.93' N,89° 31.82' E,21.848833,89.530333,Bangladesh (Ports/Anchorages),"Hiron Pilot Station, Mongla, Bangladesh","At Anchor While anchored,","T T ship crew reported that eight to 10 perpetrators armed with long knives boarded the ship using hook at the port forward of the ship, and managed to escape onboard a country boat. Upon inspection, it was found out that heave lines and messenger lines were stolen. he alarm was sounded, announcement was made through the PA, and the crew was mustered. The crew was not injured. he incident was reported to the local agent.",2,24,List of Incidents for 2024 (1).pdf,https://www.recaap.org/alerts
2024,87,2024-03-01,0210,Boka Vanguard,Robbery / Theft,NETHERLANDS ANTILLES,HEAVY LOAD SEMI- SUBMERSIBLE,1° 11.6' N,103° 59' E,1.193333,103.983333,Indonesia (Ports/Anchorages),"Pulau Batam Anchorage, Indonesia","At Anchor While anchored,","T T three perpetrators armed with knives boarded unnoticed onto the vessel from a small boat during hours of darkness either from the deck recess or stern balcony, while one man remained in the boat. he three perpetrators were on board the vessel for approximately 30 minutes until they were seen by the deck watchman. Approximately 300m of welding cable from main deck area of the vessel was stolen. The crew was not injured. he master reported the incident to the ship agent.",3,24,List of Incidents for 2024 (1).pdf,https://www.recaap.org/alerts
2024,88,2024-02-29,0116,African Halcyon,Robbery / Theft,BAHAMAS,BULK CARRIER,1° 46' N,101° 22' E,1.766667,101.366667,Indonesia (Ports/Anchorages),"Dumai Anchorage, Indonesia",,"At Anchor While anchored, four perpetrators boarded the ship from stern while three watch keepers were taking rounds on deck. The starboard watch keeper saw the perpetrators onboard and raised the alarm immediately. Upon realising the crew was alerted, the perpetrators jumped overboard. The crew was not injured and nothing was stolen. The ship informed Dumai VTS about the incident and Indonesian authorities arrived on scene to provide assistance.",4,24,List of Incidents for 2024 (1).pdf,https://www.recaap.org/alerts
2024,90,2024-02-20,0305,Top Diligence,Robbery / Theft,"HONG KONG, CHINA",BULK CARRIER,1° 8.28' N,103° 29.15' E,1.138,103.485833,Straits of Malacca & Singapore,"Approximately 8.6 nm southeast of Pulau Iyu Kecil (Indonesia), in the precautionary area of the eastbound lane of the TSS",While Sailing,"S U While underway, the master reported to Singapore VTIS that four perpetrators armed with gun-like object were sighted in the engine room. The alarm was raised and crew mustered. A search was conducted with no further sighting of the perpetrators. At about 0336 hrs, the master reported that some spare parts were stolen and all crew members were safe. No further assistance was required. The ship's last port of call was Ivory Coast, and was bound for Singapore Anchorage. afety navigational broadcast was initiated. The RSN’s MSTF and Singapore Police Coast Guard were notified of the incident. pon the ship's arrival at the anchorage, the Singapore PCG boarded the ship and conducted a thorough search onboard. No perpetrators were found onboard the ship.",3,25,List of Incidents for 2024 (1).pdf,https://www.recaap.org/alerts
2024,89,2024-02-20,0405,Globe Explorer,Robbery / Theft,PANAMA,BULK CARRIER,5° 29.6' S,105° 17.3' E,-5.493333,105.288333,Indonesia (Ports/Anchorages),"Panjang Anchorage, Indonesia",,"U At Anchor While anchored, the master of the ship reported to Panjang VTS through VHF Channel 16 that two perpetrators armed with long knives boarded the ship and entered the engine room. pon sighted, the perpetrators pursued the crew to the upper deck. The crew reported to the bridge, and the duty officer raised the alarm, and mustered all crew. The perpetrators subsequently escaped with the ship’s engine spares. The crew was not injured.",3,24,List of Incidents for 2024 (1).pdf,https://www.recaap.org/alerts
2024,91,2024-02-19,0155,Gas Courage,Robbery / Theft,PANAMA,TANKER,21° 49' N,91° 42.8' E,21.816667,91.713333,Bangladesh (Ports/Anchorages),"Off Kutubdia Anchorage, Bangladesh",,"At Anchor While anchored, nine perpetrators boarded the ship from a country boat. They tied up the watchman and stole ship The incident was reported to the Bangladesh stores. authorities who responded immediately and apprehended the nine perpetrators. The Bangladesh authorities also recovered all stolen ship stores and handed the items over to the ship.",2,25,List of Incidents for 2024 (1).pdf,https://www.recaap.org/alerts
2024,92,2024-02-16,2140,Maersk Hai Phong,Robbery / Theft,LIBERIA,CONTAINER SHIP,21° 53' N,91° 45' E,21.883333,91.75,Bangladesh (Ports/Anchorages),"Kutubdia Outer Anchorage, Bangladesh",,"At Anchor While anchored, four perpetrators boarded the ship, stole a rope (about 50m) and escaped. The crew was not injured. The incident was reported to BCG, who boarded the ship for investigation.",4,25,List of Incidents for 2024 (1).pdf,https://www.recaap.org/alerts
2024,94,2024-02-03,0610,Name withheld,Robbery / Theft,PORTUGAL,CONTAINER SHIP,22° 9.8' N,91° 46.4' E,22.163333,91.773333,Bangladesh (Ports/Anchorages),"Chattogram Inner Anchorage, Bangladesh",,"At Anchor While anchored, two perpetrators boarded the container ship. The alarm was raised and the crew mustered. Upon realising the crew had been alerted, the perpetrators escaped empty-handed.",4,25,List of Incidents for 2024 (1).pdf,https://www.recaap.org/alerts
2024,95,2024-02-02,0040,MV Nordpuma,Robbery / Theft,CYPRUS,CONTAINER SHIP,14° 23' N,120° 48' E,14.383333,120.8,Philippines (Ports/Anchorages),"Vicinity waters off South Harbor anchorage, Manila, the Philippines",,"A At Anchor While anchored, the OS spotted six perpetrators onboard the ship. When informed of the boarding, the master called the PCG immediately and raised the general alarm. Upon hearing the alarm, the perpetrators jumped overboard and escaped. fter receipt of the report, the PCG immediately deployed its MARPAT Team to conduct verification and inspection onboard the ship at South Harbor Anchorage Area. Two sets of Self-Contain Breathing Apparatus (SCBA) with cylinders were found missing. The crew was not injured.",4,26,List of Incidents for 2024 (1).pdf,https://www.recaap.org/alerts
2024,96,2024-02-01,1912,Royal TB 27 & Royal TK 17,Robbery / Theft,INDONESIA,TUG BOAT & BARGE,3° 37.79' S,113° 21' E,-3.629833,113.35,Indonesia (Seas/Straits),"Approximately 18 nm southwest of Tanjung Malatayur, Central Kalimantan, Indonesia",While Sailing,"T While the tug boat towing barge was enroute from Muara Sampit to Manggis, South Kalimantan, perpetrators carrying firearms and sharp weapons boarded the vessels from a ship, SPOB Bagas Danar Jaya 01. The master and crew were subsequently held hostage for more than 27 hours. The perpetrators stole FAME cargo, cash and personal belongings of crew and ship's goods, as well as damaged navigation equipment before they escaped. he master reported the incident to the CSO, who in turn reported to the Indonesian authorities. An Indonesian patrol boat was dispatched immediately to provide assistance.",1,26,List of Incidents for 2024 (1).pdf,https://www.recaap.org/alerts
2024,97,2024-01-31,0200,Clipper I-Star,Robbery / Theft,SINGAPORE,BULK CARRIER,1° 2.6' N,103° 39.5' E,1.043333,103.658333,Straits of Malacca & Singapore,"Off Pulau Cula, (Indonesia), in the eastbound lane of the TSS",While Sailing,"While underway and en-route to Qinzhou, China, six perpetrators armed with machetes boarded the ship via starboard quarter from a small boat. They broke the padlock of the boiler entrance, entered the engine room and tied up three crew members. The perpetrators left the engine room at about 0210 hrs, with stolen engine spare parts and a crew’s mobile phone. The chief engineer subsequently called the bridge to inform master of the incident. The master raised the alarm but there was no further sighting of the perpetrators.",2,26,List of Incidents for 2024 (1).pdf,https://www.recaap.org/alerts
2024,98,2024-01-28,0450,Al Amerat,Attempted,PANAMA,PRODUCT TANKER,1° 43.09' N,101° 24.5' E,1.718167,101.408333,Indonesia (Ports/Anchorages),"Dumai Anchorage, Indonesia","At Anchor While anchored,","the watchkeeper onboard the tanker spotted an unauthorised person attempting to board the ship. The alarm was raised, resulting in the unauthorised person aborting the attempt and moving away from the ship.",NA,26,List of Incidents for 2024 (1).pdf,https://www.recaap.org/alerts
2024,99,2024-01-27,0130,MT White Peach,Robbery / Theft,MARSHALL ISLANDS,OIL / CHEMICAL / GAS TANKER,17° 1.94' N,82° 21.64' E,17.032333,82.360667,India (Ports/Anchorages),"Kakinada Anchorage, India",,"T T T At Anchor While anchored, four perpetrators boarded the ship from a fast boat, likely from the poop deck. he alarm and ship whistle were sounded, and all crew mustered. Two mooring ropes were stolen from the aft mooring station. The crew was not injured. he incident was reported to Kakinada Pilot Station via VHF. The ship master also shared the information with the agent, and both ship master and agent were advised to lodge a First Information Report (FIR) at Kakinada Marine Police Station. he incident is being investigated by Coastal Security Police / Marine Police Kakinada and Customs Kakinada, with inputs from Indian Coast Guard and Port Authority. Further, Kakinada Port Authority and ships in the area have been advised to enhance vigilance and adhere to the SOPs for security, especially during dark hours.",4,27,List of Incidents for 2024 (1).pdf,https://www.recaap.org/alerts
2024,100,2024-01-24,2345,MT Regency,Robbery / Theft,INDIA,OIL / CHEMICAL / GAS TANKER,17° 3.42' N,82° 24.67' E,17.057,82.411167,India (Ports/Anchorages),"Kakinada Port, India",,"T T At Anchor While anchored, one suspicious boat was observed roaming around near the ship’s forward and aft. The anti-piracy watch keeper during his round, sighted one person jumped into the water from the port side of the ship, and a boat was on standby with five perpetrators onboard. Three loose mooring ropes from the forecastle deck were found missing, and the crew was safe. he incident was reported to Kakinada Port Authority and the ship departed for Paradip Port on 26 Jan 24. Upon arrival at Paradip Port on 1 Feb 24, the ship was boarded by Indian Coast Guard for investigation. he ship was advised on the timely reporting of incident, and collection of evidence through CCTV and photographs. Further, Kakinada Port Authority and ships in area have also been advised to enhance vigilance and adhere to the SOPs for security, especially during dark hours. Investigation is in progress.",4,27,List of Incidents for 2024 (1).pdf,https://www.recaap.org/alerts
2024,101,2024-01-14,2245,Omera Legacy,Attempted,BANGLADESH,OIL / CHEMICAL / GAS TANKER,21° 50.5' N,91° 41.84' E,21.841667,91.697333,Bangladesh (Ports/Anchorages),"Off Kutubdia, Chattogram Port, Bangladesh",At Anchor While,"H T anchored, an unknown number of perpetrators onboard a country boat propelled by engine approached the ship’s port bow. owever, the country boat could not come alongside the ship; hence, the perpetrators were not able to board the ship. They eventually aborted their attempt and escaped. he ship master was advised to report incident immediately to BCG and port control.",NA,27,List of Incidents for 2024 (1).pdf,https://www.recaap.org/alerts
2024,102,2024-01-13,0130,Solar Roma,Attempted,LIBERIA,PRODUCT TANKER,1° 43.29' N,101° 25.72' E,1.7215,101.428667,Indonesia (Ports/Anchorages),"Dumai Anchorage, Indonesia",,"At Anchor While anchored, duty security patrol onboard the tanker noticed five perpetrators attempting to board the ship. The OOW was immediately notified and the alarm was raised, resulting in the perpetrators aborting and moving away. Nothing was stolen. The incident was reported to the port control and the pilot station.",NA,27,List of Incidents for 2024 (1).pdf,https://www.recaap.org/alerts
2024,103,2024-01-10,0240,CMB Chikako,Robbery / Theft,PANAMA,BULK CARRIER,1° 3.74' N,103° 41.78' E,1.062333,103.696333,Straits of Malacca & Singapore,"Approximately 1.6 nm from Pulau Cula, (Indonesia), in the eastbound lane of the TSS",While Sailing,"A S T While underway, the crew saw five perpetrators armed with in the engine room. The master raised the alarm, knives mustered the crew and reported the incident to Singapore VTIS. search onboard the ship was conducted and completed at 0430 hrs, with some engine spare parts found missing. All crew members were accounted for, and no injuries were reported. afety navigational broadcast was initiated. The RSN’s MSTF and Singapore PCG were notified of the incident. Information was shared with the Indonesian authority. he Singapore PCG conducted a search upon the ship's arrival at Singapore anchorage, and confirmed that no perpetrators were onboard.",3,28,List of Incidents for 2024 (1).pdf,https://www.recaap.org/alerts
2024,107,2024-01-04,0050,Helga Oldendorff,Attempted,PORTUGAL,BULK CARRIER,1° 21.3' S,116° 59.7' E,-1.355,116.995,Indonesia (Ports/Anchorages),"Balikpapan Anchorage, Indonesia",,"A T At Anchor While anchored, the OOW noticed a green light during anchor watch, and informed both forward & aft watchmen on deck during their deck round. The forward watchman proceeded from main deck to the forecastle on port side immediately. He reported that the light was not moving, and resumed his security round on forecastle to starboard side. bout 10 min later, the forward watchman noticed a man onboard a skiff close to the anchor cable, and another man climbing up the anchor chain. The bridge was informed immediately via VHF and the forward watchman shouted at the men. The OOW raised the alarm and sounded the forward whistle. Realising the crew was alerted, the two men escaped immediately. he local Indonesian authority subsequently conducted an investigation.",NA,29,List of Incidents for 2024 (1).pdf,https://www.recaap.org/alerts
2024,106,2024-01-04,0240,Crimson Queen,Robbery / Theft,SINGAPORE,BULK CARRIER,1° 3.2' N,103° 40.5' E,1.053333,103.675,Straits of Malacca & Singapore,"Approximately 2.36 nm from Pulau Cula, (Indonesia), in the eastbound lane of the TSS",While Sailing,"T S T While underway, the master was alerted by the 3rd Engineer to five perpetrators armed with long knives in the engine room. The 3rd Engineer was tied up by the perpetrators but managed to alert the bridge about the incident. he master sounded the general alarm immediately, and the crew conducted a thorough search onboard the ship. However, the perpetrators had already escaped. ome generator spare parts were reported missing and the 3rd Engineer, who was punched on the forehead, suffered minor injury. he ship was underway to Singapore for bunkering, and the Singapore PCG conducted a search upon the ship’s arrival in Singapore.",2,28,List of Incidents for 2024 (1).pdf,https://www.recaap.org/alerts
2024,105,2024-01-04,0300,Name withheld,Robbery / Theft,PANAMA,GENERAL CARGO SHIP,1° 42.31' N,101° 29.62' E,1.705167,101.493667,Indonesia (Ports/Anchorages),"Dumai Anchorage, Indonesia",,"At Anchor While anchored, three perpetrators armed with guns and knives boarded the general cargo ship. They took the duty engine crew as hostage and tied his hands. The perpetrators stole ship engine spare parts and escaped. The duty crew managed to alert the OOW who raised the alarm and the crew mustered. A search onboard the ship was carried out, with no perpetrators found onboard. The incident was reported to Port Facility Security Officer via the local agent.",2,28,List of Incidents for 2024 (1).pdf,https://www.recaap.org/alerts
2024,104,2024-01-04,0315,Artin,Robbery / Theft,IRAN,BULK CARRIER,1° 4' N,103° 40' E,1.066667,103.666667,Straits of Malacca & Singapore,"Approximately 3.14 nm from Pulau Cula, (Indonesia), in the eastbound lane of the TSS",While Sailing,"A S While underway, the crew saw six perpetrators armed with knives at the stern. The master raised the alarm, mustered the crew and reported the incident to Singapore VTIS. ll crew members were accounted for, and no injuries were reported. Some engine spare parts were stolen. The master indicated that no further assistance was required, and continued its journey to Fang Cheng, China. afety navigational broadcast was initiated. The RSN’s MSTF and Singapore PCG were notified of the incident. Information was shared with the Indonesian authority.",3,28,List of Incidents for 2024 (1).pdf,https://www.recaap.org/alerts
