Ownership ID,Terminal ID,Company ID,Company / Partner,Relationship,Equity %,Operating Control,Status,Details,Source URL
OWN00001,TERM0001,COMP_DPW,DP World,Operator / portfolio relationship,,Yes,Current / see source,DP World operating/ownership structure; see source notes,https://dpw-prod-cd-1.dpworld.com/australia/ports-and-terminals/dp-world-sydney
OWN00002,TERM0002,COMP_DPW,DP World,Operator / portfolio relationship,,Yes,Current / see source,DP World operating/ownership structure; see source notes,https://dpw-prod-cd-1.dpworld.com/australia/ports-and-terminals/dp-world-brisbane
OWN00003,TERM0003,COMP_DPW,DP World,Operator / portfolio relationship,,Yes,Current / see source,DP World operating/ownership structure; see source notes,https://dpw-prod-cd-1.dpworld.com/australia/ports-and-terminals/dp-world-melbourne
OWN00004,TERM0004,COMP_DPW,DP World,Operator / portfolio relationship,,Yes,Current / see source,DP World operating/ownership structure; see source notes,https://dpw-prod-cd-1.dpworld.com/australia/ports-and-terminals/dp-world-fremantle
OWN00005,TERM0005,COMP_DPW,DP World,Operator / portfolio relationship,,Yes,Current / see source,DP World operating/ownership structure; see source notes,https://www.dpworld.com/en/ports-terminals/china/qingdao-port
OWN00006,TERM0006,COMP_DPW,DP World,Operator / portfolio relationship,,Yes,Current / see source,DP World operating/ownership structure; see source notes,https://www.dpworld.com/en/ports-terminals/china/yantai-port
OWN00007,TERM0007,COMP_DPW,DP World,Operator / portfolio relationship,,Yes,Current / see source,DP World operating/ownership structure; see source notes,https://www.dpworld.com/en/ports-terminals/china/hong-kong-port/contact-us
OWN00008,TERM0008,COMP_DPW,DP World,Operator / portfolio relationship,,Yes,Current / see source,DP World operating/ownership structure; see source notes,https://www.dpworld.com/en/ports-terminals/china/yiwu-port
OWN00009,TERM0009,COMP_DPW,DP World,Operator / portfolio relationship,,Yes,Current / see source,DP World operating/ownership structure; see source notes,https://www.dpworld.com/en/ports-terminals/indonesia/belawan-port
OWN00010,TERM0010,COMP_DPW,DP World,Operator / portfolio relationship,,Yes,Current / see source,DP World operating/ownership structure; see source notes,https://www.dpworld.com/en/news/dp-world-breaks-ground-on-new-container-terminal-in-east-java
OWN00011,TERM0011,COMP_DPW,DP World,Operator / portfolio relationship,,Yes,Current / see source,DP World operating/ownership structure; see source notes,https://www.dpworld.com/en/ports-terminals/malaysia/sapangar-bay-port
OWN00012,TERM0012,COMP_DPW,DP World,Operator / portfolio relationship,,Yes,Current / see source,DP World operating/ownership structure; see source notes,https://www.dpworld.com/en/news/dp-world-and-asian-terminals-inc-invest-us100-million-to-boost-capacity-at-manila-south-harbour
OWN00013,TERM0013,COMP_DPW,DP World,Operator / portfolio relationship,,Yes,Current / see source,DP World operating/ownership structure; see source notes,https://www.dpworld.com/en/ports-terminals/philippines/batangas-port
OWN00014,TERM0014,COMP_DPW,DP World,Operator / portfolio relationship,,Yes,Current / see source,DP World operating/ownership structure; see source notes,https://www.dpworld.com/en/ports-terminals/philippines/cavite-port
OWN00015,TERM0015,COMP_DPW,DP World,Operator / portfolio relationship,,Yes,Current / see source,DP World operating/ownership structure; see source notes,https://www.dpworld.com/en/ports-terminals/south-korea/pnc-port
OWN00016,TERM0016,COMP_DPW,DP World,Operator / portfolio relationship,,Yes,Current / see source,DP World operating/ownership structure; see source notes,https://www.dpworld.com/en/news/dp-world-secures-laem-chabang-concession-extension-amid-rising-intra-asia-trade
OWN00017,TERM0017,COMP_DPW,DP World,Operator / portfolio relationship,,Yes,Current / see source,DP World operating/ownership structure; see source notes,https://www.dpworld.com/en/ports-terminals/vietnam/spct-port
OWN00018,TERM0018,COMP_DPW,DP World,Operator / portfolio relationship,,Yes,Current / see source,DP World operating/ownership structure; see source notes,https://www.dpworld.com/en/ports-terminals/belgium/antwerp
OWN00019,TERM0018,COMP_TERMINAL_LINK,Terminal Link,Operator / portfolio relationship,,,Current / see source,51% CMA Terminals Holding / 49% CM Port (portfolio-level structure),https://www.terminal-link.com/ports/location
OWN00020,TERM0019,COMP_DPW,DP World,Operator / portfolio relationship,,Yes,Current / see source,DP World operating/ownership structure; see source notes,https://www.dpworld.com/en/ports-terminals/cyprus/limassol
OWN00021,TERM0020,COMP_DPW,DP World,Operator / portfolio relationship,,Yes,Current / see source,DP World operating/ownership structure; see source notes,https://www.dpworld.com/en/ports-terminals/netherlands/rotterdam-world
OWN00022,TERM0021,COMP_DPW,DP World,Operator / portfolio relationship,,Yes,Current / see source,DP World operating/ownership structure; see source notes,https://www.dpworld.com/en/ports-terminals/romania/constanta
OWN00023,TERM0022,COMP_DPW,DP World,Operator / portfolio relationship,,Yes,Current / see source,DP World operating/ownership structure; see source notes,https://www.dpworld.com/en/ports-terminals/eu-intermodal/novi-sad
OWN00024,TERM0023,COMP_DPW,DP World,Operator / portfolio relationship,,Yes,Current / see source,DP World operating/ownership structure; see source notes,https://www.dpworld.com/en/ports-terminals/turkiye/yarimca
OWN00025,TERM0024,COMP_DPW,DP World,Operator / portfolio relationship,,Yes,Current / see source,DP World operating/ownership structure; see source notes,https://www.dpworld.com/en/ports-terminals/turkiye/korfez
OWN00026,TERM0025,COMP_DPW,DP World,Operator / portfolio relationship,,Yes,Current / see source,DP World operating/ownership structure; see source notes,https://www.dpworld.com/en/ports-terminals/ukraine/pivdennyi
OWN00027,TERM0026,COMP_DPW,DP World,Operator / portfolio relationship,,Yes,Current / see source,DP World operating/ownership structure; see source notes,https://www.dpworld.com/en/ports-terminals/united-kingdom/london-gateway/infrastructure-facts
OWN00028,TERM0027,COMP_DPW,DP World,Operator / portfolio relationship,,Yes,Current / see source,DP World operating/ownership structure; see source notes,https://www.dpworld.com/en/ports-terminals/united-kingdom/southampton/infrastructure-facts
OWN00029,TERM0028,COMP_DPW,DP World,Operator / portfolio relationship,,Yes,Current / see source,DP World operating/ownership structure; see source notes,https://www.dpworld.com/en/ports-terminals/angola/luanda
OWN00030,TERM0029,COMP_DPW,DP World,Operator / portfolio relationship,,Yes,Current / see source,DP World operating/ownership structure; see source notes,https://www.dpworld.com/en/ports-terminals/algeria/djazair
OWN00031,TERM0030,COMP_DPW,DP World,Operator / portfolio relationship,,Yes,Current / see source,DP World operating/ownership structure; see source notes,https://www.dpworld.com/en/ports-terminals/algeria/djendjen
OWN00032,TERM0031,COMP_DPW,DP World,Operator / portfolio relationship,,Yes,Current / see source,DP World operating/ownership structure; see source notes,https://www.dpworld.com/en/ports-terminals/egypt/sokhna/infrastructure-facts
OWN00033,TERM0032,COMP_DPW,DP World,Operator / portfolio relationship,,Yes,Current / see source,DP World operating/ownership structure; see source notes,https://www.dpworld.com/en/ports-terminals/india/nsict/infrastructure
OWN00034,TERM0033,COMP_DPW,DP World,Operator / portfolio relationship,,Yes,Current / see source,DP World operating/ownership structure; see source notes,https://www.dpworld.com/en/ports-terminals/india/nsigt/infrastructure
OWN00035,TERM0034,COMP_DPW,DP World,Operator / portfolio relationship,,Yes,Current / see source,DP World operating/ownership structure; see source notes,https://www.dpworld.com/en/ports-terminals/india/mict/infrastructure
OWN00036,TERM0035,COMP_DPW,DP World,Operator / portfolio relationship,,Yes,Current / see source,DP World operating/ownership structure; see source notes,https://www.dpworld.com/en/ports-terminals/india/cct/infrastructure
OWN00037,TERM0036,COMP_DPW,DP World,Operator / portfolio relationship,,Yes,Current / see source,DP World operating/ownership structure; see source notes,https://www.dpworld.com/en/ports-terminals/india/ictt/infrastructure
OWN00038,TERM0037,COMP_DPW,DP World,Operator / portfolio relationship,,Yes,Current / see source,DP World operating/ownership structure; see source notes,https://www.dpworld.com/en/news/india/dp-world-signs-concession-to-develop-tuna-tekra-mega-container-terminal-in-india
OWN00039,TERM0038,COMP_DPW,DP World,Operator / portfolio relationship,,Yes,Current / see source,DP World operating/ownership structure; see source notes,https://www.dpworld.com/en/ports-terminals/mozambique/maputo
OWN00040,TERM0039,COMP_DPW,DP World,Operator / portfolio relationship,,Yes,Current / see source,DP World operating/ownership structure; see source notes,https://www.dpworld.com/en/ports-terminals/pakistan/qasim
OWN00041,TERM0040,COMP_DPW,DP World,Operator / portfolio relationship,,,Current / see source,DP World operating/ownership structure; see source notes,https://www.dpworld.com/en/ports-terminals/saudi-arabia/jeddah
OWN00042,TERM0040,COMP_APMT,DP World,Operator / portfolio relationship,,Yes,Current / see source,APM Terminals to acquire 37.5%; DP World retains 62.5% and operations,https://www2.apmterminals.com/en/news/news-releases/2026/260218-APM-Terminals-DPWorld-strategic-partnership-Jeddah-Islamic-Port
OWN00043,TERM0041,COMP_DPW,DP World,Operator / portfolio relationship,,Yes,Current / see source,DP World operating/ownership structure; see source notes,https://dpw-prod-cd-1.dpworld.com/senegal/ports-and-terminals
OWN00044,TERM0042,COMP_DPW,DP World,Operator / portfolio relationship,,Yes,Current / see source,DP World operating/ownership structure; see source notes,https://www.dpworld.com/en/ports-terminals/senegal
OWN00045,TERM0043,COMP_DPW,DP World,Operator / portfolio relationship,,Yes,Current / see source,DP World operating/ownership structure; see source notes,https://www.dpworld.com/en/ports-terminals/somaliland/berbera
OWN00046,TERM0044,COMP_DPW,DP World,Operator / portfolio relationship,,Yes,Current / see source,DP World operating/ownership structure; see source notes,https://www.dpworld.com/en/ports-terminals/dar-es-salaam/infrastructure
OWN00047,TERM0045,COMP_DPW,DP World,Operator / portfolio relationship,,Yes,Current / see source,DP World operating/ownership structure; see source notes,https://www.dpworld.com/en/ports-terminals/uae/jebel-ali-port
OWN00048,TERM0046,COMP_DPW,DP World,Operator / portfolio relationship,,Yes,Current / see source,DP World operating/ownership structure; see source notes,https://www.dpworld.com/en/ports-terminals/uae/mina-al-hamriya
OWN00049,TERM0047,COMP_DPW,DP World,Operator / portfolio relationship,,Yes,Current / see source,DP World operating/ownership structure; see source notes,https://www.dpworld.com/en/ports-terminals/uae/dubai-creek-and-deira-wharfage
OWN00050,TERM0048,COMP_DPW,DP World,Operator / portfolio relationship,,Yes,Current / see source,DP World operating/ownership structure; see source notes,https://education.dpworld.com/educator/vr-port-tours/
OWN00051,TERM0049,COMP_DPW,DP World,Operator / portfolio relationship,,Yes,Current / see source,DP World operating/ownership structure; see source notes,https://www.dpworld.com/en/news/dp-world-to-expand-uae-gateway-network-with-new-fujairah-terminals
OWN00052,TERM0050,COMP_DPW,DP World,Operator / portfolio relationship,,Yes,Current / see source,DP World operating/ownership structure; see source notes,https://www.dpworld.com/en/news/dp-world-to-expand-uae-gateway-network-with-new-fujairah-terminals
OWN00053,TERM0051,COMP_DPW,DP World,Operator / portfolio relationship,,Yes,Current / see source,DP World operating/ownership structure; see source notes,https://www.dpworld.com/en/news/dp-world-and-democratic-republic-of-the-congo-sign-final-agreement-to-develop-banana-port
OWN00054,TERM0052,COMP_DPW,DP World,Operator / portfolio relationship,,Yes,Current / see source,DP World operating/ownership structure; see source notes,https://www.dpworld.com/en/ports-terminals/argentina/trp
OWN00055,TERM0053,COMP_DPW,DP World,Operator / portfolio relationship,,Yes,Current / see source,DP World operating/ownership structure; see source notes,https://www.dpworld.com/en/ports-terminals/brazil/santos
OWN00056,TERM0054,COMP_DPW,DP World,Operator / portfolio relationship,,Yes,Current / see source,DP World operating/ownership structure; see source notes,https://www.dpworld.com/en/ports-terminals/chile/san-antonio
OWN00057,TERM0055,COMP_DPW,DP World,Operator / portfolio relationship,,Yes,Current / see source,DP World operating/ownership structure; see source notes,https://www.dpworld.com/en/ports-terminals/chile/lirquen-port
OWN00058,TERM0056,COMP_DPW,DP World,Operator / portfolio relationship,,Yes,Current / see source,DP World operating/ownership structure; see source notes,https://www.dpworld.com/en/ports-terminals/dominican-republic/caucedo-port
OWN00059,TERM0057,COMP_DPW,DP World,Operator / portfolio relationship,,Yes,Current / see source,DP World operating/ownership structure; see source notes,https://www.dpworld.com/en/news/dp-world-inaugurates-posorja-terminal-expansion-boosting-ecuadors-global-trade-capacity
OWN00060,TERM0058,COMP_DPW,DP World,Operator / portfolio relationship,,Yes,Current / see source,DP World operating/ownership structure; see source notes,https://www.dpworld.com/en/ports-terminals/peru/callao
OWN00061,TERM0059,COMP_DPW,DP World,Operator / portfolio relationship,,Yes,Current / see source,DP World operating/ownership structure; see source notes,https://www.dpworld.com/en/ports-terminals/peru
OWN00062,TERM0060,COMP_DPW,DP World,Operator / portfolio relationship,,Yes,Current / see source,DP World operating/ownership structure; see source notes,https://www.dpworld.com/en/ports-terminals/suriname/paramaribo
OWN00063,TERM0061,COMP_DPW,DP World,Operator / portfolio relationship,,Yes,Current / see source,DP World operating/ownership structure; see source notes,https://www.dpworld.com/en/ports-terminals/suriname/la-vigilantia
OWN00064,TERM0062,COMP_DPW,DP World,Operator / portfolio relationship,,Yes,Current / see source,DP World operating/ownership structure; see source notes,https://www.dpworld.com/en/ports-terminals/canada/vancouver
OWN00065,TERM0063,COMP_DPW,DP World,Operator / portfolio relationship,,Yes,Current / see source,DP World operating/ownership structure; see source notes,https://www.dpworld.com/en/ports-terminals/canada/fraser-surrey-docks
OWN00066,TERM0064,COMP_DPW,DP World,Operator / portfolio relationship,,Yes,Current / see source,DP World operating/ownership structure; see source notes,https://www.dpworld.com/en/ports-terminals/canada/nanaimo
OWN00067,TERM0065,COMP_DPW,DP World,Operator / portfolio relationship,,Yes,Current / see source,DP World operating/ownership structure; see source notes,https://www.dpworld.com/en/ports-terminals/canada/prince-rupert
OWN00068,TERM0066,COMP_DPW,DP World,Operator / portfolio relationship,,Yes,Current / see source,DP World operating/ownership structure; see source notes,https://www.dpworld.com/en/ports-terminals/canada/saint-john
OWN00069,TERM0067,COMP_DPW,DP World,Operator / portfolio relationship,,Yes,Current / see source,DP World operating/ownership structure; see source notes,https://www.dpworld.com/en/news/canada/new-milestone-in-canada-with-contrecoeur-expansion-groundbreaking
OWN00070,TERM0068,COMP_DPW,DP World,Operator / portfolio relationship,,Yes,Current / see source,DP World operating/ownership structure; see source notes,https://www.dpworld.com/en/news/usa/container-terminal-at-port-of-corpus-christi-texas
OWN00071,TERM0069,COMP_ADPORTS,AD Ports Group,Operator / portfolio relationship,,Yes,Current / see source,Owned/operated by AD Ports Group,https://www.adportsgroup.com/en/news-and-media/2025/11/18/ad-ports-group-signs-agreement-with-cma-cgm-group-to-expand-terminal-at-khalifa-port
OWN00072,TERM0070,COMP_ADPORTS,AD Ports Group,Operator / portfolio relationship,,Yes,Current / see source,Owned/operated by AD Ports Group,https://www.adportsgroup.com/en/integrated-clusters/ports/abu-dhabi-ports
OWN00073,TERM0071,COMP_ADPORTS,AD Ports Group,Operator / portfolio relationship,,Yes,Current / see source,Owned/operated by AD Ports Group,https://www.adportsgroup.com/en/integrated-clusters/ports/abu-dhabi-ports
OWN00074,TERM0072,COMP_ADPORTS,AD Ports Group,Operator / portfolio relationship,,Yes,Current / see source,Owned/operated by AD Ports Group,https://www.adportsgroup.com/-/media/sites/adports/investors/prospectus-euro-medium-term-note-programme-may-2021-new.pdf
OWN00075,TERM0073,COMP_ADPORTS,AD Ports Group,Operator / portfolio relationship,,Yes,Current / see source,Owned/operated by AD Ports Group,https://www.adportsgroup.com/en/news-and-media/2022/01/23/ad-ports-group-creates-oil--gas-logistics-base-at-mugharraq-port-for-eni-abu-dhabi
OWN00076,TERM0074,COMP_ADPORTS,AD Ports Group,Operator / portfolio relationship,,Yes,Current / see source,Owned/operated by AD Ports Group,https://www.adportsgroup.com/en/integrated-clusters/ports/abu-dhabi-ports
OWN00077,TERM0075,COMP_ADPORTS,AD Ports Group / Fujairah Port partnership,Operator / portfolio relationship,,Yes,Current / see source,Long-term operating/development rights,https://www.adportsgroup.com/en/news-and-media/2026/05/22/ad-ports-group-establishes-consolidated-multimodal-inland-logistics-network
OWN00078,TERM0076,COMP_ADPORTS,AD Ports Group,Operator / portfolio relationship,,Yes,Current / see source,Owned/operated by AD Ports Group,https://www.adportsgroup.com/en/integrated-clusters/ports/abu-dhabi-ports
OWN00079,TERM0077,COMP_ADPORTS,AD Ports Group,Operator / portfolio relationship,,Yes,Current / see source,Owned/operated by AD Ports Group,https://www.adportsgroup.com/en/integrated-clusters/ports/abu-dhabi-ports
OWN00080,TERM0078,COMP_ADPORTS,AD Ports Group,Operator / portfolio relationship,,Yes,Current / see source,Owned/operated by AD Ports Group,https://www.adportsgroup.com/en/integrated-clusters/ports/abu-dhabi-ports
OWN00081,TERM0079,COMP_ADPORTS,AD Ports Group,Operator / portfolio relationship,,Yes,Current / see source,Owned/operated by AD Ports Group,https://www.adportsgroup.com/en/news-and-media/2026/06/18/ad-ports-group-enhances-al-faya-dry-ports-integration-with-the-global-trade-and-logistics-ecosystem
OWN00082,TERM0080,COMP_ADPORTS,Abu Dhabi Terminals,Operator / portfolio relationship,,Yes,Current / see source,AD Ports Group with MSC relationship,https://www.adportsgroup.com/en/integrated-clusters/ports/abu-dhabi-ports
OWN00083,TERM0081,COMP_ADPORTS,CSP / COSCO Shipping Ports,Operator / portfolio relationship,,Yes,Current / see source,Joint operation/partnership with COSCO Shipping,https://www.adportsgroup.com/en/integrated-clusters/ports/abu-dhabi-ports
OWN00084,TERM0082,COMP_ADPORTS,CMA Terminals Khalifa Port,Operator / portfolio relationship,,Yes,Current / see source,70% CMA CGM / 30% AD Ports Group,https://www.adportsgroup.com/en/news-and-media/2025/11/18/ad-ports-group-signs-agreement-with-cma-cgm-group-to-expand-terminal-at-khalifa-port
OWN00085,TERM0082,COMP_CMA_TERMINALS,CMA Terminals Khalifa Port,Operator / portfolio relationship,,,Current / see source,70% CMA Terminals / 30% AD Ports Group,https://www.adportsgroup.com/en/news-and-media/2025/11/18/ad-ports-group-signs-agreement-with-cma-cgm-group-to-expand-terminal-at-khalifa-port
OWN00086,TERM0083,COMP_NOATUM,Autoterminal Khalifa Port,Operator / portfolio relationship,,Yes,Current / see source,AD Ports Group / Noatum automotive asset,https://www.noatum.com/en/noatum-automotive/
OWN00087,TERM0084,COMP_ADPORTS,AD Ports Group,Operator / portfolio relationship,,Yes,Current / see source,Owned/operated by AD Ports Group,https://www.adportsgroup.com/en/integrated-clusters/ports/abu-dhabi-ports
OWN00088,TERM0085,COMP_ADPORTS,AD Ports Group,Operator / portfolio relationship,,Yes,Current / see source,Owned/operated by AD Ports Group,https://www.adportsgroup.com/en/integrated-clusters/ports/abu-dhabi-ports
OWN00089,TERM0086,COMP_ADPORTS,AD Ports Group,Operator / portfolio relationship,,Yes,Current / see source,Owned/operated,https://www.adportsgroup.com/en/integrated-clusters/ports/abu-dhabi-ports
OWN00090,TERM0087,COMP_ADPORTS,AD Ports Group,Operator / portfolio relationship,,Yes,Current / see source,Operated,https://www.adportsgroup.com/en/integrated-clusters/ports/abu-dhabi-ports
OWN00091,TERM0088,COMP_NOATUM,AD Ports Group / Aqaba Development Corporation,Operator / portfolio relationship,,Yes,Current / see source,Partnership,https://www.adportsgroup.com/en/news-and-media/2026/06/18/ad-ports-group-launches-maqta-ayla-digital-solutions-in-jordan
OWN00092,TERM0089,COMP_ADPORTS,AD Ports Group / Egyptian authorities,Operator / portfolio relationship,,Yes,Current / see source,Concession/management arrangement,https://www.adportsgroup.com/en/news-and-media/2026/05/19/ad-ports-group-launches-cruise-and-ferry-terminal-services-in-egypt
OWN00093,TERM0090,COMP_ADPORTS,AD Ports Group / Egyptian authorities,Operator / portfolio relationship,,Yes,Current / see source,Concession/management arrangement,https://www.adportsgroup.com/en/news-and-media/2026/05/19/ad-ports-group-launches-cruise-and-ferry-terminal-services-in-egypt
OWN00094,TERM0091,COMP_ADPORTS,AD Ports Group / Egyptian authorities,Operator / portfolio relationship,,Yes,Current / see source,Concession/management arrangement,https://www.adportsgroup.com/en/news-and-media/2026/05/19/ad-ports-group-launches-cruise-and-ferry-terminal-services-in-egypt
OWN00095,TERM0092,COMP_NOATUM,Noatum Ports,Operator / portfolio relationship,,Yes,Current / see source,100% AD Ports Group concession vehicle,https://www.adportsgroup.com/en/news-and-media/2025/03/04/ad-ports-group-prepares-to-receive-state-of-the-art-panamax-class-cranes-in-safaga
OWN00096,TERM0093,COMP_NOATUM,TCI,Operator / portfolio relationship,,Yes,Current / see source,AD Ports Group controlled through TCI,https://www.adportsgroup.com/en/news-and-media/2025/01/03/ad-ports-group-closes-2024-with-strong-growth
OWN00097,TERM0094,COMP_NOATUM,KGTL,Operator / portfolio relationship,,Yes,Current / see source,AD Ports Group-led JV,https://www.adportsgroup.com/en/news-and-media/2025/09/02/ad-ports-groups-karachi-terminals-in-pakistan-sign-major-dredging-agreement
OWN00098,TERM0095,COMP_NOATUM,KGTML,Operator / portfolio relationship,,Yes,Current / see source,AD Ports Group majority / Kaheel Terminals JV,https://www.adportsgroup.com/en/news-and-media/2024/02/03/ad-ports-group-and-karachi-port-trust-extend-cooperation-through-25-year-concession-agreement
OWN00099,TERM0096,COMP_NOATUM,Noatum Ports Luanda Terminal,Operator / portfolio relationship,,Yes,Current / see source,81% AD Ports Group / local partners,https://www.adportsgroup.com/en/news-and-media/2025/09/19/ad-ports-group-breaks-ground-on-noatum-ports-luanda-terminal
OWN00100,TERM0097,COMP_NOATUM,AD Ports Group / CMA Terminals JV,Operator / portfolio relationship,,Yes,Current / see source,51% AD Ports Group / 49% CMA CGM in terminal JV,https://www.adportsgroup.com/en/news-and-media/2026/05/18/ad-ports-group-awards-three-contracts-for-noatum-ports-pointe-noire-terminal
OWN00101,TERM0097,COMP_CMA_TERMINALS,Noatum Ports Pointe-Noire Terminal,Operator / portfolio relationship,,,Current / see source,51% AD Ports Group / 49% CMA Terminals,https://www.adportsgroup.com/en/news-and-media/2026/05/18/ad-ports-group-awards-three-contracts-for-noatum-ports-pointe-noire-terminal
OWN00102,TERM0098,COMP_NOATUM,TICTS / East Africa Gateway,Operator / portfolio relationship,,Yes,Current / see source,AD Ports Group 30% stake alongside Adani and East Harbour interests,https://www.adportsgroup.com/en/news-and-media/2025/01/03/ad-ports-group-closes-2024-with-strong-growth
OWN00103,TERM0099,COMP_NOATUM,Tbilisi Intermodal Hub,Operator / portfolio relationship,,Yes,Current / see source,60% AD Ports Group / Inveco / Wilhelmsen,https://www.adportsgroup.com/en/news-and-media/2025/06/03/ad-ports-group-inaugurates-tbilisi-intermodal-hub-in-georgia
OWN00104,TERM0100,COMP_ADPORTS,Sarzha Grain Terminal JV,Operator / portfolio relationship,,Yes,Current / see source,51% AD Ports Group / 49% Semurg,https://www.adportsgroup.com/en/news-and-media/2025/01/14/ad-ports-group-to-invest-in-greenfield-sarzha-grain-terminal-in-kuryk-port-kazakhstan
OWN00105,TERM0101,COMP_NOATUM,Operating company with Africa Ports Development,Operator / portfolio relationship,,Yes,Current / see source,Effective economic interest 51% for AD Ports Group,https://www.adportsgroup.com/en/news-and-media/2026/02/12/ad-ports-group-enters-into-30-year-concession-agreement-with-africa-ports-development
OWN00106,TERM0102,COMP_NOATUM,JV with Aqaba Development Corporation,Operator / portfolio relationship,,Yes,Current / see source,70% AD Ports Group / 30% ADC,https://wpvip.adportsgroup.com/adportsgroup/news-and-media/2026/02/05/ad-ports-group-signs-30-year-agreement-with-aqaba-development-corporation/
OWN00107,TERM0103,COMP_NOATUM,Noatum Ports,Operator / portfolio relationship,,Yes,Current / see source,AD Ports Group / Noatum Ports,https://www.noatum.com/en/terminals-port-operations/noatum-ports-tarragona-terminal/
OWN00108,TERM0104,COMP_NOATUM,Noatum Ports,Operator / portfolio relationship,,Yes,Current / see source,AD Ports Group / Noatum Ports,https://www.noatum.com/en/terminals-port-operations/noatum-ports-castellon-terminal/
OWN00109,TERM0105,COMP_NOATUM,Noatum Ports,Operator / portfolio relationship,,Yes,Current / see source,AD Ports Group / Noatum Ports,https://www.noatum.com/en/terminals-port-operations/noatum-ports-sagunto-terminal/
OWN00110,TERM0106,COMP_NOATUM,Noatum Ports,Operator / portfolio relationship,,Yes,Current / see source,AD Ports Group / Noatum Ports,https://www.noatum.com/en/terminals-port-operations/
OWN00111,TERM0107,COMP_NOATUM,Noatum Ports,Operator / portfolio relationship,,Yes,Current / see source,AD Ports Group / Noatum Ports,https://www.noatum.com/en/terminals-port-operations/noatum-ports-malaga-terminal/
OWN00112,TERM0108,COMP_NOATUM,Noatum Ports,Operator / portfolio relationship,,Yes,Current / see source,AD Ports Group / Noatum Ports,https://www.noatum.com/en/terminals-port-operations/
OWN00113,TERM0109,COMP_NOATUM,Noatum Ports,Operator / portfolio relationship,,Yes,Current / see source,AD Ports Group / Noatum Ports,https://www.noatum.com/en/terminals-port-operations/
OWN00114,TERM0110,COMP_NOATUM,Noatum Ports,Operator / portfolio relationship,,Yes,Current / see source,AD Ports Group / Noatum Ports,https://www.noatum.com/en/terminals-port-operations/noatum-ports-santander-terminal/
OWN00115,TERM0111,COMP_NOATUM,Noatum Ports,Operator / portfolio relationship,,Yes,Current / see source,AD Ports Group / Noatum Ports,https://www.noatum.com/en/terminals-port-operations/
OWN00116,TERM0112,COMP_NOATUM,Noatum Ports,Operator / portfolio relationship,,Yes,Current / see source,AD Ports Group / Noatum Ports,https://www.noatum.com/en/noatum-automotive/
OWN00117,TERM0113,COMP_NOATUM,Autoterminal Barcelona,Operator / portfolio relationship,,Yes,Current / see source,AD Ports Group / Noatum,https://www.noatum.com/en/noatum-automotive/automotive-ports/
OWN00118,TERM0114,COMP_NOATUM,Noatum Ports,Operator / portfolio relationship,,Yes,Current / see source,AD Ports Group / Noatum,https://www.noatum.com/en/noatum-automotive/automotive-ports/
OWN00119,TERM0115,COMP_CMA_TERMINALS,Fenix Marine Services,Operator / portfolio relationship,,Yes,Current / see source,CMA CGM-operated; United Ports portfolio,https://www.cma-cgm.com/news/4028/cma-cgm-completes-the-acquisition-of-fenix-marine-services-one-of-the-largest-container-terminals-in-the-port-of-los-angeles
OWN00120,TERM0116,COMP_CMA_TERMINALS,Port Liberty,Operator / portfolio relationship,,Yes,Current / see source,CMA CGM-operated; United Ports portfolio,https://www.cmacgm-group.com/en/news-media/cma-cgm-and-stonepeak-complete-formation-united-ports-llc
OWN00121,TERM0117,COMP_CMA_TERMINALS,Port Liberty,Operator / portfolio relationship,,Yes,Current / see source,CMA CGM-operated; United Ports portfolio,https://www.cmacgm-group.com/en/news-media/cma-cgm-and-stonepeak-complete-formation-united-ports-llc
OWN00122,TERM0118,COMP_CMA_TERMINALS,Santos Brasil,Operator / portfolio relationship,,Yes,Current / see source,100% Santos Brasil under CMA CGM; United Ports portfolio,https://www.santosbrasil.com.br/v2021/en/containers
OWN00123,TERM0119,COMP_CMA_TERMINALS,Santos Brasil,Operator / portfolio relationship,,Yes,Current / see source,100% Santos Brasil under CMA CGM,https://www.santosbrasil.com.br/v2021/conteineres
OWN00124,TERM0120,COMP_CMA_TERMINALS,Santos Brasil,Operator / portfolio relationship,,Yes,Current / see source,100% Santos Brasil under CMA CGM,https://www.santosbrasil.com.br/v2021/conteineres
OWN00125,TERM0121,COMP_CMA_TERMINALS,CSP Valencia,Operator / portfolio relationship,,Yes,Current / see source,CMA CGM-operated interest; United Ports portfolio,https://www.cmacgm-group.com/en/news-media/cma-cgm-and-stonepeak-complete-formation-united-ports-llc
OWN00126,TERM0122,COMP_CMA_TERMINALS,CSP Bilbao,Operator / portfolio relationship,,Yes,Current / see source,CMA CGM-operated interest; United Ports portfolio,https://www.cmacgm-group.com/en/news-media/cma-cgm-and-stonepeak-complete-formation-united-ports-llc
OWN00127,TERM0123,COMP_CMA_TERMINALS,TTI Algeciras,Operator / portfolio relationship,,Yes,Current / see source,CMA CGM-operated interest; United Ports portfolio,https://www.cmacgm-group.com/en/news-media/cma-cgm-and-stonepeak-complete-formation-united-ports-llc
OWN00128,TERM0124,COMP_CMA_TERMINALS,CMA CGM Kaohsiung Terminal,Operator / portfolio relationship,,Yes,Current / see source,CMA CGM-operated; United Ports portfolio,https://www.cmacgm-group.com/en/news-media/cma-cgm-and-stonepeak-complete-formation-united-ports-llc
OWN00129,TERM0125,COMP_CMA_TERMINALS,Gemalink,Operator / portfolio relationship,,Yes,Current / see source,CMA CGM 25% / Gemadept partnership; United Ports portfolio,https://www.cmacgm-group.com/en/news-media/cma-cgm-launches-phase-2-expansion-works-gemalink-container-terminal
OWN00130,TERM0126,COMP_CMA_TERMINALS,Nhava Sheva Freeport Terminal,Operator / portfolio relationship,,Yes,Current / see source,CMA CGM interest; addition to United Ports subject to approvals,https://www.cmacgm-group.com/en/news-media/cma-cgm-and-stonepeak-complete-formation-united-ports-llc
OWN00131,TERM0127,COMP_CMA_TERMINALS,Lekki Freeport Terminal,Operator / portfolio relationship,,Yes,Current / see source,CMA Terminals investment/operation,https://www.cma-cgm.com/assets/public/pdf/LEKKI%20FREEPORT%20TERMINAL%20Q3%202022.pdf
OWN00132,TERM0128,COMP_CMA_TERMINALS,Trans Misr Terminal,Operator / portfolio relationship,,Yes,Current / see source,CMA Terminals investment/operation,https://www.cma-cgm.com/ebusiness/schedules/terminal/detail/EGALY-MPT
OWN00133,TERM0129,COMP_CMA_TERMINALS,JV with Marsa Maroc,Operator / portfolio relationship,,Yes,Current / see source,51% Marsa Maroc / 49% CMA Terminals,https://www.cma-cgm.com/news/5223/marsa-maroc-and-cma-cgm-finalize-the-agreement-for-the-operation-of-a-container-terminal-at-the-port-of-nador-west-med
OWN00134,TERM0130,COMP_CMA_TERMINALS,RSGT-CMA CGM JV,Operator / portfolio relationship,,Yes,Current / see source,Definitive JV agreements with RSGT,https://rsgt.com.sa/news/rsgt-and-cma-cgm-announce-usd-434-million-initial-investment-sar-1-6-billion-to-develop-terminal-4-and-add-up-to-2-6-million-teus-of-capacity-at-jeddah-islamic-port/
OWN00135,TERM0131,COMP_CMA_TERMINALS,Project JV,Operator / portfolio relationship,,Yes,Current / see source,CMA CGM partnership with Saigon Newport,https://www.cmacgm-group.com/en/news-media/cma-cgm-and-saigon-newport-corporation-sign-strategic-partnership-to-develop-deep-water-terminal-in-vietnam
OWN00136,TERM0132,COMP_CMA_TERMINALS,EUROGATE Container Terminal Hamburg,Operator / portfolio relationship,,Yes,Current / see source,Proposed 20% CMA Terminals minority stake,https://www.eqs-news.com/news/ad-hoc/eurokai-gmbh-co-kgaa-gesprache-uber-mogliche-verauserung-einer-minderheitsbeteiligung-an-eurogate-container-terminal-hamburg-gmbh/7493bbee-38a3-4d68-81f2-564f67cadc7c_de
OWN00137,TERM0133,COMP_CMA_TERMINALS,TBD JV with Kenyan authorities,Operator / portfolio relationship,,Yes,Current / see source,Strategic partnership framework; exact terminal JV structure pending,https://cmacgm-group.com/en/news-media/africa-forward-summit-rodolphe-saade-signs-government-republic-of-kenya-strategic-partnership-agreement
OWN00138,TERM0134,COMP_CMA_TERMINALS,October Dry Port S.A.E.,Operator / portfolio relationship,,Yes,Current / see source,35% CMA CGM stake,https://www.cmacgm-group.com/en/news-media/annual-financial-results-2025
OWN00139,TERM0135,COMP_CMA_TERMINALS,Lyon Rhône Terminal,Operator / portfolio relationship,,Yes,Current / see source,CMA CGM-led consortium 67%,https://www.cmacgm-group.com/en/news-media/annual-financial-results-2025
OWN00140,TERM0136,COMP_CMA_TERMINALS,SAMR,Operator / portfolio relationship,,Yes,Current / see source,CMA Terminals operation,https://www.kalmarglobal.com/news--insights/press_releases/2024/kalmar-concluded-an-agreement-to/
OWN00141,TERM0137,COMP_CMA_TERMINALS,Kribi Conteneurs Terminal,Operator / portfolio relationship,,Yes,Current / see source,CMA CGM-linked terminal interest,https://www.cmacgm-group.com/en/group-and-vision/our-activities/terminals
OWN00142,TERM0138,COMP_TERMINAL_LINK,Terminal Link,Operator / portfolio relationship,,Yes,Current / see source,51% CMA Terminals Holding / 49% CM Port (portfolio-level structure),https://www.terminal-link.com/ports/location
OWN00143,TERM0139,COMP_TERMINAL_LINK,Terminal Link,Operator / portfolio relationship,,Yes,Current / see source,51% CMA Terminals Holding / 49% CM Port (portfolio-level structure),https://www.terminal-link.com/ports/location
OWN00144,TERM0140,COMP_TERMINAL_LINK,Terminal Link,Operator / portfolio relationship,,Yes,Current / see source,51% CMA Terminals Holding / 49% CM Port (portfolio-level structure),https://www.terminal-link.com/ports/location
OWN00145,TERM0141,COMP_TERMINAL_LINK,Terminal Link,Operator / portfolio relationship,,Yes,Current / see source,51% CMA Terminals Holding / 49% CM Port (portfolio-level structure),https://www.terminal-link.com/ports/location
OWN00146,TERM0142,COMP_TERMINAL_LINK,Terminal Link,Operator / portfolio relationship,,Yes,Current / see source,51% CMA Terminals Holding / 49% CM Port (portfolio-level structure),https://www.terminal-link.com/ports/location
OWN00147,TERM0143,COMP_TERMINAL_LINK,Terminal Link,Operator / portfolio relationship,,Yes,Current / see source,51% CMA Terminals Holding / 49% CM Port (portfolio-level structure),https://www.terminal-link.com/ports/location
OWN00148,TERM0144,COMP_TERMINAL_LINK,Terminal Link,Operator / portfolio relationship,,Yes,Current / see source,51% CMA Terminals Holding / 49% CM Port (portfolio-level structure),https://www.terminal-link.com/ports/location
OWN00149,TERM0145,COMP_TERMINAL_LINK,Terminal Link,Operator / portfolio relationship,,Yes,Current / see source,51% CMA Terminals Holding / 49% CM Port (portfolio-level structure),https://www.terminal-link.com/ports/location
OWN00150,TERM0146,COMP_TERMINAL_LINK,Terminal Link,Operator / portfolio relationship,,Yes,Current / see source,51% CMA Terminals Holding / 49% CM Port (portfolio-level structure),https://www.terminal-link.com/ports/location
OWN00151,TERM0147,COMP_TERMINAL_LINK,Terminal Link,Operator / portfolio relationship,,Yes,Current / see source,51% CMA Terminals Holding / 49% CM Port (portfolio-level structure),https://www.terminal-link.com/ports/location
OWN00152,TERM0148,COMP_TERMINAL_LINK,Terminal Link,Operator / portfolio relationship,,Yes,Current / see source,51% CMA Terminals Holding / 49% CM Port (portfolio-level structure),https://www.terminal-link.com/ports/location
OWN00153,TERM0149,COMP_TERMINAL_LINK,Terminal Link,Operator / portfolio relationship,,Yes,Current / see source,51% CMA Terminals Holding / 49% CM Port (portfolio-level structure),https://www.terminal-link.com/ports/location
OWN00154,TERM0150,COMP_TERMINAL_LINK,Terminal Link,Operator / portfolio relationship,,Yes,Current / see source,51% CMA Terminals Holding / 49% CM Port (portfolio-level structure),https://www.terminal-link.com/ports/location
OWN00155,TERM0151,COMP_TERMINAL_LINK,Terminal Link,Operator / portfolio relationship,,Yes,Current / see source,51% CMA Terminals Holding / 49% CM Port (portfolio-level structure),https://www.terminal-link.com/ports/location
OWN00156,TERM0151,COMP_APMT,APM Terminals / partner operator,Operator / portfolio relationship,,,Current / see source,APM Terminals network asset / partnership; detailed equity not verified in this pass,https://www2.apmterminals.com/en/
OWN00157,TERM0152,COMP_TERMINAL_LINK,Terminal Link,Operator / portfolio relationship,,Yes,Current / see source,51% CMA Terminals Holding / 49% CM Port (portfolio-level structure),https://www.terminal-link.com/ports/location
OWN00158,TERM0153,COMP_TERMINAL_LINK,Terminal Link,Operator / portfolio relationship,,Yes,Current / see source,51% CMA Terminals Holding / 49% CM Port (portfolio-level structure),https://www.terminal-link.com/ports/location
OWN00159,TERM0154,COMP_TERMINAL_LINK,Terminal Link,Operator / portfolio relationship,,Yes,Current / see source,51% CMA Terminals Holding / 49% CM Port (portfolio-level structure),https://www.terminal-link.com/ports/location
OWN00160,TERM0155,COMP_TERMINAL_LINK,Terminal Link,Operator / portfolio relationship,,,Current / see source,51% CMA Terminals Holding / 49% CM Port (portfolio-level structure),https://www.terminal-link.com/ports/location
OWN00161,TERM0155,COMP_APMT,APM Terminals / partner operator,Operator / portfolio relationship,,Yes,Current / see source,51% Terminal Link Miami / 49% APM Terminals,https://www2.apmterminals.com/en/miami/about/our-terminal
OWN00162,TERM0156,COMP_TERMINAL_LINK,Terminal Link,Operator / portfolio relationship,,Yes,Current / see source,51% CMA Terminals Holding / 49% CM Port (portfolio-level structure),https://www.terminal-link.com/ports/location
OWN00163,TERM0157,COMP_TERMINAL_LINK,Terminal Link,Operator / portfolio relationship,,Yes,Current / see source,51% CMA Terminals Holding / 49% CM Port (portfolio-level structure),https://www.terminal-link.com/ports/location
OWN00164,TERM0158,COMP_TIL,MPET,Operator / portfolio relationship,,Yes,Current / see source,JV between PSA and TiL,https://www.tilgroup.com/our-terminals/antwerp.html
OWN00165,TERM0159,COMP_TIL,TTI,Operator / portfolio relationship,,Yes,Current / see source,TiL portfolio,https://www.tilgroup.com/our-terminals/long-beach.html
OWN00166,TERM0160,COMP_TIL,MPAT,Operator / portfolio relationship,,Yes,Current / see source,JV between PSA and TiL,https://www.tilgroup.com/our-terminals/pasir.html
OWN00167,TERM0161,COMP_TIL,NCT,Operator / portfolio relationship,,Yes,Current / see source,TiL portfolio,https://tilgroup.com/our-terminals/king-abdullah.html
OWN00168,TERM0162,COMP_TIL,Portonave,Operator / portfolio relationship,,Yes,Current / see source,Part of TiL group,https://www.tilgroup.com/our-terminals/navegantes.html
OWN00169,TERM0163,COMP_TIL,MSC Terminal Valencia,Operator / portfolio relationship,,Yes,Current / see source,TiL portfolio,https://www.tilgroup.com/our-terminals/valencia.html
OWN00170,TERM0164,COMP_TIL,Terminaux de Normandie,Operator / portfolio relationship,,Yes,Current / see source,MSC/TiL portfolio,https://tilgroup.com/our-terminals/havre.html
OWN00171,TERM0165,COMP_TIL,LCT,Operator / portfolio relationship,,Yes,Current / see source,TiL-developed 35-year concession,https://www.tilgroup.com/our-terminals/lome.html
OWN00172,TERM0166,COMP_TIL,PNCT,Operator / portfolio relationship,,Yes,Current / see source,TiL investment/operation,https://spctmd.com/about/
OWN00173,TERM0167,COMP_TIL,PET,Operator / portfolio relationship,,Yes,Current / see source,TiL investment/operation,https://spctmd.com/about/
OWN00174,TERM0168,COMP_TIL,NOT,Operator / portfolio relationship,,Yes,Current / see source,TiL investment/operation,https://spctmd.com/about/
OWN00175,TERM0169,COMP_TIL,Houston Terminal / Bayport,Operator / portfolio relationship,,Yes,Current / see source,TiL investment/operation,https://spctmd.com/about/
OWN00176,TERM0170,COMP_TIL,Houston Terminal / Barbours Cut,Operator / portfolio relationship,,Yes,Current / see source,TiL investment/operation,https://spctmd.com/about/
OWN00177,TERM0171,COMP_TIL,LATT,Operator / portfolio relationship,,Yes,Current / see source,TiL investment/operation,https://spctmd.com/about/
OWN00178,TERM0172,COMP_TIL,SSATS T18,Operator / portfolio relationship,,Yes,Current / see source,TiL investment/operation,https://spctmd.com/about/
OWN00179,TERM0173,COMP_TIL,SSATS T5,Operator / portfolio relationship,,Yes,Current / see source,TiL investment/operation,https://spctmd.com/about/
OWN00180,TERM0174,COMP_TIL,Sparrows Point Container Terminal,Operator / portfolio relationship,,Yes,Current / see source,JV Tradepoint Atlantic + TiL,https://www.spctmd.com/
OWN00181,TERM0175,COMP_TIL,AICTPL / CT3,Operator / portfolio relationship,,Yes,Current / see source,APSEZ-TiL JV,https://www.adaniports.com/newsroom/media-releases/apsez-expands-strategic-partnership-with-msc
OWN00182,TERM0176,COMP_TIL,AECTPL,Operator / portfolio relationship,,Yes,Current / see source,49% TiL / 51% APSEZ,https://www.adaniports.com/newsroom/media-releases/apsez-expands-strategic-partnership-with-msc
OWN00183,TERM0177,COMP_TIL,Adani Vizhinjam Port Pvt Ltd,Operator / portfolio relationship,,Yes,Current / see source,Definitive agreement: 49% TiL / 51% APSEZ,https://www.adani.com/newsroom/media-releases/apsez-and-msc-group-deepen-long-term-partnership
OWN00184,TERM0178,COMP_TIL,Misurata Free Zone Port,Operator / portfolio relationship,,Yes,Current / see source,Long-term PPP; TiL transaction approved by COMESA,https://www.mfzly.com/en/post.php?id=90
OWN00185,TERM0179,COMP_TIL,Medcenter Container Terminal,Operator / portfolio relationship,,Yes,Current / see source,TiL/MSC-linked portfolio,https://tilgroup.com/about-us.html
OWN00186,TERM0180,COMP_TIL,Trieste Marine Terminal,Operator / portfolio relationship,,Yes,Current / see source,TiL-linked portfolio,https://tilgroup.com/about-us.html
OWN00187,TERM0181,COMP_TIL,Terminal XXI,Operator / portfolio relationship,,Yes,Current / see source,TiL-linked investment,https://tilgroup.com/about-us.html
OWN00188,TERM0182,COMP_TIL,Asyaport,Operator / portfolio relationship,,Yes,Current / see source,TiL-controlled through Global Terminal Ltd / local partner,https://disclosures.ifc.org/project-detail/ESRS/33999/asyaport
OWN00189,TERM0183,COMP_TIL,BTP,Operator / portfolio relationship,,Yes,Current / see source,TiL-linked JV,https://tilgroup.com/about-us.html
OWN00190,TERM0183,COMP_APMT,APM Terminals / partner operator,Operator / portfolio relationship,,,Current / see source,APM Terminals network asset / partnership; detailed equity not verified in this pass,https://www2.apmterminals.com/en/
OWN00191,TERM0184,COMP_TIL,TBD,Operator / portfolio relationship,,Yes,Current / see source,TiL-linked portfolio,https://tilgroup.com/about-us.html
OWN00192,TERM0185,COMP_TIL,TBD,Operator / portfolio relationship,,Yes,Current / see source,TiL-linked portfolio,https://tilgroup.com/about-us.html
OWN00193,TERM0186,COMP_TIL,Exolgan,Operator / portfolio relationship,,Yes,Current / see source,TiL-linked portfolio,https://tilgroup.com/about-us.html
OWN00194,TERM0187,COMP_TIL,TBD,Operator / portfolio relationship,,Yes,Current / see source,TiL-linked portfolio,https://tilgroup.com/about-us.html
OWN00195,TERM0188,COMP_TIL,TBD,Operator / portfolio relationship,,Yes,Current / see source,TiL significant presence stated by company,https://tilgroup.com/about-us.html
OWN00196,TERM0189,COMP_TIL,TBD,Operator / portfolio relationship,,Yes,Current / see source,TiL significant presence stated by company,https://tilgroup.com/about-us.html
OWN00197,TERM0190,COMP_TIL,TBD,Operator / portfolio relationship,,Yes,Current / see source,TiL significant presence stated by company,https://tilgroup.com/about-us.html
OWN00198,TERM0191,COMP_APMT,APM Terminals / partner operator,Operator / portfolio relationship,,Yes,Current / see source,APM Terminals concession/operation,https://www2.apmterminals.com/en/lazaro-cardenas/about/our-terminal
OWN00199,TERM0192,COMP_APMT,APM Terminals / partner operator,Operator / portfolio relationship,,Yes,Current / see source,APM Terminals greenfield terminal,https://www2.apmterminals.com/en/suape/about/our-terminal
OWN00200,TERM0193,COMP_APMT,APM Terminals / partner operator,Operator / portfolio relationship,,Yes,Current / see source,APM Terminals Bahrain operator,https://www2.apmterminals.com/en/bahrain/about/our-terminal
OWN00201,TERM0194,COMP_APMT,APM Terminals / partner operator,Operator / portfolio relationship,,Yes,Current / see source,APM Terminals minority interest / partner terminal,https://akamai.apmterminals.com/en/pointe-noire/about/our-terminal
OWN00202,TERM0195,COMP_APMT,APM Terminals / partner operator,Operator / portfolio relationship,,Yes,Current / see source,CIT partnership / APM Terminals investment,https://www2.apmterminals.com/en/cit/about/our-terminal
OWN00203,TERM0196,COMP_APMT,APM Terminals / partner operator,Operator / portfolio relationship,,Yes,Current / see source,APM Terminals network asset / partnership; detailed equity not verified in this pass,https://www2.apmterminals.com/en/
OWN00204,TERM0197,COMP_APMT,APM Terminals / partner operator,Operator / portfolio relationship,,Yes,Current / see source,SCCT JV / APM Terminals investment,https://www2.apmterminals.com/en/scct/about/our-terminal
OWN00205,TERM0198,COMP_APMT,APM Terminals / partner operator,Operator / portfolio relationship,,Yes,Current / see source,APM Terminals network asset / partnership; detailed equity not verified in this pass,https://www2.apmterminals.com/en/
OWN00206,TERM0199,COMP_APMT,APM Terminals / partner operator,Operator / portfolio relationship,,Yes,Current / see source,APM Terminals 50% + 1 under BOT with Aqaba Development Company,https://akamai.apmterminals.com/en/aqaba/about/our-terminal
OWN00207,TERM0200,COMP_APMT,APM Terminals / partner operator,Operator / portfolio relationship,,Yes,Current / see source,APM Terminals concession; ownership increased to 100% per APM growth update,https://www2.apmterminals.com/en/monrovia/about/our-terminal
OWN00208,TERM0201,COMP_APMT,APM Terminals / partner operator,Operator / portfolio relationship,,Yes,Current / see source,APM Terminals / Tanger Med partnership,https://www2.apmterminals.com/en/medport-tangier/about/our-terminal
OWN00209,TERM0202,COMP_APMT,APM Terminals / partner operator,Operator / portfolio relationship,,Yes,Current / see source,APM Terminals Tangier partnership,https://akamai.apmterminals.com/en/tangier/about/our-terminal
OWN00210,TERM0203,COMP_APMT,APM Terminals / partner operator,Operator / portfolio relationship,,Yes,Current / see source,APM Terminals concession,https://www2.apmterminals.com/en/apapa/about/our-terminal
OWN00211,TERM0204,COMP_APMT,APM Terminals / partner operator,Operator / portfolio relationship,,Yes,Current / see source,West Africa Container Terminal / APM Terminals,https://www2.apmterminals.com/en/onne/about/our-terminal
OWN00212,TERM0205,COMP_APMT,APM Terminals / partner operator,Operator / portfolio relationship,,Yes,Current / see source,APM Terminals / Port of Salalah partnership,https://www2.apmterminals.com/en/salalah/about/our-terminal
OWN00213,TERM0206,COMP_APMT,APM Terminals / partner operator,Operator / portfolio relationship,,Yes,Current / see source,APM Terminals network asset / partnership; detailed equity not verified in this pass,https://www2.apmterminals.com/en/
OWN00214,TERM0207,COMP_APMT,APM Terminals / partner operator,Operator / portfolio relationship,,Yes,Current / see source,APM Terminals network asset / partnership; detailed equity not verified in this pass,https://www2.apmterminals.com/en/
OWN00215,TERM0208,COMP_APMT,APM Terminals / partner operator,Operator / portfolio relationship,,Yes,Current / see source,APM Terminals 49% / SIPG joint venture,https://www2.apmterminals.com/en/shanghai/about/our-terminal
OWN00216,TERM0209,COMP_APMT,APM Terminals / partner operator,Operator / portfolio relationship,,Yes,Current / see source,APM Terminals 20% interest,https://www2.apmterminals.com/en/tianjin/about/our-terminal
OWN00217,TERM0210,COMP_APMT,APM Terminals / partner operator,Operator / portfolio relationship,,Yes,Current / see source,APM Terminals network asset / partnership; detailed equity not verified in this pass,https://www2.apmterminals.com/en/
OWN00218,TERM0211,COMP_APMT,APM Terminals / partner operator,Operator / portfolio relationship,,Yes,Current / see source,APM Terminals / CONCOR joint venture,https://www2.apmterminals.com/en/mumbai/about/our-terminal
OWN00219,TERM0212,COMP_APMT,APM Terminals / partner operator,Operator / portfolio relationship,,Yes,Current / see source,APM Terminals-controlled Gujarat Pipavav Port,https://www2.apmterminals.com/en/pipavav/about/our-terminal
OWN00220,TERM0213,COMP_APMT,APM Terminals / partner operator,Operator / portfolio relationship,,Yes,Current / see source,APM Terminals network asset / partnership; detailed equity not verified in this pass,https://www2.apmterminals.com/en/
OWN00221,TERM0214,COMP_APMT,APM Terminals / partner operator,Operator / portfolio relationship,,Yes,Current / see source,APM Terminals / MMC partnership,https://akamai.apmterminals.com/en/tanjung-pelepas/about/our-terminal
OWN00222,TERM0215,COMP_APMT,APM Terminals / partner operator,Operator / portfolio relationship,,Yes,Current / see source,APM Terminals network asset / partnership; detailed equity not verified in this pass,https://www2.apmterminals.com/en/
OWN00223,TERM0216,COMP_APMT,APM Terminals / partner operator,Operator / portfolio relationship,,Yes,Current / see source,Cai Mep International Terminal JV / APM Terminals investment,https://akamai.apmterminals.com/en/cai-mep/about/our-terminal
OWN00224,TERM0217,COMP_APMT,APM Terminals / partner operator,Operator / portfolio relationship,,Yes,Current / see source,51% APM Terminals / 49% ENNA Group,https://www2.apmterminals.com/en/rijeka/about/our-terminal
OWN00225,TERM0218,COMP_APMT,APM Terminals / partner operator,Operator / portfolio relationship,,Yes,Current / see source,APM Terminals operation,https://www2.apmterminals.com/en/aarhus/about/our-terminal
OWN00226,TERM0219,COMP_APMT,APM Terminals / partner operator,Operator / portfolio relationship,,Yes,Current / see source,APM Terminals network asset / partnership; detailed equity not verified in this pass,https://www2.apmterminals.com/en/
OWN00227,TERM0220,COMP_APMT,APM Terminals / partner operator,Operator / portfolio relationship,,Yes,Current / see source,APM Terminals network asset / partnership; detailed equity not verified in this pass,https://www2.apmterminals.com/en/
OWN00228,TERM0221,COMP_APMT,APM Terminals / partner operator,Operator / portfolio relationship,,Yes,Current / see source,APM Terminals network asset / partnership; detailed equity not verified in this pass,https://www2.apmterminals.com/en/
OWN00229,TERM0222,COMP_APMT,APM Terminals / partner operator,Operator / portfolio relationship,,Yes,Current / see source,APM Terminals network asset / partnership; detailed equity not verified in this pass,https://www2.apmterminals.com/en/
OWN00230,TERM0223,COMP_APMT,APM Terminals / partner operator,Operator / portfolio relationship,,Yes,Current / see source,APM Terminals Vado port system,https://akamai.apmterminals.com/en/vado-ligure/about/our-terminal
OWN00231,TERM0224,COMP_APMT,APM Terminals / partner operator,Operator / portfolio relationship,,Yes,Current / see source,APM Terminals operator; Hapag-Lloyd 25% stake agreement pending approval,https://www2.apmterminals.com/en/news/news-releases/2026/260819-APMTerminals-and-Hapag-Lloyd-partner-at-Maasvlakte-II
OWN00232,TERM0225,COMP_APMT,APM Terminals / partner operator,Operator / portfolio relationship,,Yes,Current / see source,APM Terminals network asset / partnership; detailed equity not verified in this pass,https://www2.apmterminals.com/en/
OWN00233,TERM0226,COMP_APMT,APM Terminals / partner operator,Operator / portfolio relationship,,Yes,Current / see source,APM Terminals network asset / partnership; detailed equity not verified in this pass,https://www2.apmterminals.com/en/
OWN00234,TERM0227,COMP_APMT,APM Terminals / partner operator,Operator / portfolio relationship,,Yes,Current / see source,APM Terminals network asset / partnership; detailed equity not verified in this pass,https://www2.apmterminals.com/en/
OWN00235,TERM0228,COMP_APMT,APM Terminals / partner operator,Operator / portfolio relationship,,Yes,Current / see source,APM Terminals concession extended to 2049,https://www2.apmterminals.com/en/news/news-releases/2026/260422-APM-Terminals-invests-in-upgrade-and-extends-partnership
OWN00236,TERM0229,COMP_APMT,APM Terminals / partner operator,Operator / portfolio relationship,,Yes,Current / see source,APM Terminals operation,https://www2.apmterminals.com/en/gothenburg/about/our-terminal
OWN00237,TERM0230,COMP_APMT,APM Terminals / partner operator,Operator / portfolio relationship,,Yes,Current / see source,APM Terminals long-term management; no current equity after 2018 divestment,https://www2.apmterminals.com/en/izmir/about/our-terminal
OWN00238,TERM0231,COMP_APMT,APM Terminals / partner operator,Operator / portfolio relationship,,Yes,Current / see source,Terminal 4 / APM Terminals,https://akamai.apmterminals.com/en/buenos-aires/about/our-terminal
OWN00239,TERM0232,COMP_APMT,APM Terminals / partner operator,Operator / portfolio relationship,,Yes,Current / see source,APM Terminals network asset / partnership; detailed equity not verified in this pass,https://www2.apmterminals.com/en/
OWN00240,TERM0233,COMP_APMT,APM Terminals / partner operator,Operator / portfolio relationship,,Yes,Current / see source,APM Terminals operation/management,https://www2.apmterminals.com/en/pecem/about/our-terminal
OWN00241,TERM0234,COMP_APMT,APM Terminals / partner operator,Operator / portfolio relationship,,Yes,Current / see source,APM Terminals network asset / partnership; detailed equity not verified in this pass,https://www2.apmterminals.com/en/
OWN00242,TERM0235,COMP_APMT,APM Terminals / partner operator,Operator / portfolio relationship,,Yes,Current / see source,APM Terminals concession,https://www2.apmterminals.com/en/moin/about/our-terminal
OWN00243,TERM0236,COMP_APMT,APM Terminals / partner operator,Operator / portfolio relationship,,Yes,Current / see source,APM Terminals operation,https://www2.apmterminals.com/en/puerto-quetzal/about/our-terminal
OWN00244,TERM0237,COMP_APMT,APM Terminals / partner operator,Operator / portfolio relationship,,Yes,Current / see source,APM Terminals network asset / partnership; detailed equity not verified in this pass,https://www2.apmterminals.com/en/
OWN00245,TERM0238,COMP_APMT,APM Terminals / partner operator,Operator / portfolio relationship,,Yes,Current / see source,APM Terminals Callao concession,https://www2.apmterminals.com/en/callao/about/our-terminal
OWN00246,TERM0239,COMP_APMT,APM Terminals / partner operator,Operator / portfolio relationship,,Yes,Current / see source,APM Terminals Pier 400,https://www2.apmterminals.com/en/los-angeles/about/our-terminal
OWN00247,TERM0240,COMP_APMT,APM Terminals / partner operator,Operator / portfolio relationship,,Yes,Current / see source,APM Terminals Mobile,https://www2.apmterminals.com/en/mobile/about/our-terminal
OWN00248,TERM0241,COMP_APMT,APM Terminals / partner operator,Operator / portfolio relationship,,Yes,Current / see source,APM Terminals Port Elizabeth,https://www2.apmterminals.com/en/port-elizabeth/about/our-terminal
OWN00249,TERM0242,COMP_APMT,APM Terminals / CPA / QNS partnership,Operator / portfolio relationship,,Yes,Current / see source,PPP with Chittagong Port Authority and QNS Container Services,https://www2.apmterminals.com/en/news/news-releases/2026/260831-APMTerminals-breaks-ground-in-Laldia
OWN00250,TERM0243,COMP_APMT,APM Terminals / Hateco Group,Operator / portfolio relationship,,Yes,Current / see source,Partnership with Hateco and Da Nang City,https://akamai.apmterminals.com/en/news/news-releases/2026/260425-APM-Terminals-and-Hateco-partner-in-Da-Nang
OWN00251,TERM0244,COMP_APMT,APM Terminals Panama,Operator / portfolio relationship,,Yes,Current / see source,Temporary operating mandate,https://www2.apmterminals.com/en/news/news-releases/2026/260224-APM-Terminals-begins-temporary-operations-Port-of-Balboa
OWN00252,TERM0245,COMP_APMT,HHIT,Operator / portfolio relationship,,Yes,Current / see source,APM Terminals / Hateco partnership,https://akamai.apmterminals.com/en/news/news-releases/2026/260425-APM-Terminals-and-Hateco-partner-in-Da-Nang
OWN00253,TERM0082,COMP_CMA_TERMINALS,CMA Terminals,Owner,70,Joint operator / terminal partner,Current,70% CMA Terminals; 30% AD Ports Group,https://www.adportsgroup.com/en/news-and-media/2025/11/18/ad-ports-group-signs-agreement-with-cma-cgm-group-to-expand-terminal-at-khalifa-port
OWN00254,TERM0082,COMP_ADPORTS,AD Ports Group,Owner,30,Joint terminal partner,Current,30% AD Ports Group,https://www.adportsgroup.com/en/news-and-media/2025/11/18/ad-ports-group-signs-agreement-with-cma-cgm-group-to-expand-terminal-at-khalifa-port
OWN00255,TERM0097,COMP_ADPORTS,AD Ports Group,Owner,51,Lead JV / operator,Development,51% AD Ports Group,
OWN00256,TERM0097,COMP_CMA_TERMINALS,CMA Terminals,Owner,49,JV partner,Development,49% CMA Terminals,https://www.adportsgroup.com/en/news-and-media/2026/05/18/ad-ports-group-awards-three-contracts-for-noatum-ports-pointe-noire-terminal
OWN00257,TERM0155,COMP_TERMINAL_LINK,Terminal Link Miami,Owner,51,,Current,51% Terminal Link Miami / CMA CGM,https://www.terminal-link.com/ports/location
OWN00258,TERM0155,COMP_APMT,APM Terminals,Owner,49,,Current,49% APM Terminals,https://www2.apmterminals.com/en/miami/about/our-terminal
OWN00259,TERM0040,COMP_DPW,DP World,Owner / operator,62.5,Yes,Agreement structure,DP World retains operating control,https://www.dpworld.com/en/ports-terminals/saudi-arabia/jeddah
OWN00260,TERM0040,COMP_APMT,APM Terminals,Minority investment agreement,37.5,No,Pending completion verification,APM Terminals to acquire 37.5%,https://www2.apmterminals.com/en/news/news-releases/2026/260218-APM-Terminals-DPWorld-strategic-partnership-Jeddah-Islamic-Port
OWN00261,TERM0183,COMP_APMT,APM Terminals,Owner,50,,Current,50/50 JV,https://www2.apmterminals.com/en/
OWN00262,TERM0183,COMP_TIL,Terminal Investment Limited,Owner,50,,Current,50/50 JV,https://tilgroup.com/about-us.html
OWN00263,TERM0018,COMP_DPW,DP World,Investor / operator,,,Current,Shared terminal investment; exact current equity to verify in next pass,https://www.dpworld.com/en/ports-terminals/belgium/antwerp
OWN00264,TERM0018,COMP_TERMINAL_LINK,Terminal Link,Investor,,,Current,Shared terminal investment; exact current equity to verify in next pass,https://www.terminal-link.com/ports/location
OWN00265,TERM0251,COMP_PSA,PSA International,OPERATOR / PORTFOLIO,,Yes / portfolio role,Operating,Current operator/portfolio relationship from official network source,https://www.globalpsa.com/globaloffices/
OWN00266,TERM0252,COMP_PSA,PSA International,OPERATOR / PORTFOLIO,,Yes / portfolio role,Operating,Current operator/portfolio relationship from official network source,https://www.globalpsa.com/globaloffices/
OWN00267,TERM0253,COMP_PSA,PSA International,OPERATOR / PORTFOLIO,,Yes / portfolio role,Operating,Current operator/portfolio relationship from official network source,https://www.globalpsa.com/globaloffices/
OWN00268,TERM0254,COMP_PSA,PSA International,OPERATOR / PORTFOLIO,,Yes / portfolio role,Operating,Current operator/portfolio relationship from official network source,https://www.globalpsa.com/globaloffices/
OWN00269,TERM0255,COMP_PSA,PSA International,OPERATOR / PORTFOLIO,,Yes / portfolio role,Operating,Current operator/portfolio relationship from official network source,https://www.globalpsa.com/globaloffices/
OWN00270,TERM0256,COMP_PSA,PSA International,OPERATOR / PORTFOLIO,,Yes / portfolio role,Operating,Current operator/portfolio relationship from official network source,https://www.globalpsa.com/globaloffices/
OWN00271,TERM0257,COMP_PSA,PSA International,OPERATOR / PORTFOLIO,,Yes / portfolio role,Operating,Current operator/portfolio relationship from official network source,https://www.globalpsa.com/globaloffices/
OWN00272,TERM0258,COMP_PSA,PSA International,OPERATOR / PORTFOLIO,,Yes / portfolio role,Operating,Current operator/portfolio relationship from official network source,https://www.globalpsa.com/globaloffices/
OWN00273,TERM0259,COMP_PSA,PSA International,OPERATOR / PORTFOLIO,,Yes / portfolio role,Operating,Current operator/portfolio relationship from official network source,https://www.globalpsa.com/globaloffices/
OWN00274,TERM0260,COMP_PSA,PSA International,OPERATOR / PORTFOLIO,,Yes / portfolio role,Operating,Current operator/portfolio relationship from official network source,https://www.globalpsa.com/globaloffices/
OWN00275,TERM0261,COMP_PSA,PSA International,OPERATOR / PORTFOLIO,,Yes / portfolio role,Operating,Current operator/portfolio relationship from official network source,https://www.globalpsa.com/globaloffices/
OWN00276,TERM0262,COMP_PSA,PSA International,OPERATOR / PORTFOLIO,,Yes / portfolio role,Operating,Current operator/portfolio relationship from official network source,https://www.globalpsa.com/globaloffices/
OWN00277,TERM0263,COMP_PSA,PSA International,OPERATOR / PORTFOLIO,,Yes / portfolio role,Operating,Current operator/portfolio relationship from official network source,https://www.globalpsa.com/globaloffices/
OWN00278,TERM0264,COMP_PSA,PSA International,OPERATOR / PORTFOLIO,,Yes / portfolio role,Operating,Current operator/portfolio relationship from official network source,https://www.globalpsa.com/globaloffices/
OWN00279,TERM0265,COMP_PSA,PSA International,OPERATOR / PORTFOLIO,,Yes / portfolio role,Operating,Current operator/portfolio relationship from official network source,https://www.globalpsa.com/globaloffices/
OWN00280,TERM0266,COMP_PSA,PSA International,OPERATOR / PORTFOLIO,,Yes / portfolio role,Operating,Current operator/portfolio relationship from official network source,https://www.globalpsa.com/globaloffices/
OWN00281,TERM0267,COMP_PSA,PSA International,OPERATOR / PORTFOLIO,,Yes / portfolio role,Operating,Current operator/portfolio relationship from official network source,https://www.globalpsa.com/globaloffices/
OWN00282,TERM0268,COMP_PSA,PSA International,OPERATOR / PORTFOLIO,,Yes / portfolio role,Operating,Current operator/portfolio relationship from official network source,https://www.globalpsa.com/globaloffices/
OWN00283,TERM0269,COMP_PSA,PSA International,OPERATOR / PORTFOLIO,,Yes / portfolio role,Operating,Current operator/portfolio relationship from official network source,https://www.globalpsa.com/globaloffices/
OWN00284,TERM0270,COMP_PSA,PSA International,OPERATOR / PORTFOLIO,,Yes / portfolio role,Operating,Current operator/portfolio relationship from official network source,https://www.globalpsa.com/globaloffices/
OWN00285,TERM0271,COMP_PSA,PSA International,OPERATOR / PORTFOLIO,,Yes / portfolio role,Operating,Current operator/portfolio relationship from official network source,https://www.globalpsa.com/globaloffices/
OWN00286,TERM0272,COMP_PSA,PSA International,OPERATOR / PORTFOLIO,,Yes / portfolio role,Operating,Current operator/portfolio relationship from official network source,https://www.globalpsa.com/globaloffices/
OWN00287,TERM0158,COMP_PSA,PSA International,OPERATOR / PORTFOLIO,,Yes / portfolio role,Operating,Current operator/portfolio relationship from official network source,https://www.globalpsa.com/globaloffices/
OWN00288,TERM0273,COMP_PSA,PSA International,OPERATOR / PORTFOLIO,,Yes / portfolio role,Operating,Current operator/portfolio relationship from official network source,https://www.globalpsa.com/globaloffices/
OWN00289,TERM0274,COMP_PSA,PSA International,OPERATOR / PORTFOLIO,,Yes / portfolio role,Operating,Current operator/portfolio relationship from official network source,https://www.globalpsa.com/globaloffices/
OWN00290,TERM0275,COMP_PSA,PSA International,OPERATOR / PORTFOLIO,,Yes / portfolio role,Operating,Current operator/portfolio relationship from official network source,https://www.globalpsa.com/globaloffices/
OWN00291,TERM0276,COMP_PSA,PSA International,OPERATOR / PORTFOLIO,,Yes / portfolio role,Operating,Current operator/portfolio relationship from official network source,https://www.globalpsa.com/globaloffices/
OWN00292,TERM0277,COMP_PSA,PSA International,OPERATOR / PORTFOLIO,,Yes / portfolio role,Operating,Current operator/portfolio relationship from official network source,https://www.globalpsa.com/globaloffices/
OWN00293,TERM0278,COMP_PSA,PSA International,OPERATOR / PORTFOLIO,,Yes / portfolio role,Operating,Current operator/portfolio relationship from official network source,https://www.globalpsa.com/globaloffices/
OWN00294,TERM0279,COMP_PSA,PSA International,OPERATOR / PORTFOLIO,,Yes / portfolio role,Operating,Current operator/portfolio relationship from official network source,https://www.globalpsa.com/globaloffices/
OWN00295,TERM0280,COMP_PSA,PSA International,OPERATOR / PORTFOLIO,,Yes / portfolio role,Operating,Current operator/portfolio relationship from official network source,https://www.globalpsa.com/globaloffices/
OWN00296,TERM0186,COMP_PSA,PSA International,OPERATOR / PORTFOLIO,,Yes / portfolio role,Operating,Current operator/portfolio relationship from official network source,https://www.globalpsa.com/globaloffices/
OWN00297,TERM0281,COMP_PSA,PSA International,OPERATOR / PORTFOLIO,,Yes / portfolio role,Operating,Current operator/portfolio relationship from official network source,https://www.globalpsa.com/globaloffices/
OWN00298,TERM0282,COMP_PSA,PSA International,OPERATOR / PORTFOLIO,,Yes / portfolio role,Operating,Current operator/portfolio relationship from official network source,https://www.globalpsa.com/globaloffices/
OWN00299,TERM0283,COMP_PSA,PSA International,OPERATOR / PORTFOLIO,,Yes / portfolio role,Operating,Current operator/portfolio relationship from official network source,https://www.globalpsa.com/globaloffices/
OWN00300,TERM0284,COMP_PSA,PSA International,OPERATOR / PORTFOLIO,,Yes / portfolio role,Operating,Current operator/portfolio relationship from official network source,https://www.globalpsa.com/globaloffices/
OWN00301,TERM0285,COMP_PSA,PSA International,OPERATOR / PORTFOLIO,,Yes / portfolio role,Operating,Current operator/portfolio relationship from official network source,https://www.globalpsa.com/globaloffices/
OWN00302,TERM0286,COMP_HUTCHISON,Hutchison Ports,OPERATOR / PORTFOLIO,,Yes / portfolio role,Operating,Current operator/portfolio relationship from official network source,https://www.hutchisonports.com/media/d/Hutchison%2BPorts%2BBrochure_Oct_2025.pdf?key=000000000017603396271743dTS5
OWN00303,TERM0287,COMP_HUTCHISON,Hutchison Ports,OPERATOR / PORTFOLIO,,Yes / portfolio role,Operating,Current operator/portfolio relationship from official network source,https://www.hutchisonports.com/media/d/Hutchison%2BPorts%2BBrochure_Oct_2025.pdf?key=000000000017603396271743dTS5
OWN00304,TERM0288,COMP_HUTCHISON,Hutchison Ports,OPERATOR / PORTFOLIO,,Yes / portfolio role,Operating,Current operator/portfolio relationship from official network source,https://www.hutchisonports.com/media/d/Hutchison%2BPorts%2BBrochure_Oct_2025.pdf?key=000000000017603396271743dTS5
OWN00305,TERM0289,COMP_HUTCHISON,Hutchison Ports,OPERATOR / PORTFOLIO,,Yes / portfolio role,Operating,Current operator/portfolio relationship from official network source,https://www.hutchisonports.com/media/d/Hutchison%2BPorts%2BBrochure_Oct_2025.pdf?key=000000000017603396271743dTS5
OWN00306,TERM0290,COMP_HUTCHISON,Hutchison Ports,OPERATOR / PORTFOLIO,,Yes / portfolio role,Operating,Current operator/portfolio relationship from official network source,https://www.hutchisonports.com/media/d/Hutchison%2BPorts%2BBrochure_Oct_2025.pdf?key=000000000017603396271743dTS5
OWN00307,TERM0291,COMP_HUTCHISON,Hutchison Ports,OPERATOR / PORTFOLIO,,Yes / portfolio role,Operating,Current operator/portfolio relationship from official network source,https://www.hutchisonports.com/media/d/Hutchison%2BPorts%2BBrochure_Oct_2025.pdf?key=000000000017603396271743dTS5
OWN00308,TERM0292,COMP_HUTCHISON,Hutchison Ports,OPERATOR / PORTFOLIO,,Yes / portfolio role,Operating,Current operator/portfolio relationship from official network source,https://www.hutchisonports.com/media/d/Hutchison%2BPorts%2BBrochure_Oct_2025.pdf?key=000000000017603396271743dTS5
OWN00309,TERM0293,COMP_HUTCHISON,Hutchison Ports,OPERATOR / PORTFOLIO,,Yes / portfolio role,Operating,Current operator/portfolio relationship from official network source,https://www.hutchisonports.com/media/d/Hutchison%2BPorts%2BBrochure_Oct_2025.pdf?key=000000000017603396271743dTS5
OWN00310,TERM0294,COMP_HUTCHISON,Hutchison Ports,OPERATOR / PORTFOLIO,,Yes / portfolio role,Operating,Current operator/portfolio relationship from official network source,https://www.hutchisonports.com/media/d/Hutchison%2BPorts%2BBrochure_Oct_2025.pdf?key=000000000017603396271743dTS5
OWN00311,TERM0295,COMP_HUTCHISON,Hutchison Ports,OPERATOR / PORTFOLIO,,Yes / portfolio role,Operating,Current operator/portfolio relationship from official network source,https://www.hutchisonports.com/media/d/Hutchison%2BPorts%2BBrochure_Oct_2025.pdf?key=000000000017603396271743dTS5
OWN00312,TERM0296,COMP_HUTCHISON,Hutchison Ports,OPERATOR / PORTFOLIO,,Yes / portfolio role,Operating,Current operator/portfolio relationship from official network source,https://www.hutchisonports.com/media/d/Hutchison%2BPorts%2BBrochure_Oct_2025.pdf?key=000000000017603396271743dTS5
OWN00313,TERM0297,COMP_HUTCHISON,Hutchison Ports,OPERATOR / PORTFOLIO,,Yes / portfolio role,Operating,Current operator/portfolio relationship from official network source,https://www.hutchisonports.com/media/d/Hutchison%2BPorts%2BBrochure_Oct_2025.pdf?key=000000000017603396271743dTS5
OWN00314,TERM0298,COMP_HUTCHISON,Hutchison Ports,OPERATOR / PORTFOLIO,,Yes / portfolio role,Operating,Current operator/portfolio relationship from official network source,https://www.hutchisonports.com/media/d/Hutchison%2BPorts%2BBrochure_Oct_2025.pdf?key=000000000017603396271743dTS5
OWN00315,TERM0299,COMP_HUTCHISON,Hutchison Ports,OPERATOR / PORTFOLIO,,Yes / portfolio role,Operating,Current operator/portfolio relationship from official network source,https://www.hutchisonports.com/media/d/Hutchison%2BPorts%2BBrochure_Oct_2025.pdf?key=000000000017603396271743dTS5
OWN00316,TERM0300,COMP_HUTCHISON,Hutchison Ports,OPERATOR / PORTFOLIO,,Yes / portfolio role,Operating,Current operator/portfolio relationship from official network source,https://www.hutchisonports.com/media/d/Hutchison%2BPorts%2BBrochure_Oct_2025.pdf?key=000000000017603396271743dTS5
OWN00317,TERM0301,COMP_HUTCHISON,Hutchison Ports,OPERATOR / PORTFOLIO,,Yes / portfolio role,Operating,Current operator/portfolio relationship from official network source,https://www.hutchisonports.com/media/d/Hutchison%2BPorts%2BBrochure_Oct_2025.pdf?key=000000000017603396271743dTS5
OWN00318,TERM0302,COMP_HUTCHISON,Hutchison Ports,OPERATOR / PORTFOLIO,,Yes / portfolio role,Operating,Current operator/portfolio relationship from official network source,https://www.hutchisonports.com/media/d/Hutchison%2BPorts%2BBrochure_Oct_2025.pdf?key=000000000017603396271743dTS5
OWN00319,TERM0303,COMP_HUTCHISON,Hutchison Ports,OPERATOR / PORTFOLIO,,Yes / portfolio role,Operating,Current operator/portfolio relationship from official network source,https://www.hutchisonports.com/media/d/Hutchison%2BPorts%2BBrochure_Oct_2025.pdf?key=000000000017603396271743dTS5
OWN00320,TERM0304,COMP_HUTCHISON,Hutchison Ports,OPERATOR / PORTFOLIO,,Yes / portfolio role,Operating,Current operator/portfolio relationship from official network source,https://www.hutchisonports.com/media/d/Hutchison%2BPorts%2BBrochure_Oct_2025.pdf?key=000000000017603396271743dTS5
OWN00321,TERM0305,COMP_HUTCHISON,Hutchison Ports,OPERATOR / PORTFOLIO,,Yes / portfolio role,Operating,Current operator/portfolio relationship from official network source,https://www.hutchisonports.com/media/d/Hutchison%2BPorts%2BBrochure_Oct_2025.pdf?key=000000000017603396271743dTS5
OWN00322,TERM0306,COMP_HUTCHISON,Hutchison Ports,OPERATOR / PORTFOLIO,,Yes / portfolio role,Operating,Current operator/portfolio relationship from official network source,https://www.hutchisonports.com/media/d/Hutchison%2BPorts%2BBrochure_Oct_2025.pdf?key=000000000017603396271743dTS5
OWN00323,TERM0307,COMP_HUTCHISON,Hutchison Ports,OPERATOR / PORTFOLIO,,Yes / portfolio role,Operating,Current operator/portfolio relationship from official network source,https://www.hutchisonports.com/media/d/Hutchison%2BPorts%2BBrochure_Oct_2025.pdf?key=000000000017603396271743dTS5
OWN00324,TERM0308,COMP_HUTCHISON,Hutchison Ports,OPERATOR / PORTFOLIO,,Yes / portfolio role,Operating,Current operator/portfolio relationship from official network source,https://www.hutchisonports.com/media/d/Hutchison%2BPorts%2BBrochure_Oct_2025.pdf?key=000000000017603396271743dTS5
OWN00325,TERM0309,COMP_HUTCHISON,Hutchison Ports,OPERATOR / PORTFOLIO,,Yes / portfolio role,Operating,Current operator/portfolio relationship from official network source,https://www.hutchisonports.com/media/d/Hutchison%2BPorts%2BBrochure_Oct_2025.pdf?key=000000000017603396271743dTS5
OWN00326,TERM0310,COMP_HUTCHISON,Hutchison Ports,OPERATOR / PORTFOLIO,,Yes / portfolio role,Operating,Current operator/portfolio relationship from official network source,https://www.hutchisonports.com/media/d/Hutchison%2BPorts%2BBrochure_Oct_2025.pdf?key=000000000017603396271743dTS5
OWN00327,TERM0311,COMP_HUTCHISON,Hutchison Ports,OPERATOR / PORTFOLIO,,Yes / portfolio role,Operating,Current operator/portfolio relationship from official network source,https://www.hutchisonports.com/media/d/Hutchison%2BPorts%2BBrochure_Oct_2025.pdf?key=000000000017603396271743dTS5
OWN00328,TERM0312,COMP_HUTCHISON,Hutchison Ports,OPERATOR / PORTFOLIO,,Yes / portfolio role,Operating,Current operator/portfolio relationship from official network source,https://www.hutchisonports.com/media/d/Hutchison%2BPorts%2BBrochure_Oct_2025.pdf?key=000000000017603396271743dTS5
OWN00329,TERM0313,COMP_HUTCHISON,Hutchison Ports,OPERATOR / PORTFOLIO,,Yes / portfolio role,Operating,Current operator/portfolio relationship from official network source,https://www.hutchisonports.com/media/d/Hutchison%2BPorts%2BBrochure_Oct_2025.pdf?key=000000000017603396271743dTS5
OWN00330,TERM0314,COMP_HUTCHISON,Hutchison Ports,OPERATOR / PORTFOLIO,,Yes / portfolio role,Operating,Current operator/portfolio relationship from official network source,https://www.hutchisonports.com/media/d/Hutchison%2BPorts%2BBrochure_Oct_2025.pdf?key=000000000017603396271743dTS5
OWN00331,TERM0315,COMP_HUTCHISON,Hutchison Ports,OPERATOR / PORTFOLIO,,Yes / portfolio role,Operating,Current operator/portfolio relationship from official network source,https://www.hutchisonports.com/media/d/Hutchison%2BPorts%2BBrochure_Oct_2025.pdf?key=000000000017603396271743dTS5
OWN00332,TERM0316,COMP_HUTCHISON,Hutchison Ports,OPERATOR / PORTFOLIO,,Yes / portfolio role,Operating,Current operator/portfolio relationship from official network source,https://www.hutchisonports.com/media/d/Hutchison%2BPorts%2BBrochure_Oct_2025.pdf?key=000000000017603396271743dTS5
OWN00333,TERM0317,COMP_HUTCHISON,Hutchison Ports,OPERATOR / PORTFOLIO,,Yes / portfolio role,Operating,Current operator/portfolio relationship from official network source,https://www.hutchisonports.com/media/d/Hutchison%2BPorts%2BBrochure_Oct_2025.pdf?key=000000000017603396271743dTS5
OWN00334,TERM0318,COMP_HUTCHISON,Hutchison Ports,OPERATOR / PORTFOLIO,,Yes / portfolio role,Operating,Current operator/portfolio relationship from official network source,https://www.hutchisonports.com/media/d/Hutchison%2BPorts%2BBrochure_Oct_2025.pdf?key=000000000017603396271743dTS5
OWN00335,TERM0319,COMP_HUTCHISON,Hutchison Ports,OPERATOR / PORTFOLIO,,Yes / portfolio role,Operating,Current operator/portfolio relationship from official network source,https://www.hutchisonports.com/media/d/Hutchison%2BPorts%2BBrochure_Oct_2025.pdf?key=000000000017603396271743dTS5
OWN00336,TERM0320,COMP_HUTCHISON,Hutchison Ports,OPERATOR / PORTFOLIO,,Yes / portfolio role,Operating,Current operator/portfolio relationship from official network source,https://www.hutchisonports.com/media/d/Hutchison%2BPorts%2BBrochure_Oct_2025.pdf?key=000000000017603396271743dTS5
OWN00337,TERM0321,COMP_HUTCHISON,Hutchison Ports,OPERATOR / PORTFOLIO,,Yes / portfolio role,Operating,Current operator/portfolio relationship from official network source,https://www.hutchisonports.com/media/d/Hutchison%2BPorts%2BBrochure_Oct_2025.pdf?key=000000000017603396271743dTS5
OWN00338,TERM0322,COMP_HUTCHISON,Hutchison Ports,OPERATOR / PORTFOLIO,,Yes / portfolio role,Operating,Current operator/portfolio relationship from official network source,https://www.hutchisonports.com/media/d/Hutchison%2BPorts%2BBrochure_Oct_2025.pdf?key=000000000017603396271743dTS5
OWN00339,TERM0323,COMP_HUTCHISON,Hutchison Ports,OPERATOR / PORTFOLIO,,Yes / portfolio role,Operating,Current operator/portfolio relationship from official network source,https://www.hutchisonports.com/media/d/Hutchison%2BPorts%2BBrochure_Oct_2025.pdf?key=000000000017603396271743dTS5
OWN00340,TERM0324,COMP_HUTCHISON,Hutchison Ports,OPERATOR / PORTFOLIO,,Yes / portfolio role,Operating,Current operator/portfolio relationship from official network source,https://www.hutchisonports.com/media/d/Hutchison%2BPorts%2BBrochure_Oct_2025.pdf?key=000000000017603396271743dTS5
OWN00341,TERM0325,COMP_HUTCHISON,Hutchison Ports,OPERATOR / PORTFOLIO,,Yes / portfolio role,Operating,Current operator/portfolio relationship from official network source,https://www.hutchisonports.com/media/d/Hutchison%2BPorts%2BBrochure_Oct_2025.pdf?key=000000000017603396271743dTS5
OWN00342,TERM0326,COMP_HUTCHISON,Hutchison Ports,OPERATOR / PORTFOLIO,,Yes / portfolio role,Operating,Current operator/portfolio relationship from official network source,https://www.hutchisonports.com/media/d/Hutchison%2BPorts%2BBrochure_Oct_2025.pdf?key=000000000017603396271743dTS5
OWN00343,TERM0327,COMP_HUTCHISON,Hutchison Ports,OPERATOR / PORTFOLIO,,Yes / portfolio role,Operating,Current operator/portfolio relationship from official network source,https://www.hutchisonports.com/media/d/Hutchison%2BPorts%2BBrochure_Oct_2025.pdf?key=000000000017603396271743dTS5
OWN00344,TERM0328,COMP_HUTCHISON,Hutchison Ports,OPERATOR / PORTFOLIO,,Yes / portfolio role,Operating,Current operator/portfolio relationship from official network source,https://www.hutchisonports.com/media/d/Hutchison%2BPorts%2BBrochure_Oct_2025.pdf?key=000000000017603396271743dTS5
OWN00345,TERM0329,COMP_HUTCHISON,Hutchison Ports,OPERATOR / PORTFOLIO,,Yes / portfolio role,Operating,Current operator/portfolio relationship from official network source,https://www.hutchisonports.com/media/d/Hutchison%2BPorts%2BBrochure_Oct_2025.pdf?key=000000000017603396271743dTS5
OWN00346,TERM0330,COMP_HUTCHISON,Hutchison Ports,OPERATOR / PORTFOLIO,,Yes / portfolio role,Operating,Current operator/portfolio relationship from official network source,https://www.hutchisonports.com/media/d/Hutchison%2BPorts%2BBrochure_Oct_2025.pdf?key=000000000017603396271743dTS5
OWN00347,TERM0331,COMP_HUTCHISON,Hutchison Ports,OPERATOR / PORTFOLIO,,Yes / portfolio role,Operating,Current operator/portfolio relationship from official network source,https://www.hutchisonports.com/media/d/Hutchison%2BPorts%2BBrochure_Oct_2025.pdf?key=000000000017603396271743dTS5
OWN00348,TERM0332,COMP_HUTCHISON,Hutchison Ports,OPERATOR / PORTFOLIO,,Yes / portfolio role,Operating,Current operator/portfolio relationship from official network source,https://www.hutchisonports.com/media/d/Hutchison%2BPorts%2BBrochure_Oct_2025.pdf?key=000000000017603396271743dTS5
OWN00349,TERM0333,COMP_HUTCHISON,Hutchison Ports,OPERATOR / PORTFOLIO,,Yes / portfolio role,Operating,Current operator/portfolio relationship from official network source,https://www.hutchisonports.com/media/d/Hutchison%2BPorts%2BBrochure_Oct_2025.pdf?key=000000000017603396271743dTS5
OWN00350,TERM0334,COMP_HUTCHISON,Hutchison Ports,OPERATOR / PORTFOLIO,,Yes / portfolio role,Operating,Current operator/portfolio relationship from official network source,https://www.hutchisonports.com/media/d/Hutchison%2BPorts%2BBrochure_Oct_2025.pdf?key=000000000017603396271743dTS5
OWN00351,TERM0335,COMP_HUTCHISON,Hutchison Ports,OPERATOR / PORTFOLIO,,Yes / portfolio role,Operating,Current operator/portfolio relationship from official network source,https://www.hutchisonports.com/media/d/Hutchison%2BPorts%2BBrochure_Oct_2025.pdf?key=000000000017603396271743dTS5
OWN00352,TERM0336,COMP_HUTCHISON,Hutchison Ports,OPERATOR / PORTFOLIO,,Yes / portfolio role,Operating,Current operator/portfolio relationship from official network source,https://www.hutchisonports.com/media/d/Hutchison%2BPorts%2BBrochure_Oct_2025.pdf?key=000000000017603396271743dTS5
OWN00353,TERM0337,COMP_HUTCHISON,Hutchison Ports,OPERATOR / PORTFOLIO,,Yes / portfolio role,Operating,Current operator/portfolio relationship from official network source,https://www.hutchisonports.com/media/d/Hutchison%2BPorts%2BBrochure_Oct_2025.pdf?key=000000000017603396271743dTS5
OWN00354,TERM0338,COMP_HUTCHISON,Hutchison Ports,OPERATOR / PORTFOLIO,,Yes / portfolio role,Operating,Current operator/portfolio relationship from official network source,https://www.hutchisonports.com/media/d/Hutchison%2BPorts%2BBrochure_Oct_2025.pdf?key=000000000017603396271743dTS5
OWN00355,TERM0339,COMP_HUTCHISON,Hutchison Ports,OPERATOR / PORTFOLIO,,Yes / portfolio role,Operating,Current operator/portfolio relationship from official network source,https://www.hutchisonports.com/media/d/Hutchison%2BPorts%2BBrochure_Oct_2025.pdf?key=000000000017603396271743dTS5
OWN00356,TERM0340,COMP_HUTCHISON,Hutchison Ports,OPERATOR / PORTFOLIO,,Yes / portfolio role,Operating,Current operator/portfolio relationship from official network source,https://www.hutchisonports.com/media/d/Hutchison%2BPorts%2BBrochure_Oct_2025.pdf?key=000000000017603396271743dTS5
OWN00357,TERM0341,COMP_HUTCHISON,Hutchison Ports,OPERATOR / PORTFOLIO,,Yes / portfolio role,Operating,Current operator/portfolio relationship from official network source,https://www.hutchisonports.com/media/d/Hutchison%2BPorts%2BBrochure_Oct_2025.pdf?key=000000000017603396271743dTS5
OWN00358,TERM0342,COMP_HUTCHISON,Hutchison Ports,OPERATOR / PORTFOLIO,,Yes / portfolio role,Operating,Current operator/portfolio relationship from official network source,https://www.hutchisonports.com/media/d/Hutchison%2BPorts%2BBrochure_Oct_2025.pdf?key=000000000017603396271743dTS5
OWN00359,TERM0343,COMP_HUTCHISON,Hutchison Ports,OPERATOR / PORTFOLIO,,Yes / portfolio role,Operating,Current operator/portfolio relationship from official network source,https://www.hutchisonports.com/media/d/Hutchison%2BPorts%2BBrochure_Oct_2025.pdf?key=000000000017603396271743dTS5
OWN00360,TERM0314,COMP_COSCO_PORTS,COSCO SHIPPING Ports,OPERATOR / PORTFOLIO,,Yes / portfolio role,Operating,Operator/investment portfolio; exact equity varies by terminal,https://ports.coscoshipping.com/en/Media/PhotoGallery/
OWN00361,TERM0344,COMP_COSCO_PORTS,COSCO SHIPPING Ports,OPERATOR / PORTFOLIO,,Yes / portfolio role,Operating,Operator/investment portfolio; exact equity varies by terminal,https://ports.coscoshipping.com/en/Media/PhotoGallery/
OWN00362,TERM0345,COMP_COSCO_PORTS,COSCO SHIPPING Ports,OPERATOR / PORTFOLIO,,Yes / portfolio role,Operating,Operator/investment portfolio; exact equity varies by terminal,https://ports.coscoshipping.com/en/Media/PhotoGallery/
OWN00363,TERM0346,COMP_COSCO_PORTS,COSCO SHIPPING Ports,OPERATOR / PORTFOLIO,,Yes / portfolio role,Operating,Operator/investment portfolio; exact equity varies by terminal,https://ports.coscoshipping.com/en/Media/PhotoGallery/
OWN00364,TERM0347,COMP_COSCO_PORTS,COSCO SHIPPING Ports,OPERATOR / PORTFOLIO,,Yes / portfolio role,Operating,Operator/investment portfolio; exact equity varies by terminal,https://ports.coscoshipping.com/en/Media/PhotoGallery/
OWN00365,TERM0348,COMP_COSCO_PORTS,COSCO SHIPPING Ports,OPERATOR / PORTFOLIO,,Yes / portfolio role,Operating,Operator/investment portfolio; exact equity varies by terminal,https://ports.coscoshipping.com/en/Media/PhotoGallery/
OWN00366,TERM0349,COMP_COSCO_PORTS,COSCO SHIPPING Ports,OPERATOR / PORTFOLIO,,Yes / portfolio role,Operating,Operator/investment portfolio; exact equity varies by terminal,https://ports.coscoshipping.com/en/Media/PhotoGallery/
OWN00367,TERM0350,COMP_COSCO_PORTS,COSCO SHIPPING Ports,OPERATOR / PORTFOLIO,,Yes / portfolio role,Operating,Operator/investment portfolio; exact equity varies by terminal,https://ports.coscoshipping.com/en/Media/PhotoGallery/
OWN00368,TERM0351,COMP_COSCO_PORTS,COSCO SHIPPING Ports,OPERATOR / PORTFOLIO,,Yes / portfolio role,Operating,Operator/investment portfolio; exact equity varies by terminal,https://ports.coscoshipping.com/en/Media/PhotoGallery/
OWN00369,TERM0352,COMP_COSCO_PORTS,COSCO SHIPPING Ports,OPERATOR / PORTFOLIO,,Yes / portfolio role,Operating,Operator/investment portfolio; exact equity varies by terminal,https://ports.coscoshipping.com/en/Media/PhotoGallery/
OWN00370,TERM0353,COMP_COSCO_PORTS,COSCO SHIPPING Ports,OPERATOR / PORTFOLIO,,Yes / portfolio role,Operating,Operator/investment portfolio; exact equity varies by terminal,https://ports.coscoshipping.com/en/Media/PhotoGallery/
OWN00371,TERM0354,COMP_COSCO_PORTS,COSCO SHIPPING Ports,OPERATOR / PORTFOLIO,,Yes / portfolio role,Operating,Operator/investment portfolio; exact equity varies by terminal,https://ports.coscoshipping.com/en/Media/PhotoGallery/
OWN00372,TERM0355,COMP_COSCO_PORTS,COSCO SHIPPING Ports,OPERATOR / PORTFOLIO,,Yes / portfolio role,Operating,Operator/investment portfolio; exact equity varies by terminal,https://ports.coscoshipping.com/en/Media/PhotoGallery/
OWN00373,TERM0356,COMP_COSCO_PORTS,COSCO SHIPPING Ports,OPERATOR / PORTFOLIO,,Yes / portfolio role,Operating,Operator/investment portfolio; exact equity varies by terminal,https://ports.coscoshipping.com/en/Media/PhotoGallery/
OWN00374,TERM0357,COMP_COSCO_PORTS,COSCO SHIPPING Ports,OPERATOR / PORTFOLIO,,Yes / portfolio role,Operating,Operator/investment portfolio; exact equity varies by terminal,https://ports.coscoshipping.com/en/Media/PhotoGallery/
OWN00375,TERM0358,COMP_COSCO_PORTS,COSCO SHIPPING Ports,OPERATOR / PORTFOLIO,,Yes / portfolio role,Operating,Operator/investment portfolio; exact equity varies by terminal,https://ports.coscoshipping.com/en/Media/PhotoGallery/
OWN00376,TERM0359,COMP_COSCO_PORTS,COSCO SHIPPING Ports,OPERATOR / PORTFOLIO,,Yes / portfolio role,Operating,Operator/investment portfolio; exact equity varies by terminal,https://ports.coscoshipping.com/en/Media/PhotoGallery/
OWN00377,TERM0360,COMP_COSCO_PORTS,COSCO SHIPPING Ports,OPERATOR / PORTFOLIO,,Yes / portfolio role,Operating,Operator/investment portfolio; exact equity varies by terminal,https://ports.coscoshipping.com/en/Media/PhotoGallery/
OWN00378,TERM0323,COMP_COSCO_PORTS,COSCO SHIPPING Ports,OPERATOR / PORTFOLIO,,Yes / portfolio role,Operating,Operator/investment portfolio; exact equity varies by terminal,https://ports.coscoshipping.com/en/Media/PhotoGallery/
OWN00379,TERM0324,COMP_COSCO_PORTS,COSCO SHIPPING Ports,OPERATOR / PORTFOLIO,,Yes / portfolio role,Operating,Operator/investment portfolio; exact equity varies by terminal,https://ports.coscoshipping.com/en/Media/PhotoGallery/
OWN00380,TERM0361,COMP_COSCO_PORTS,COSCO SHIPPING Ports,OPERATOR / PORTFOLIO,,Yes / portfolio role,Operating,Operator/investment portfolio; exact equity varies by terminal,https://ports.coscoshipping.com/en/Media/PhotoGallery/
OWN00381,TERM0362,COMP_COSCO_PORTS,COSCO SHIPPING Ports,OPERATOR / PORTFOLIO,,Yes / portfolio role,Operating,Operator/investment portfolio; exact equity varies by terminal,https://ports.coscoshipping.com/en/Media/PhotoGallery/
OWN00382,TERM0363,COMP_COSCO_PORTS,COSCO SHIPPING Ports,OPERATOR / PORTFOLIO,,Yes / portfolio role,Operating,Operator/investment portfolio; exact equity varies by terminal,https://ports.coscoshipping.com/en/Media/PhotoGallery/
OWN00383,TERM0364,COMP_COSCO_PORTS,COSCO SHIPPING Ports,OPERATOR / PORTFOLIO,,Yes / portfolio role,Operating,Operator/investment portfolio; exact equity varies by terminal,https://ports.coscoshipping.com/en/Media/PhotoGallery/
OWN00384,TERM0365,COMP_COSCO_PORTS,COSCO SHIPPING Ports,OPERATOR / PORTFOLIO,,Yes / portfolio role,Operating,Operator/investment portfolio; exact equity varies by terminal,https://ports.coscoshipping.com/en/Media/PhotoGallery/
OWN00385,TERM0366,COMP_COSCO_PORTS,COSCO SHIPPING Ports,OPERATOR / PORTFOLIO,,Yes / portfolio role,Operating,Operator/investment portfolio; exact equity varies by terminal,https://ports.coscoshipping.com/en/Media/PhotoGallery/
OWN00386,TERM0018,COMP_COSCO_PORTS,COSCO SHIPPING Ports,OPERATOR / PORTFOLIO,,Yes / portfolio role,Operating,Operator/investment portfolio; exact equity varies by terminal,https://ports.coscoshipping.com/en/Media/PhotoGallery/
OWN00387,TERM0367,COMP_COSCO_PORTS,COSCO SHIPPING Ports,OPERATOR / PORTFOLIO,,Yes / portfolio role,Operating,Operator/investment portfolio; exact equity varies by terminal,https://ports.coscoshipping.com/en/Media/PhotoGallery/
OWN00388,TERM0368,COMP_COSCO_PORTS,COSCO SHIPPING Ports,OPERATOR / PORTFOLIO,,Yes / portfolio role,Operating,Operator/investment portfolio; exact equity varies by terminal,https://ports.coscoshipping.com/en/Media/PhotoGallery/
OWN00389,TERM0081,COMP_COSCO_PORTS,COSCO SHIPPING Ports,OPERATOR / PORTFOLIO,,Yes / portfolio role,Operating,Operator/investment portfolio; exact equity varies by terminal,https://ports.coscoshipping.com/en/Media/PhotoGallery/
OWN00390,TERM0122,COMP_COSCO_PORTS,COSCO SHIPPING Ports,OPERATOR / PORTFOLIO,,Yes / portfolio role,Operating,Operator/investment portfolio; exact equity varies by terminal,https://ports.coscoshipping.com/en/Media/PhotoGallery/
OWN00391,TERM0121,COMP_COSCO_PORTS,COSCO SHIPPING Ports,OPERATOR / PORTFOLIO,,Yes / portfolio role,Operating,Operator/investment portfolio; exact equity varies by terminal,https://ports.coscoshipping.com/en/Media/PhotoGallery/
OWN00392,TERM0369,COMP_COSCO_PORTS,COSCO SHIPPING Ports,OPERATOR / PORTFOLIO,,Yes / portfolio role,Operating,Operator/investment portfolio; exact equity varies by terminal,https://ports.coscoshipping.com/en/Media/PhotoGallery/
OWN00393,TERM0296,COMP_COSCO_PORTS,COSCO SHIPPING Ports,OPERATOR / PORTFOLIO,,Yes / portfolio role,Operating,Operator/investment portfolio; exact equity varies by terminal,https://ports.coscoshipping.com/en/Media/PhotoGallery/
OWN00394,TERM0370,COMP_COSCO_PORTS,COSCO SHIPPING Ports,OPERATOR / PORTFOLIO,,Yes / portfolio role,Operating,Operator/investment portfolio; exact equity varies by terminal,https://ports.coscoshipping.com/en/Media/PhotoGallery/
OWN00395,TERM0371,COMP_COSCO_PORTS,COSCO SHIPPING Ports,OPERATOR / PORTFOLIO,,Yes / portfolio role,Operating,Operator/investment portfolio; exact equity varies by terminal,https://ports.coscoshipping.com/en/Media/PhotoGallery/
OWN00396,TERM0372,COMP_COSCO_PORTS,COSCO SHIPPING Ports,OPERATOR / PORTFOLIO,,Yes / portfolio role,Operating,Operator/investment portfolio; exact equity varies by terminal,https://ports.coscoshipping.com/en/Media/PhotoGallery/
OWN00397,TERM0373,COMP_COSCO_PORTS,COSCO SHIPPING Ports,OPERATOR / PORTFOLIO,,Yes / portfolio role,Operating,Operator/investment portfolio; exact equity varies by terminal,https://ports.coscoshipping.com/en/Media/PhotoGallery/
OWN00398,TERM0374,COMP_ICTSI,ICTSI,OPERATOR / PORTFOLIO,,Yes / portfolio role,Operating,Current operator/portfolio relationship from official network source,https://www.ictsi.com/sitemap
OWN00399,TERM0375,COMP_ICTSI,ICTSI,OPERATOR / PORTFOLIO,,Yes / portfolio role,Operating,Current operator/portfolio relationship from official network source,https://www.ictsi.com/sitemap
OWN00400,TERM0376,COMP_ICTSI,ICTSI,OPERATOR / PORTFOLIO,,Yes / portfolio role,Operating,Current operator/portfolio relationship from official network source,https://www.ictsi.com/sitemap
OWN00401,TERM0377,COMP_ICTSI,ICTSI,OPERATOR / PORTFOLIO,,Yes / portfolio role,Operating,Current operator/portfolio relationship from official network source,https://www.ictsi.com/sitemap
OWN00402,TERM0378,COMP_ICTSI,ICTSI,OPERATOR / PORTFOLIO,,Yes / portfolio role,Operating,Current operator/portfolio relationship from official network source,https://www.ictsi.com/sitemap
OWN00403,TERM0379,COMP_ICTSI,ICTSI,OPERATOR / PORTFOLIO,,Yes / portfolio role,Operating,Current operator/portfolio relationship from official network source,https://www.ictsi.com/sitemap
OWN00404,TERM0380,COMP_ICTSI,ICTSI,OPERATOR / PORTFOLIO,,Yes / portfolio role,Operating,Current operator/portfolio relationship from official network source,https://www.ictsi.com/sitemap
OWN00405,TERM0381,COMP_ICTSI,ICTSI,OPERATOR / PORTFOLIO,,Yes / portfolio role,Operating,Current operator/portfolio relationship from official network source,https://www.ictsi.com/sitemap
OWN00406,TERM0382,COMP_ICTSI,ICTSI,OPERATOR / PORTFOLIO,,Yes / portfolio role,Operating,Current operator/portfolio relationship from official network source,https://www.ictsi.com/sitemap
OWN00407,TERM0383,COMP_ICTSI,ICTSI,OPERATOR / PORTFOLIO,,Yes / portfolio role,Operating,Current operator/portfolio relationship from official network source,https://www.ictsi.com/sitemap
OWN00408,TERM0384,COMP_ICTSI,ICTSI,OPERATOR / PORTFOLIO,,Yes / portfolio role,Operating,Current operator/portfolio relationship from official network source,https://www.ictsi.com/sitemap
OWN00409,TERM0385,COMP_ICTSI,ICTSI,OPERATOR / PORTFOLIO,,Yes / portfolio role,Operating,Current operator/portfolio relationship from official network source,https://www.ictsi.com/sitemap
OWN00410,TERM0386,COMP_ICTSI,ICTSI,OPERATOR / PORTFOLIO,,Yes / portfolio role,Operating,Current operator/portfolio relationship from official network source,https://www.ictsi.com/sitemap
OWN00411,TERM0387,COMP_ICTSI,ICTSI,OPERATOR / PORTFOLIO,,Yes / portfolio role,Operating,Current operator/portfolio relationship from official network source,https://www.ictsi.com/sitemap
OWN00412,TERM0388,COMP_ICTSI,ICTSI,OPERATOR / PORTFOLIO,,Yes / portfolio role,Operating,Current operator/portfolio relationship from official network source,https://www.ictsi.com/sitemap
OWN00413,TERM0389,COMP_ICTSI,ICTSI,OPERATOR / PORTFOLIO,,Yes / portfolio role,Operating,Current operator/portfolio relationship from official network source,https://www.ictsi.com/sitemap
OWN00414,TERM0390,COMP_ICTSI,ICTSI,OPERATOR / PORTFOLIO,,Yes / portfolio role,Operating,Current operator/portfolio relationship from official network source,https://www.ictsi.com/sitemap
OWN00415,TERM0391,COMP_ICTSI,ICTSI,OPERATOR / PORTFOLIO,,Yes / portfolio role,Operating,Current operator/portfolio relationship from official network source,https://www.ictsi.com/sitemap
OWN00416,TERM0392,COMP_ICTSI,ICTSI,OPERATOR / PORTFOLIO,,Yes / portfolio role,Operating,Current operator/portfolio relationship from official network source,https://www.ictsi.com/sitemap
OWN00417,TERM0393,COMP_ICTSI,ICTSI,OPERATOR / PORTFOLIO,,Yes / portfolio role,Operating,Current operator/portfolio relationship from official network source,https://www.ictsi.com/sitemap
OWN00418,TERM0394,COMP_ICTSI,ICTSI,OPERATOR / PORTFOLIO,,Yes / portfolio role,Operating,Current operator/portfolio relationship from official network source,https://www.ictsi.com/sitemap
OWN00419,TERM0395,COMP_ICTSI,ICTSI,OPERATOR / PORTFOLIO,,Yes / portfolio role,Operating,Current operator/portfolio relationship from official network source,https://www.ictsi.com/sitemap
OWN00420,TERM0396,COMP_ICTSI,ICTSI,OPERATOR / PORTFOLIO,,Yes / portfolio role,Operating,Current operator/portfolio relationship from official network source,https://www.ictsi.com/sitemap
OWN00421,TERM0397,COMP_ICTSI,ICTSI,OPERATOR / PORTFOLIO,,Yes / portfolio role,Operating,Current operator/portfolio relationship from official network source,https://www.ictsi.com/sitemap
OWN00422,TERM0398,COMP_ICTSI,ICTSI,OPERATOR / PORTFOLIO,,Yes / portfolio role,Operating,Current operator/portfolio relationship from official network source,https://www.ictsi.com/sitemap
OWN00423,TERM0399,COMP_ICTSI,ICTSI,OPERATOR / PORTFOLIO,,Yes / portfolio role,Operating,Current operator/portfolio relationship from official network source,https://www.ictsi.com/sitemap
OWN00424,TERM0400,COMP_ICTSI,ICTSI,OPERATOR / PORTFOLIO,,Yes / portfolio role,Operating,Current operator/portfolio relationship from official network source,https://www.ictsi.com/sitemap
OWN00425,TERM0401,COMP_ICTSI,ICTSI,OPERATOR / PORTFOLIO,,Yes / portfolio role,Operating,Current operator/portfolio relationship from official network source,https://www.ictsi.com/sitemap
OWN00426,TERM0402,COMP_ICTSI,ICTSI,OPERATOR / PORTFOLIO,,Yes / portfolio role,Operating,Current operator/portfolio relationship from official network source,https://www.ictsi.com/sitemap
OWN00427,TERM0403,COMP_ICTSI,ICTSI,OPERATOR / PORTFOLIO,,Yes / portfolio role,Operating,Current operator/portfolio relationship from official network source,https://www.ictsi.com/sitemap
OWN00428,TERM0404,COMP_ICTSI,ICTSI,OPERATOR / PORTFOLIO,,Yes / portfolio role,Operating,Current operator/portfolio relationship from official network source,https://www.ictsi.com/sitemap
OWN00429,TERM0405,COMP_ICTSI,ICTSI,OPERATOR / PORTFOLIO,,Yes / portfolio role,Operating,Current operator/portfolio relationship from official network source,https://www.ictsi.com/sitemap
OWN00430,TERM0406,COMP_ICTSI,ICTSI,OPERATOR / PORTFOLIO,,Yes / portfolio role,Operating,Current operator/portfolio relationship from official network source,https://investors.ictsi.com/company-disclosures/sec-filings?page=0
OWN00431,TERM0407,COMP_ICTSI,ICTSI,OPERATOR / PORTFOLIO,,Yes / portfolio role,Operating,Current operator/portfolio relationship from official network source,https://investors.ictsi.com/company-disclosures/sec-filings?page=0
OWN00432,TERM0408,COMP_CM_PORT,China Merchants Port,OPERATOR / PORTFOLIO,,Yes / portfolio role,Operating,Controlled / major portfolio interest; exact equity varies,https://www.cmport.com.hk/
OWN00433,TERM0409,COMP_CM_PORT,China Merchants Port,OPERATOR / PORTFOLIO,,Yes / portfolio role,Operating,Controlled / major portfolio interest; exact equity varies,https://www.cmport.com.hk/
OWN00434,TERM0410,COMP_CM_PORT,China Merchants Port,OPERATOR / PORTFOLIO,,Yes / portfolio role,Operating,Controlled / major portfolio interest; exact equity varies,https://www.cmport.com.hk/
OWN00435,TERM0411,COMP_CM_PORT,China Merchants Port,OPERATOR / PORTFOLIO,,Yes / portfolio role,Operating,Controlled / major portfolio interest; exact equity varies,https://www.cmport.com.hk/
OWN00436,TERM0412,COMP_CM_PORT,China Merchants Port,OPERATOR / PORTFOLIO,,Yes / portfolio role,Operating,Controlled / major portfolio interest; exact equity varies,https://www.cmport.com.hk/
OWN00437,TERM0413,COMP_CM_PORT,China Merchants Port,OPERATOR / PORTFOLIO,,Yes / portfolio role,Operating,Controlled / major portfolio interest; exact equity varies,https://www.cmport.com.hk/
OWN00438,TERM0165,COMP_CM_PORT,China Merchants Port,OPERATOR / PORTFOLIO,,Yes / portfolio role,Operating,Controlled / major portfolio interest; exact equity varies,https://www.cmport.com.hk/
OWN00439,TERM0414,COMP_CM_PORT,China Merchants Port,OPERATOR / PORTFOLIO,,Yes / portfolio role,Operating,Controlled / major portfolio interest; exact equity varies,https://www.cmport.com.hk/
OWN00440,TERM0370,COMP_CM_PORT,China Merchants Port,OPERATOR / PORTFOLIO,,Yes / portfolio role,Operating,Controlled / major portfolio interest; exact equity varies,https://www.cmport.com.hk/
OWN00441,TERM0415,COMP_CM_PORT,China Merchants Port,OPERATOR / PORTFOLIO,,Yes / portfolio role,Operating,Controlled / major portfolio interest; exact equity varies,https://www.cmport.com.hk/
OWN00442,TERM0018,COMP_CM_PORT,China Merchants Port,INDIRECT PORTFOLIO INTEREST VIA TERMINAL LINK,49% of Terminal Link at portfolio level,No / partner interest,Current,CMPort holds 49% of Terminal Link; terminal-level economics may vary.,https://www.cmport.com.hk/
OWN00443,TERM0138,COMP_CM_PORT,China Merchants Port,INDIRECT PORTFOLIO INTEREST VIA TERMINAL LINK,49% of Terminal Link at portfolio level,No / partner interest,Current,CMPort holds 49% of Terminal Link; terminal-level economics may vary.,https://www.cmport.com.hk/
OWN00444,TERM0139,COMP_CM_PORT,China Merchants Port,INDIRECT PORTFOLIO INTEREST VIA TERMINAL LINK,49% of Terminal Link at portfolio level,No / partner interest,Current,CMPort holds 49% of Terminal Link; terminal-level economics may vary.,https://www.cmport.com.hk/
OWN00445,TERM0140,COMP_CM_PORT,China Merchants Port,INDIRECT PORTFOLIO INTEREST VIA TERMINAL LINK,49% of Terminal Link at portfolio level,No / partner interest,Current,CMPort holds 49% of Terminal Link; terminal-level economics may vary.,https://www.cmport.com.hk/
OWN00446,TERM0141,COMP_CM_PORT,China Merchants Port,INDIRECT PORTFOLIO INTEREST VIA TERMINAL LINK,49% of Terminal Link at portfolio level,No / partner interest,Current,CMPort holds 49% of Terminal Link; terminal-level economics may vary.,https://www.cmport.com.hk/
OWN00447,TERM0142,COMP_CM_PORT,China Merchants Port,INDIRECT PORTFOLIO INTEREST VIA TERMINAL LINK,49% of Terminal Link at portfolio level,No / partner interest,Current,CMPort holds 49% of Terminal Link; terminal-level economics may vary.,https://www.cmport.com.hk/
OWN00448,TERM0143,COMP_CM_PORT,China Merchants Port,INDIRECT PORTFOLIO INTEREST VIA TERMINAL LINK,49% of Terminal Link at portfolio level,No / partner interest,Current,CMPort holds 49% of Terminal Link; terminal-level economics may vary.,https://www.cmport.com.hk/
OWN00449,TERM0144,COMP_CM_PORT,China Merchants Port,INDIRECT PORTFOLIO INTEREST VIA TERMINAL LINK,49% of Terminal Link at portfolio level,No / partner interest,Current,CMPort holds 49% of Terminal Link; terminal-level economics may vary.,https://www.cmport.com.hk/
OWN00450,TERM0145,COMP_CM_PORT,China Merchants Port,INDIRECT PORTFOLIO INTEREST VIA TERMINAL LINK,49% of Terminal Link at portfolio level,No / partner interest,Current,CMPort holds 49% of Terminal Link; terminal-level economics may vary.,https://www.cmport.com.hk/
OWN00451,TERM0146,COMP_CM_PORT,China Merchants Port,INDIRECT PORTFOLIO INTEREST VIA TERMINAL LINK,49% of Terminal Link at portfolio level,No / partner interest,Current,CMPort holds 49% of Terminal Link; terminal-level economics may vary.,https://www.cmport.com.hk/
OWN00452,TERM0147,COMP_CM_PORT,China Merchants Port,INDIRECT PORTFOLIO INTEREST VIA TERMINAL LINK,49% of Terminal Link at portfolio level,No / partner interest,Current,CMPort holds 49% of Terminal Link; terminal-level economics may vary.,https://www.cmport.com.hk/
OWN00453,TERM0148,COMP_CM_PORT,China Merchants Port,INDIRECT PORTFOLIO INTEREST VIA TERMINAL LINK,49% of Terminal Link at portfolio level,No / partner interest,Current,CMPort holds 49% of Terminal Link; terminal-level economics may vary.,https://www.cmport.com.hk/
OWN00454,TERM0149,COMP_CM_PORT,China Merchants Port,INDIRECT PORTFOLIO INTEREST VIA TERMINAL LINK,49% of Terminal Link at portfolio level,No / partner interest,Current,CMPort holds 49% of Terminal Link; terminal-level economics may vary.,https://www.cmport.com.hk/
OWN00455,TERM0150,COMP_CM_PORT,China Merchants Port,INDIRECT PORTFOLIO INTEREST VIA TERMINAL LINK,49% of Terminal Link at portfolio level,No / partner interest,Current,CMPort holds 49% of Terminal Link; terminal-level economics may vary.,https://www.cmport.com.hk/
OWN00456,TERM0151,COMP_CM_PORT,China Merchants Port,INDIRECT PORTFOLIO INTEREST VIA TERMINAL LINK,49% of Terminal Link at portfolio level,No / partner interest,Current,CMPort holds 49% of Terminal Link; terminal-level economics may vary.,https://www.cmport.com.hk/
OWN00457,TERM0152,COMP_CM_PORT,China Merchants Port,INDIRECT PORTFOLIO INTEREST VIA TERMINAL LINK,49% of Terminal Link at portfolio level,No / partner interest,Current,CMPort holds 49% of Terminal Link; terminal-level economics may vary.,https://www.cmport.com.hk/
OWN00458,TERM0153,COMP_CM_PORT,China Merchants Port,INDIRECT PORTFOLIO INTEREST VIA TERMINAL LINK,49% of Terminal Link at portfolio level,No / partner interest,Current,CMPort holds 49% of Terminal Link; terminal-level economics may vary.,https://www.cmport.com.hk/
OWN00459,TERM0154,COMP_CM_PORT,China Merchants Port,INDIRECT PORTFOLIO INTEREST VIA TERMINAL LINK,49% of Terminal Link at portfolio level,No / partner interest,Current,CMPort holds 49% of Terminal Link; terminal-level economics may vary.,https://www.cmport.com.hk/
OWN00460,TERM0155,COMP_CM_PORT,China Merchants Port,INDIRECT PORTFOLIO INTEREST VIA TERMINAL LINK,49% of Terminal Link at portfolio level,No / partner interest,Current,CMPort holds 49% of Terminal Link; terminal-level economics may vary.,https://www.cmport.com.hk/
OWN00461,TERM0156,COMP_CM_PORT,China Merchants Port,INDIRECT PORTFOLIO INTEREST VIA TERMINAL LINK,49% of Terminal Link at portfolio level,No / partner interest,Current,CMPort holds 49% of Terminal Link; terminal-level economics may vary.,https://www.cmport.com.hk/
OWN00462,TERM0157,COMP_CM_PORT,China Merchants Port,INDIRECT PORTFOLIO INTEREST VIA TERMINAL LINK,49% of Terminal Link at portfolio level,No / partner interest,Current,CMPort holds 49% of Terminal Link; terminal-level economics may vary.,https://www.cmport.com.hk/
OWN00463,TERM0416,COMP_GULFTAINER,Gulftainer,OPERATOR / PORTFOLIO,,Yes / portfolio role,Operating,Current operator/portfolio relationship from official network source,https://www.gulftainer.com/solutions/ports-terminals/
OWN00464,TERM0417,COMP_GULFTAINER,Gulftainer,OPERATOR / PORTFOLIO,,Yes / portfolio role,Operating,Current operator/portfolio relationship from official network source,https://www.gulftainer.com/solutions/ports-terminals/
OWN00465,TERM0418,COMP_GULFTAINER,Gulftainer,OPERATOR / PORTFOLIO,,Yes / portfolio role,Operating,Current operator/portfolio relationship from official network source,https://www.gulftainer.com/solutions/ports-terminals/
OWN00466,TERM0419,COMP_GULFTAINER,Gulftainer,OPERATOR / PORTFOLIO,,Yes / portfolio role,Operating,Current operator/portfolio relationship from official network source,https://www.gulftainer.com/solutions/ports-terminals/
OWN00467,TERM0420,COMP_GULFTAINER,Gulftainer,OPERATOR / PORTFOLIO,,Yes / portfolio role,Operating,Current operator/portfolio relationship from official network source,https://www.gulftainer.com/solutions/ports-terminals/
OWN00468,TERM0421,COMP_GULFTAINER,Gulftainer,OPERATOR / PORTFOLIO,,Yes / portfolio role,Operating,Current operator/portfolio relationship from official network source,https://www.gulftainer.com/solutions/ports-terminals/
OWN00469,TERM0422,COMP_GULFTAINER,Gulftainer,OPERATOR / PORTFOLIO,,Yes / portfolio role,Operating,Current operator/portfolio relationship from official network source,https://www.gulftainer.com/solutions/ports-terminals/
OWN00470,TERM0423,COMP_SSA_MARINE,SSA Marine,OPERATOR / PORTFOLIO,,Yes / portfolio role,Operating,Current operator/portfolio relationship from official network source,https://www.ssamarine.com/
OWN00471,TERM0424,COMP_SSA_MARINE,SSA Marine,OPERATOR / PORTFOLIO,,Yes / portfolio role,Operating,Current operator/portfolio relationship from official network source,https://www.ssamarine.com/
OWN00472,TERM0425,COMP_SSA_MARINE,SSA Marine,OPERATOR / PORTFOLIO,,Yes / portfolio role,Operating,Current operator/portfolio relationship from official network source,https://www.ssamarine.com/
OWN00473,TERM0426,COMP_SSA_MARINE,SSA Marine,OPERATOR / PORTFOLIO,,Yes / portfolio role,Operating,Current operator/portfolio relationship from official network source,https://www.ssamarine.com/
OWN00474,TERM0427,COMP_SSA_MARINE,SSA Marine,OPERATOR / PORTFOLIO,,Yes / portfolio role,Operating,Current operator/portfolio relationship from official network source,https://www.ssamarine.com/
OWN00475,TERM0428,COMP_SSA_MARINE,SSA Marine,OPERATOR / PORTFOLIO,,Yes / portfolio role,Operating,Current operator/portfolio relationship from official network source,https://www.ssamarine.com/
OWN00476,TERM0429,COMP_SSA_MARINE,SSA Marine,OPERATOR / PORTFOLIO,,Yes / portfolio role,Operating,Current operator/portfolio relationship from official network source,https://www.ssamarine.com/
OWN00477,TERM0430,COMP_SSA_MARINE,SSA Marine,OPERATOR / PORTFOLIO,,Yes / portfolio role,Operating,Current operator/portfolio relationship from official network source,https://www.ssamarine.com/
OWN00478,TERM0431,COMP_SSA_MARINE,SSA Marine,OPERATOR / PORTFOLIO,,Yes / portfolio role,Operating,Current operator/portfolio relationship from official network source,https://www.ssamarine.com/
OWN00479,TERM0432,COMP_SSA_MARINE,SSA Marine,OPERATOR / PORTFOLIO,,Yes / portfolio role,Operating,Current operator/portfolio relationship from official network source,https://www.ssamarine.com/
OWN00480,TERM0433,COMP_SSA_MARINE,SSA Marine,OPERATOR / PORTFOLIO,,Yes / portfolio role,Operating,Current operator/portfolio relationship from official network source,https://www.ssamarine.com/
OWN00481,TERM0434,COMP_SSA_MARINE,SSA Marine,OPERATOR / PORTFOLIO,,Yes / portfolio role,Operating,Current operator/portfolio relationship from official network source,https://www.ssamarine.com/
OWN00482,TERM0435,COMP_SSA_MARINE,SSA Marine,OPERATOR / PORTFOLIO,,Yes / portfolio role,Operating,Current operator/portfolio relationship from official network source,https://www.ssamarine.com/
OWN00483,TERM0436,COMP_SSA_MARINE,SSA Marine,OPERATOR / PORTFOLIO,,Yes / portfolio role,Operating,Current operator/portfolio relationship from official network source,https://www.ssamarine.com/
OWN00484,TERM0437,COMP_SSA_MARINE,SSA Marine,OPERATOR / PORTFOLIO,,Yes / portfolio role,Operating,Current operator/portfolio relationship from official network source,https://www.ssamarine.com/
OWN00485,TERM0438,COMP_SSA_MARINE,SSA Marine,OPERATOR / PORTFOLIO,,Yes / portfolio role,Operating,Current operator/portfolio relationship from official network source,https://www.ssamarine.com/
OWN00486,TERM0439,COMP_SSA_MARINE,SSA Marine,OPERATOR / PORTFOLIO,,Yes / portfolio role,Operating,Current operator/portfolio relationship from official network source,https://www.ssamarine.com/
OWN00487,TERM0440,COMP_SSA_MARINE,SSA Marine,OPERATOR / PORTFOLIO,,Yes / portfolio role,Operating,Current operator/portfolio relationship from official network source,https://www.ssamarine.com/
OWN00488,TERM0441,COMP_SSA_MARINE,SSA Marine,OPERATOR / PORTFOLIO,,Yes / portfolio role,Operating,Current operator/portfolio relationship from official network source,https://www.ssamarine.com/
OWN00489,TERM0442,COMP_SSA_MARINE,SSA Marine,OPERATOR / PORTFOLIO,,Yes / portfolio role,Operating,Current operator/portfolio relationship from official network source,https://www.ssamarine.com/
OWN00490,TERM0443,COMP_SSA_MARINE,SSA Marine,OPERATOR / PORTFOLIO,,Yes / portfolio role,Operating,Current operator/portfolio relationship from official network source,https://www.ssamarine.com/
OWN00491,TERM0444,COMP_SSA_MARINE,SSA Marine,OPERATOR / PORTFOLIO,,Yes / portfolio role,Operating,Current operator/portfolio relationship from official network source,https://www.ssamarine.com/
OWN00492,TERM0445,COMP_SSA_MARINE,SSA Marine,OPERATOR / PORTFOLIO,,Yes / portfolio role,Operating,Current operator/portfolio relationship from official network source,https://www.ssamarine.com/?6fdf7a44_page=2
OWN00493,TERM0446,COMP_SSA_MARINE,SSA Marine,OPERATOR / PORTFOLIO,,Yes / portfolio role,Operating,Current operator/portfolio relationship from official network source,https://www.ssamarine.com/?6fdf7a44_page=2
OWN00494,TERM0447,COMP_SSA_MARINE,SSA Marine,OPERATOR / PORTFOLIO,,Yes / portfolio role,Operating,Current operator/portfolio relationship from official network source,https://www.ssamarine.com/?6fdf7a44_page=2
OWN00495,TERM0448,COMP_SSA_MARINE,SSA Marine,OPERATOR / PORTFOLIO,,Yes / portfolio role,Operating,Current operator/portfolio relationship from official network source,https://www.ssamarine.com/?6fdf7a44_page=2
OWN00496,TERM0449,COMP_SSA_MARINE,SSA Marine,OPERATOR / PORTFOLIO,,Yes / portfolio role,Operating,Current operator/portfolio relationship from official network source,https://www.ssamarine.com/?6fdf7a44_page=2
OWN00497,TERM0450,COMP_SSA_MARINE,SSA Marine,OPERATOR / PORTFOLIO,,Yes / portfolio role,Operating,Current operator/portfolio relationship from official network source,https://www.ssamarine.com/?6fdf7a44_page=2
OWN00498,TERM0451,COMP_SSA_MARINE,SSA Marine,OPERATOR / PORTFOLIO,,Yes / portfolio role,Operating,Current operator/portfolio relationship from official network source,https://www.ssamarine.com/?6fdf7a44_page=2
OWN00499,TERM0452,COMP_SSA_MARINE,SSA Marine,OPERATOR / PORTFOLIO,,Yes / portfolio role,Operating,Current operator/portfolio relationship from official network source,https://www.ssamarine.com/?6fdf7a44_page=2
OWN00500,TERM0453,COMP_SSA_MARINE,SSA Marine,OPERATOR / PORTFOLIO,,Yes / portfolio role,Operating,Current operator/portfolio relationship from official network source,https://www.ssamarine.com/?6fdf7a44_page=2
OWN00501,TERM0454,COMP_SSA_MARINE,SSA Marine,OPERATOR / PORTFOLIO,,Yes / portfolio role,Operating,Current operator/portfolio relationship from official network source,https://www.ssamarine.com/?6fdf7a44_page=2
OWN00502,TERM0455,COMP_SSA_MARINE,SSA Marine,OPERATOR / PORTFOLIO,,Yes / portfolio role,Operating,Current operator/portfolio relationship from official network source,https://www.ssamarine.com/?6fdf7a44_page=2
OWN00503,TERM0456,COMP_SSA_MARINE,SSA Marine,OPERATOR / PORTFOLIO,,Yes / portfolio role,Operating,Current operator/portfolio relationship from official network source,https://www.ssamarine.com/?6fdf7a44_page=2
OWN00504,TERM0457,COMP_SSA_MARINE,SSA Marine,OPERATOR / PORTFOLIO,,Yes / portfolio role,Operating,Current operator/portfolio relationship from official network source,https://www.ssamarine.com/?6fdf7a44_page=2
OWN00505,TERM0458,COMP_SSA_MARINE,SSA Marine,OPERATOR / PORTFOLIO,,Yes / portfolio role,Operating,Current operator/portfolio relationship from official network source,https://www.ssamarine.com/?6fdf7a44_page=2
OWN00506,TERM0459,COMP_SSA_MARINE,SSA Marine,OPERATOR / PORTFOLIO,,Yes / portfolio role,Operating,Current operator/portfolio relationship from official network source,https://www.ssamarine.com/?6fdf7a44_page=2
OWN00507,TERM0460,COMP_SSA_MARINE,SSA Marine,OPERATOR / PORTFOLIO,,Yes / portfolio role,Operating,Current operator/portfolio relationship from official network source,https://www.ssamarine.com/?6fdf7a44_page=2
OWN00508,TERM0461,COMP_SSA_MARINE,SSA Marine,OPERATOR / PORTFOLIO,,Yes / portfolio role,Operating,Current operator/portfolio relationship from official network source,https://www.ssamarine.com/?6fdf7a44_page=2
OWN00509,TERM0462,COMP_SSA_MARINE,SSA Marine,OPERATOR / PORTFOLIO,,Yes / portfolio role,Operating,Current operator/portfolio relationship from official network source,https://www.ssamarine.com/?6fdf7a44_page=2
OWN00510,TERM0463,COMP_SSA_MARINE,SSA Marine,OPERATOR / PORTFOLIO,,Yes / portfolio role,Operating,Current operator/portfolio relationship from official network source,https://www.ssamarine.com/?6fdf7a44_page=2
OWN00511,TERM0464,COMP_SSA_MARINE,SSA Marine,OPERATOR / PORTFOLIO,,Yes / portfolio role,Operating,Current operator/portfolio relationship from official network source,https://www.ssamarine.com/?6fdf7a44_page=2
OWN00512,TERM0465,COMP_SSA_MARINE,SSA Marine,OPERATOR / PORTFOLIO,,Yes / portfolio role,Operating,Current operator/portfolio relationship from official network source,https://www.ssamarine.com/?6fdf7a44_page=2
OWN00513,TERM0466,COMP_SSA_MARINE,SSA Marine,OPERATOR / PORTFOLIO,,Yes / portfolio role,Operating,Current operator/portfolio relationship from official network source,https://www.ssamarine.com/?6fdf7a44_page=2
OWN00514,TERM0467,COMP_SSA_MARINE,SSA Marine,OPERATOR / PORTFOLIO,,Yes / portfolio role,Operating,Current operator/portfolio relationship from official network source,https://www.ssamarine.com/?6fdf7a44_page=3
OWN00515,TERM0468,COMP_SSA_MARINE,SSA Marine,OPERATOR / PORTFOLIO,,Yes / portfolio role,Operating,Current operator/portfolio relationship from official network source,https://www.ssamarine.com/?6fdf7a44_page=3
OWN00516,TERM0469,COMP_SSA_MARINE,SSA Marine,OPERATOR / PORTFOLIO,,Yes / portfolio role,Operating,Current operator/portfolio relationship from official network source,https://www.ssamarine.com/?6fdf7a44_page=3
OWN00517,TERM0470,COMP_SSA_MARINE,SSA Marine,OPERATOR / PORTFOLIO,,Yes / portfolio role,Operating,Current operator/portfolio relationship from official network source,https://www.ssamarine.com/?6fdf7a44_page=3
OWN00518,TERM0471,COMP_SSA_MARINE,SSA Marine,OPERATOR / PORTFOLIO,,Yes / portfolio role,Operating,Current operator/portfolio relationship from official network source,https://www.ssamarine.com/?6fdf7a44_page=3
OWN00519,TERM0472,COMP_SSA_MARINE,SSA Marine,OPERATOR / PORTFOLIO,,Yes / portfolio role,Operating,Current operator/portfolio relationship from official network source,https://www.ssamarine.com/?6fdf7a44_page=3
OWN00520,TERM0473,COMP_SSA_MARINE,SSA Marine,OPERATOR / PORTFOLIO,,Yes / portfolio role,Operating,Current operator/portfolio relationship from official network source,https://www.ssamarine.com/?6fdf7a44_page=3
OWN00521,TERM0474,COMP_SSA_MARINE,SSA Marine,OPERATOR / PORTFOLIO,,Yes / portfolio role,Operating,Current operator/portfolio relationship from official network source,https://www.ssamarine.com/?6fdf7a44_page=3
OWN00522,TERM0475,COMP_SSA_MARINE,SSA Marine,OPERATOR / PORTFOLIO,,Yes / portfolio role,Operating,Current operator/portfolio relationship from official network source,https://www.ssamarine.com/?6fdf7a44_page=3
OWN00523,TERM0476,COMP_SSA_MARINE,SSA Marine,OPERATOR / PORTFOLIO,,Yes / portfolio role,Operating,Current operator/portfolio relationship from official network source,https://www.ssamarine.com/?6fdf7a44_page=3
OWN00524,TERM0477,COMP_SSA_MARINE,SSA Marine,OPERATOR / PORTFOLIO,,Yes / portfolio role,Operating,Current operator/portfolio relationship from official network source,https://www.ssamarine.com/?6fdf7a44_page=3
OWN00525,TERM0478,COMP_SSA_MARINE,SSA Marine,OPERATOR / PORTFOLIO,,Yes / portfolio role,Operating,Current operator/portfolio relationship from official network source,https://www.ssamarine.com/?6fdf7a44_page=3
OWN00526,TERM0479,COMP_SSA_MARINE,SSA Marine,OPERATOR / PORTFOLIO,,Yes / portfolio role,Operating,Current operator/portfolio relationship from official network source,https://www.ssamarine.com/?6fdf7a44_page=3
OWN00527,TERM0480,COMP_SSA_MARINE,SSA Marine,OPERATOR / PORTFOLIO,,Yes / portfolio role,Operating,Current operator/portfolio relationship from official network source,https://www.ssamarine.com/?6fdf7a44_page=3
OWN00528,TERM0481,COMP_SSA_MARINE,SSA Marine,OPERATOR / PORTFOLIO,,Yes / portfolio role,Operating,Current operator/portfolio relationship from official network source,https://www.ssamarine.com/?6fdf7a44_page=3
OWN00529,TERM0482,COMP_SSA_MARINE,SSA Marine,OPERATOR / PORTFOLIO,,Yes / portfolio role,Operating,Current operator/portfolio relationship from official network source,https://www.ssamarine.com/?6fdf7a44_page=3
OWN00530,TERM0483,COMP_SSA_MARINE,SSA Marine,OPERATOR / PORTFOLIO,,Yes / portfolio role,Operating,Current operator/portfolio relationship from official network source,https://www.ssamarine.com/?6fdf7a44_page=3
OWN00531,TERM0484,COMP_SSA_MARINE,SSA Marine,OPERATOR / PORTFOLIO,,Yes / portfolio role,Operating,Current operator/portfolio relationship from official network source,https://www.ssamarine.com/?6fdf7a44_page=3
OWN00532,TERM0485,COMP_SSA_MARINE,SSA Marine,OPERATOR / PORTFOLIO,,Yes / portfolio role,Operating,Current operator/portfolio relationship from official network source,https://www.ssamarine.com/?6fdf7a44_page=3
OWN00533,TERM0486,COMP_SSA_MARINE,SSA Marine,OPERATOR / PORTFOLIO,,Yes / portfolio role,Operating,Current operator/portfolio relationship from official network source,https://www.ssamarine.com/?6fdf7a44_page=3
OWN00534,TERM0487,COMP_SSA_MARINE,SSA Marine,OPERATOR / PORTFOLIO,,Yes / portfolio role,Operating,Current operator/portfolio relationship from official network source,https://www.ssamarine.com/?6fdf7a44_page=3
OWN00535,TERM0488,COMP_SSA_MARINE,SSA Marine,OPERATOR / PORTFOLIO,,Yes / portfolio role,Operating,Current operator/portfolio relationship from official network source,https://www.ssamarine.com/?6fdf7a44_page=3
OWN00536,TERM0489,COMP_SSA_MARINE,SSA Marine,OPERATOR / PORTFOLIO,,Yes / portfolio role,Operating,Current operator/portfolio relationship from official network source,https://www.ssamarine.com/?6fdf7a44_page=4
OWN00537,TERM0490,COMP_SSA_MARINE,SSA Marine,OPERATOR / PORTFOLIO,,Yes / portfolio role,Operating,Current operator/portfolio relationship from official network source,https://www.ssamarine.com/?6fdf7a44_page=4
OWN00538,TERM0491,COMP_SSA_MARINE,SSA Marine,OPERATOR / PORTFOLIO,,Yes / portfolio role,Operating,Current operator/portfolio relationship from official network source,https://www.ssamarine.com/?6fdf7a44_page=4
OWN00539,TERM0492,COMP_SSA_MARINE,SSA Marine,OPERATOR / PORTFOLIO,,Yes / portfolio role,Operating,Current operator/portfolio relationship from official network source,https://www.ssamarine.com/?6fdf7a44_page=4
OWN00540,TERM0493,COMP_SSA_MARINE,SSA Marine,OPERATOR / PORTFOLIO,,Yes / portfolio role,Operating,Current operator/portfolio relationship from official network source,https://www.ssamarine.com/?6fdf7a44_page=4
OWN00541,TERM0494,COMP_SSA_MARINE,SSA Marine,OPERATOR / PORTFOLIO,,Yes / portfolio role,Operating,Current operator/portfolio relationship from official network source,https://www.ssamarine.com/?6fdf7a44_page=4
OWN00542,TERM0495,COMP_SSA_MARINE,SSA Marine,OPERATOR / PORTFOLIO,,Yes / portfolio role,Operating,Current operator/portfolio relationship from official network source,https://www.ssamarine.com/?6fdf7a44_page=4
OWN00543,TERM0496,COMP_SSA_MARINE,SSA Marine,OPERATOR / PORTFOLIO,,Yes / portfolio role,Operating,Current operator/portfolio relationship from official network source,https://www.ssamarine.com/?6fdf7a44_page=4
OWN00544,TERM0497,COMP_SSA_MARINE,SSA Marine,OPERATOR / PORTFOLIO,,Yes / portfolio role,Operating,Current operator/portfolio relationship from official network source,https://www.ssamarine.com/?6fdf7a44_page=4
OWN00545,TERM0498,COMP_SSA_MARINE,SSA Marine,OPERATOR / PORTFOLIO,,Yes / portfolio role,Operating,Current operator/portfolio relationship from official network source,https://www.ssamarine.com/?6fdf7a44_page=4
OWN00546,TERM0499,COMP_SSA_MARINE,SSA Marine,OPERATOR / PORTFOLIO,,Yes / portfolio role,Operating,Current operator/portfolio relationship from official network source,https://www.ssamarine.com/?6fdf7a44_page=4
OWN00547,TERM0500,COMP_SSA_MARINE,SSA Marine,OPERATOR / PORTFOLIO,,Yes / portfolio role,Operating,Current operator/portfolio relationship from official network source,https://www.ssamarine.com/?6fdf7a44_page=4
OWN00548,TERM0501,COMP_SSA_MARINE,SSA Marine,OPERATOR / PORTFOLIO,,Yes / portfolio role,Operating,Current operator/portfolio relationship from official network source,https://www.ssamarine.com/?6fdf7a44_page=4
OWN00549,TERM0502,COMP_SSA_MARINE,SSA Marine,OPERATOR / PORTFOLIO,,Yes / portfolio role,Operating,Current operator/portfolio relationship from official network source,https://www.ssamarine.com/?6fdf7a44_page=4
OWN00550,TERM0503,COMP_SSA_MARINE,SSA Marine,OPERATOR / PORTFOLIO,,Yes / portfolio role,Operating,Current operator/portfolio relationship from official network source,https://www.ssamarine.com/?6fdf7a44_page=4
OWN00551,TERM0504,COMP_EUROGATE,EUROGATE,OPERATOR / PORTFOLIO,,Yes / portfolio role,Operating,Current operator/portfolio relationship from official network source,https://www1.eurogate.de/en/terminals/
OWN00552,TERM0505,COMP_EUROGATE,EUROGATE,OPERATOR / PORTFOLIO,,Yes / portfolio role,Operating,Current operator/portfolio relationship from official network source,https://www1.eurogate.de/en/terminals/
OWN00553,TERM0506,COMP_EUROGATE,EUROGATE,OPERATOR / PORTFOLIO,,Yes / portfolio role,Operating,Current operator/portfolio relationship from official network source,https://www1.eurogate.de/en/terminals/
OWN00554,TERM0507,COMP_EUROGATE,EUROGATE,OPERATOR / PORTFOLIO,,Yes / portfolio role,Operating,Current operator/portfolio relationship from official network source,https://www1.eurogate.de/en/terminals/
OWN00555,TERM0508,COMP_EUROGATE,EUROGATE,OPERATOR / PORTFOLIO,,Yes / portfolio role,Operating,Current operator/portfolio relationship from official network source,https://www1.eurogate.de/en/terminals/
OWN00556,TERM0509,COMP_EUROGATE,EUROGATE,OPERATOR / PORTFOLIO,,Yes / portfolio role,Operating,Current operator/portfolio relationship from official network source,https://contshipitalia.com/en/terminals/
OWN00557,TERM0510,COMP_EUROGATE,EUROGATE,OPERATOR / PORTFOLIO,,Yes / portfolio role,Operating,Current operator/portfolio relationship from official network source,https://contshipitalia.com/en/terminals/
OWN00558,TERM0511,COMP_EUROGATE,EUROGATE,OPERATOR / PORTFOLIO,,Yes / portfolio role,Operating,Current operator/portfolio relationship from official network source,https://contshipitalia.com/en/terminals/
OWN00559,TERM0512,COMP_EUROGATE,EUROGATE,OPERATOR / PORTFOLIO,,Yes / portfolio role,Operating,Current operator/portfolio relationship from official network source,https://contshipitalia.com/en/terminals/
OWN00560,TERM0513,COMP_EUROGATE,EUROGATE,OPERATOR / PORTFOLIO,,Yes / portfolio role,Operating,Current operator/portfolio relationship from official network source,https://contshipitalia.com/en/terminals/
OWN00561,TERM0514,COMP_EUROGATE,EUROGATE,OPERATOR / PORTFOLIO,,Yes / portfolio role,Operating,Current operator/portfolio relationship from official network source,https://contshipitalia.com/en/terminals/
OWN00562,TERM0515,COMP_HHLA,HHLA,OPERATOR / PORTFOLIO,,Yes / portfolio role,Operating,Current operator/portfolio relationship from official network source,https://hhla.de/en/company/subsidiaries/seaport-terminals
OWN00563,TERM0516,COMP_HHLA,HHLA,OPERATOR / PORTFOLIO,,Yes / portfolio role,Operating,Current operator/portfolio relationship from official network source,https://hhla.de/en/company/subsidiaries/seaport-terminals
OWN00564,TERM0517,COMP_HHLA,HHLA,OPERATOR / PORTFOLIO,,Yes / portfolio role,Operating,Current operator/portfolio relationship from official network source,https://hhla.de/en/company/subsidiaries/seaport-terminals
OWN00565,TERM0518,COMP_HHLA,HHLA,OPERATOR / PORTFOLIO,,Yes / portfolio role,Operating,Current operator/portfolio relationship from official network source,https://hhla.de/en/company/subsidiaries/seaport-terminals
OWN00566,TERM0519,COMP_HHLA,HHLA,OPERATOR / PORTFOLIO,,Yes / portfolio role,Operating,Current operator/portfolio relationship from official network source,https://hhla.de/en/company/subsidiaries/seaport-terminals
OWN00567,TERM0520,COMP_HHLA,HHLA,OPERATOR / PORTFOLIO,,Yes / portfolio role,Operating,Current operator/portfolio relationship from official network source,https://hhla.de/en/company/subsidiaries/seaport-terminals
OWN00568,TERM0521,COMP_HHLA,HHLA,OPERATOR / PORTFOLIO,,Yes / portfolio role,Operating,Current operator/portfolio relationship from official network source,https://hhla.de/en/company/subsidiaries/seaport-terminals
OWN00569,TERM0522,COMP_HHLA,HHLA,OPERATOR / PORTFOLIO,,Yes / portfolio role,Operating,Current operator/portfolio relationship from official network source,https://hhla.de/en/company/subsidiaries/seaport-terminals
OWN00570,TERM0523,COMP_HHLA,HHLA,OPERATOR / PORTFOLIO,,Yes / portfolio role,Operating,Current operator/portfolio relationship from official network source,https://hhla.de/en/company/subsidiaries/seaport-terminals
OWN00571,TERM0524,COMP_HHLA,HHLA,OPERATOR / PORTFOLIO,,Yes / portfolio role,Operating,Current operator/portfolio relationship from official network source,https://hhla.de/en/company/subsidiaries/seaport-terminals
OWN00572,TERM0250,COMP_DICT,"Davao International Container Terminal, Inc.",OPERATOR,,Yes,Operating,Member of ANFLOCOR Group; terminal operator,https://www.dict.com.ph/about
