Terminal ID,Terminal / Facility,Port ID,Parent Port,Country,City / Area,Region,Asset Type,Cargo Profile,Primary Operator Company ID,Primary Operator,Operator / Network,Status,Container Capacity TEU/yr,Area sqm,Quay Length m,Max Depth m,Berth Count,Rail Connected,Reefer Points,Ownership / Structure,Source Asset IDs,Source URLs,Confidence,Notes,Canonicalization Note
TERM0001,DP World Sydney,PORTG0001,Sydney,Australia,"Port Botany, Sydney",Asia Pacific,Marine container terminal,Containers,COMP_DPW,DP World,DP World,Operational,,390000,936,15,3,,,DP World operating/ownership structure; see source notes,DPW-AUS-SYD,https://dpw-prod-cd-1.dpworld.com/australia/ports-and-terminals/dp-world-sydney,High,Depth published as approx. 14.2–15.0 m. RTG fleet present.,
TERM0002,DP World Brisbane,PORTG0002,Brisbane,Australia,"Fisherman Islands, Brisbane",Asia Pacific,Marine container terminal,Containers,COMP_DPW,DP World,DP World,Operational,,360000,900,14,3,Yes,,DP World operating/ownership structure; see source notes,DPW-AUS-BNE,https://dpw-prod-cd-1.dpworld.com/australia/ports-and-terminals/dp-world-brisbane,High,Automated stacking crane operation; post-Panamax capability.,
TERM0003,DP World Melbourne,PORTG0003,Melbourne,Australia,"West Swanson Dock, Melbourne",Asia Pacific,Marine container terminal,Containers,COMP_DPW,DP World,DP World,Operational,,375000,929,14,3,,,DP World operating/ownership structure; see source notes,DPW-AUS-MEL,https://dpw-prod-cd-1.dpworld.com/australia/ports-and-terminals/dp-world-melbourne,High,Straddle-carrier terminal.,
TERM0004,DP World Fremantle,PORTG0004,Fremantle,Australia,Fremantle,Asia Pacific,Marine container terminal,Containers,COMP_DPW,DP World,DP World,Operational,,179000,646,14.5,2,Yes,,DP World operating/ownership structure; see source notes,DPW-AUS-FRE,https://dpw-prod-cd-1.dpworld.com/australia/ports-and-terminals/dp-world-fremantle,Medium,DP World legacy/current first-party infrastructure page used because newer page appears templated; additional ~210 m shared zone noted.,
TERM0005,DP World Qingdao,PORTG0005,Qingdao,China,Qingdao,Asia Pacific,Marine container terminal / JV,Containers,COMP_DPW,DP World,DP World,Operational,,,,,,,,DP World operating/ownership structure; see source notes,DPW-CHN-QDG,https://www.dpworld.com/en/ports-terminals/china/qingdao-port,High,Current DP World public page confirms port operation but does not expose stable berth/equipment counts.,
TERM0006,DP World Yantai,PORTG0006,Yantai,China,Yantai,Asia Pacific,Marine terminal / JV,Containers / multipurpose,COMP_DPW,DP World,DP World,Operational,,,,,,,,DP World operating/ownership structure; see source notes,DPW-CHN-YNT,https://www.dpworld.com/en/ports-terminals/china/yantai-port,High,Current public page has limited quantitative infrastructure detail.,
TERM0007,DP World Hong Kong / Berth 3,PORTG0007,Hong Kong,China,"Kwai Chung, Hong Kong",Asia Pacific,Marine container terminal / JV,Containers,COMP_DPW,DP World,DP World,Operational,,,,,,,,DP World operating/ownership structure; see source notes,DPW-CHN-HKG,https://www.dpworld.com/en/ports-terminals/china/hong-kong-port/contact-us,Medium,DP World contact page identifies Berth 3 at Kwai Chung; quantitative infrastructure left blank pending independent verification.,
TERM0008,DP World Yiwu Port,PORTG0008,Yiwu Port,China,"Yiwu, Zhejiang",Asia Pacific,Inland / dry port,Containers / inland logistics,COMP_DPW,DP World,DP World,Operational,,,,,,,,DP World operating/ownership structure; see source notes,DPW-CHN-YIW,https://www.dpworld.com/en/ports-terminals/china/yiwu-port,High,"DP World labels the facility 'Yiwu Port'; it is an inland/dry-port logistics node, not a marine terminal.",
TERM0009,DP World Belawan,PORTG0009,Belawan,Indonesia,Belawan / Medan,Asia Pacific,Marine container terminal / JV,Containers,COMP_DPW,DP World,DP World,Operational,,,,,,,,DP World operating/ownership structure; see source notes,DPW-IDN-BEL,https://www.dpworld.com/en/ports-terminals/indonesia/belawan-port,High,Deep-water container operations; current public page does not provide stable detailed counts.,
TERM0010,DP World Maspion East Java,PORTG0010,East Java / Gresik,Indonesia,"Gresik, East Java",Asia Pacific,Greenfield marine container terminal,Containers,COMP_DPW,DP World,DP World,Development,3000000,,,,,,,DP World operating/ownership structure; see source notes,DPW-IDN-GRE,https://www.dpworld.com/en/news/dp-world-breaks-ground-on-new-container-terminal-in-east-java,Medium,Design capacity up to 3.0m TEU; adjacent integrated industrial/logistics park initially 110 ha. Groundbreaking announced Oct 2023; current commissioning status requires update.,
TERM0011,Sapangar Bay Container Port,PORTG0011,Sapangar Bay,Malaysia,"Kota Kinabalu, Sabah",Asia Pacific,Marine container terminal / partnership,Containers,COMP_DPW,DP World,DP World,Operational / expanding,1250000,,,,,,,DP World operating/ownership structure; see source notes,DPW-MYS-SAP,https://www.dpworld.com/en/ports-terminals/malaysia/sapangar-bay-port,Medium,1.25m TEU was the announced post-expansion capacity target; verify commissioning/current certified capacity.,
TERM0012,Manila South Harbor,PORTG0012,Manila,Philippines,Manila,Asia Pacific,Marine container terminal / strategic partnership,Containers,COMP_DPW,DP World,DP World,Operational,2000000,,600,13,,,,DP World operating/ownership structure; see source notes,DPW-PHL-MSH,https://www.dpworld.com/en/news/dp-world-and-asian-terminals-inc-invest-us100-million-to-boost-capacity-at-manila-south-harbour,High,"Pier 3 berthing space extended to over 600 m; annual capacity described as nearly 2m TEU; static yard capacity >20,000 TEU.",
TERM0013,Batangas Port,PORTG0013,Batangas,Philippines,Batangas,Asia Pacific,Marine multipurpose / passenger terminal partnership,RoRo / passengers / containers,COMP_DPW,DP World,DP World,Operational,,,,,,,,DP World operating/ownership structure; see source notes,DPW-PHL-BTG,https://www.dpworld.com/en/ports-terminals/philippines/batangas-port,High,Current DP World page confirms port operation; detailed dimensions not published consistently.,
TERM0014,Cavite Container Barge Terminal,PORTG0014,Cavite / Tanza,Philippines,"Tanza, Cavite",Asia Pacific,Barge / container terminal partnership,Containers / barges,COMP_DPW,DP World,DP World,Operational,240000,40000,,,,,,DP World operating/ownership structure; see source notes,DPW-PHL-CAV,https://www.dpworld.com/en/ports-terminals/philippines/cavite-port,High,"Design capacity 240k TEU; barge berth; 2 fixed harbour cranes, 2 reach stackers, 4 internal transfer vehicles announced at launch.",
TERM0015,Pusan Newport Company (PNC),PORTG0015,Busan,South Korea,Busan New Port,Asia Pacific,Marine container terminal / JV,Containers,COMP_DPW,DP World,DP World,Operational,,1260000,2000,17,5,Yes,,DP World operating/ownership structure; see source notes,DPW-KOR-BUS,https://www.dpworld.com/en/ports-terminals/south-korea/pnc-port,High,Published depth range approx. 16–17 m; automated RMGC yard and post-Panamax quay cranes.,
TERM0016,Laem Chabang International Terminal (LCIT),PORTG0016,Laem Chabang,Thailand,Laem Chabang,Asia Pacific,Marine container terminal / JV,Containers,COMP_DPW,DP World,DP World,Operational,,,900,,2,,,DP World operating/ownership structure; see source notes,DPW-THA-LCB,https://www.dpworld.com/en/news/dp-world-secures-laem-chabang-concession-extension-amid-rising-intra-asia-trade,High,"LCIT operates B5 and C3 and can accommodate up to four vessels simultaneously; handled 1.936m TEU in 2025 (throughput, not design capacity).",
TERM0017,Saigon Premier Container Terminal (SPCT),PORTG0017,Ho Chi Minh City,Vietnam,Ho Chi Minh City,Asia Pacific,Marine container terminal / JV,Containers,COMP_DPW,DP World,DP World,Operational,,,,,,,,DP World operating/ownership structure; see source notes,DPW-VNM-SPC,https://www.dpworld.com/en/ports-terminals/vietnam/spct-port,High,Current public page confirms terminal; quantitative infrastructure fields require second-source verification.,
TERM0018,Antwerp Gateway,PORTG0018,Port of Antwerp-Bruges,Belgium,Port of Antwerp-Bruges,Europe,Marine container terminal / JV,Containers,COMP_DPW,DP World,DP World; Terminal Link,Operational,2800000,,1660,16,5,Yes,,DP World operating/ownership structure; see source notes | 51% CMA Terminals Holding / 49% CM Port (portfolio-level structure),DPW-BEL-ANT; CMA-TL-ANR,https://www.dpworld.com/en/ports-terminals/belgium/antwerp; https://www.terminal-link.com/ports/location; https://ports.coscoshipping.com/en/Media/PhotoGallery/,High,"3 large vessel berths plus 2 feeder/barge berths; 15 STS cranes, 38 ASCs, 65 straddle carriers, 2 RMGs reported. | Official Terminal Link location network. Infrastructure fields intentionally blank until terminal-specific verification.",Duplicate source records collapsed
TERM0019,DP World Limassol,PORTG0019,Limassol,Cyprus,Limassol,Europe,Marine multipurpose / cruise terminal,General cargo / RoRo / cruise,COMP_DPW,DP World,DP World,Operational,,,,,,,,DP World operating/ownership structure; see source notes,DPW-CYP-LIM,https://www.dpworld.com/en/ports-terminals/cyprus/limassol,High,"Passenger terminal ~7,000 sqm; can accommodate vessels up to ~480 m. Depth left blank pending berth-level verification.",
TERM0020,Rotterdam World Gateway,PORTG0020,Rotterdam,Netherlands,"Maasvlakte, Rotterdam",Europe,Marine container terminal / JV,Containers,COMP_DPW,DP World,DP World,Operational,,,,,,Yes,,DP World operating/ownership structure; see source notes,DPW-NLD-RTM,https://www.dpworld.com/en/ports-terminals/netherlands/rotterdam-world,High,"Deep-water, highly automated terminal with road, rail and inland-waterway connectivity; DP World page does not expose a stable current quantitative spec table.",
TERM0021,DP World Constanța,PORTG0021,Constanța,Romania,Port of Constanța,Europe,Marine container terminal,Containers / intermodal,COMP_DPW,DP World,DP World,Operational / expanding,,540000,1020,14.5,,Yes,,DP World operating/ownership structure; see source notes,DPW-ROU-CTA,https://www.dpworld.com/en/ports-terminals/romania/constanta,High,"Current operating area ~54 ha, ultimate >81 ha. Quay: ~640 m main + 380 m feeder. Three ~600 m rail lines and 2 RMGs reported.",
TERM0022,DP World Novi Sad,PORTG0022,Novi Sad,Serbia,"Novi Sad, Danube",Europe,River port / multipurpose terminal,Bulk / breakbulk / general cargo,COMP_DPW,DP World,DP World,Operational,,60000,800,10,5,Yes,,DP World operating/ownership structure; see source notes,DPW-SRB-NVS,https://www.dpworld.com/en/ports-terminals/eu-intermodal/novi-sad,High,"Published water depth range approx. 4–10 m; ~44,000 sqm closed warehouse and ~100,000 sqm open storage.",
TERM0023,DP World Yarımca,PORTG0023,Yarımca,Türkiye,Kocaeli,Europe,Marine container terminal,Containers,COMP_DPW,DP World,DP World,Operational,,,,,,Yes,,DP World operating/ownership structure; see source notes,DPW-TUR-YAR,https://www.dpworld.com/en/ports-terminals/turkiye/yarimca,High,Direct road/rail connectivity and ultra-large vessel capability; quantitative spec table not used until template fields are verified.,
TERM0024,DP World Evyap Körfez,PORTG0024,Körfez,Türkiye,Kocaeli,Europe,Marine multipurpose / liquid-bulk terminal,Containers / liquid bulk / general cargo,COMP_DPW,DP World,DP World,Operational,,,,,,Yes,,DP World operating/ownership structure; see source notes,DPW-TUR-KOR,https://www.dpworld.com/en/ports-terminals/turkiye/korfez,High,Multi-cargo terminal; detailed berth dimensions pending second-source verification.,
TERM0025,DP World TIS Pivdennyi,PORTG0025,Pivdennyi,Ukraine,Pivdennyi / Yuzhny,Europe,Marine container terminal,Containers,COMP_DPW,DP World,DP World,Operational / conflict-affected,600000,520000,,14.7,,Yes,712,DP World operating/ownership structure; see source notes,DPW-UKR-PIV,https://www.dpworld.com/en/ports-terminals/ukraine/pivdennyi,High,"Yard capacity ~10,400 TEU; >80 km rail infrastructure reported. Operational environment affected by Black Sea war risk.",
TERM0026,DP World London Gateway,UKP053,London Gateway,United Kingdom,"Thurrock, Thames Estuary",Europe,Marine container terminal,Containers,COMP_DPW,DP World,DP World,Operational / expanding,3400000,1862000,1690,16.5,4,Yes,3000,DP World operating/ownership structure; see source notes,DPW-GBR-LGW,https://www.dpworld.com/en/ports-terminals/united-kingdom/london-gateway/infrastructure-facts,High,"Current: 4 berths, increasing to 5 then 6. 16 quay cranes, 78 ASCs, 60 straddle carriers, 5 RMGs, 4 reach stackers. Terminal area converted from 460 acres.",
TERM0027,DP World Southampton,UKP054,Southampton,United Kingdom,Southampton,Europe,Marine container terminal,Containers,COMP_DPW,DP World,DP World,Operational,,405000,1920,16,5,Yes,,DP World operating/ownership structure; see source notes,DPW-GBR-SOU,https://www.dpworld.com/en/ports-terminals/united-kingdom/southampton/infrastructure-facts,High,Approx. 100 acres; 14 quay cranes reported on infrastructure page; 22 daily rail services.,
TERM0028,DP World Luanda,PORTG0026,Luanda,Angola,Luanda,"India, Middle East & Africa",Marine multipurpose terminal,Containers / general cargo,COMP_DPW,DP World,DP World,Operational,,,610,12.5,,,,DP World operating/ownership structure; see source notes,DPW-AGO-LUA,https://www.dpworld.com/en/ports-terminals/angola/luanda,High,"Public page lists 4 forklifts, 4 empty handlers and 30 dedicated vehicles.",
TERM0029,DP World Djazair,PORTG0027,Algiers,Algeria,Algiers,"India, Middle East & Africa",Marine container terminal,Containers,COMP_DPW,DP World,DP World,Operational,,,600,11,2,,,DP World operating/ownership structure; see source notes,DPW-DZA-DZA,https://www.dpworld.com/en/ports-terminals/algeria/djazair,High,Two ~300 m berths; modern STS cranes.,
TERM0030,DP World Djen Djen,PORTG0028,Djen Djen,Algeria,Jijel,"India, Middle East & Africa",Marine container / multipurpose terminal,Containers / multipurpose,COMP_DPW,DP World,DP World,Operational,2000000,760000,1840,17,,,36,DP World operating/ownership structure; see source notes,DPW-DZA-DJD,https://www.dpworld.com/en/ports-terminals/algeria/djendjen,High,"Main quay ~1,590 m at 17 m plus ~250 m at 11 m. Equipment reported: 12 super-post-Panamax STS, 2 feeder STS, 35 RTGs, 1 MHC, 6 ITVs, 4 reach stackers, 2 empty handlers.",
TERM0031,DP World Sokhna,PORTG0029,Sokhna,Egypt,Ain Sokhna,"India, Middle East & Africa",Marine container / multipurpose terminal,Containers / general cargo,COMP_DPW,DP World,DP World,Operational,,,2100,17,2,Yes,904,DP World operating/ownership structure; see source notes,DPW-EGY-SOK,https://www.dpworld.com/en/ports-terminals/egypt/sokhna/infrastructure-facts,High,"Berth 1 ~750 m; Berth 2 ~1,350 m. Six mobile harbour cranes reported. Some current page equipment fields appear templated and are excluded.",
TERM0032,Nhava Sheva International Container Terminal (NSICT),PORTG0030,Nhava Sheva,India,JNPA / Mumbai,"India, Middle East & Africa",Marine container terminal,Containers,COMP_DPW,DP World,DP World,Operational,1200000,310000,600,16.2,,Yes,774,DP World operating/ownership structure; see source notes,DPW-IND-NSI,https://www.dpworld.com/en/ports-terminals/india/nsict/infrastructure,High,"8 quay cranes, 26 RTGs, 2 reach stackers, 2 empty handlers, 2 forklifts; two rail siding sets.",
TERM0033,Nhava Sheva India Gateway Terminal (NSIGT),PORTG0030,Nhava Sheva,India,JNPA / Mumbai,"India, Middle East & Africa",Marine container terminal,Containers,COMP_DPW,DP World,DP World,Operational,900000,270000,600,16.2,,Yes,336,DP World operating/ownership structure; see source notes,DPW-IND-NSG,https://www.dpworld.com/en/ports-terminals/india/nsigt/infrastructure,Medium,Current infrastructure page lists 8 quay cranes and 26 RTGs; equipment figures appear similar to NSICT and should be periodically re-verified.,
TERM0034,Mundra International Container Terminal (MICT),PORTG0031,Mundra,India,"Mundra, Gujarat","India, Middle East & Africa",Marine container terminal,Containers,COMP_DPW,DP World,DP World,Operational / expanding,1535000,370000,632,15.5,,Yes,324,DP World operating/ownership structure; see source notes,DPW-IND-MUN,https://www.dpworld.com/en/ports-terminals/india/mict/infrastructure,Medium,8 quay cranes. Public DP World pages conflict on RTG count (27 vs 29); equipment child table records the conflict. Capacity is being raised to ~1.56m TEU by 2027.,
TERM0035,Chennai Container Terminal (CCT),PORTG0032,Chennai,India,Chennai,"India, Middle East & Africa",Marine container terminal,Containers,COMP_DPW,DP World,DP World,Operational,,250600,,15,4,Yes,,DP World operating/ownership structure; see source notes,DPW-IND-CCT,https://www.dpworld.com/en/ports-terminals/india/cct/infrastructure,High,CB1–CB3 published around 13 m depth; CB4 around 15 m. 7 gantry cranes on infrastructure page; other current pages list 15 RTGs and 3 reach stackers.,
TERM0036,International Container Transshipment Terminal (ICTT),PORTG0033,Cochin,India,"Vallarpadam, Kochi","India, Middle East & Africa",Marine container terminal,Containers / transshipment,COMP_DPW,DP World,DP World,Operational,1400000,1070000,950,17.6,,Yes,486,DP World operating/ownership structure; see source notes,DPW-IND-COK,https://www.dpworld.com/en/ports-terminals/india/ictt/infrastructure,Medium,Current infrastructure page lists 7 quay cranes and 21 RTGs. A later DP World portfolio update reports total capacity ~1.4m TEU after upgrades; older page may show higher ultimate/design potential.,
TERM0037,Tuna-Tekra Mega Container Terminal,PORTG0034,Tuna Tekra,India,"Kandla / Deendayal Port, Gujarat","India, Middle East & Africa",Greenfield marine container terminal,Containers,COMP_DPW,DP World,DP World,Development,2190000,630000,1100,,,Yes,,DP World operating/ownership structure; see source notes,DPW-IND-TUN,https://www.dpworld.com/en/news/india/dp-world-signs-concession-to-develop-tuna-tekra-mega-container-terminal-in-india,High,"Scheduled for completion/commissioning in 2027; berth extendable to 1,375 m; designed for >18,000 TEU vessels.",
TERM0038,DP World Maputo,PORTG0035,Maputo,Mozambique,Maputo,"India, Middle East & Africa",Marine container terminal,Containers,COMP_DPW,DP World,DP World,Operational,,150000,330,12,,Yes,450,DP World operating/ownership structure; see source notes,DPW-MOZ-MAP,https://www.dpworld.com/en/ports-terminals/mozambique/maputo,High,"3 mobile harbour cranes, 6 RTGs and four ~375 m rail sidings reported. Public container-yard capacity field appears corrupted and is excluded.",
TERM0039,Qasim International Container Terminal (QICT),PORTG0036,Port Qasim,Pakistan,"Port Qasim, Karachi","India, Middle East & Africa",Marine container terminal,Containers,COMP_DPW,DP World,DP World,Operational,1400000,490000,1327,13,,Yes,636,DP World operating/ownership structure; see source notes,DPW-PAK-QAS,https://www.dpworld.com/en/ports-terminals/pakistan/qasim,High,"Two terminal components; published equipment includes 45 RTGs, 7 reach stackers, 3 empty handlers and 82 ITVs. Reefer capacity can be temporarily expanded toward ~1,000.",
TERM0040,South Container Terminal – Jeddah,PORTG0037,Jeddah Islamic Port,Saudi Arabia,Jeddah,Red Sea,Container terminal,Containers / terminal cargo,COMP_APMT,DP World,APM Terminals; DP World,Agreement announced / transaction completion to verify,4000000,947555,2550,18,5,Yes,1260,DP World operating/ownership structure; see source notes | APM Terminals to acquire 37.5%; DP World retains 62.5% and operations,DPW-SAU-JED; APM-SA-JEDDAH-SCT,https://www.dpworld.com/en/ports-terminals/saudi-arabia/jeddah; https://www2.apmterminals.com/en/news/news-releases/2026/260218-APM-Terminals-DPWorld-strategic-partnership-Jeddah-Islamic-Port,High,"Modernized terminal capacity >doubled to 4m TEU. Infrastructure page reports 61 RTGs and 191 ITVs; crane narrative/counts conflict (14 vs 17), so equipment table flags it. | Physical terminal already belongs in DP World canonical layer; APM relationship should be represented as ownership/investment, not duplicate terminal.",Duplicate source records collapsed
TERM0041,DP World Dakar,PORTG0038,Dakar,Senegal,Dakar,"India, Middle East & Africa",Marine container terminal,Containers,COMP_DPW,DP World,DP World,Operational,900000,150000,720,13,3,,560,DP World operating/ownership structure; see source notes,DPW-SEN-DKR,https://dpw-prod-cd-1.dpworld.com/senegal/ports-and-terminals,Medium,"6 post-Panamax STS cranes and 20 RTGs; source pages vary between 700 m and 720 m quay, so 720 m is retained from the detailed port comparison page.",
TERM0042,Port of Ndayane,PORTG0039,Ndayane,Senegal,Ndayane,"India, Middle East & Africa",Greenfield deep-water port / container terminal,Containers,COMP_DPW,DP World,DP World,Development,1200000,,840,18,2,,1404,DP World operating/ownership structure; see source notes,DPW-SEN-NDY,https://www.dpworld.com/en/ports-terminals/senegal,High,"Phase 1: 840 m quay, 5 km access channel, 16–18 m draft, 1.2m TEU capacity, 6 STS and 20 RTGs planned; phase 2 adds 410 m quay.",
TERM0043,DP World Berbera,PORTG0040,Berbera,Somaliland,Berbera,"India, Middle East & Africa",Marine container / multipurpose terminal,Containers / general cargo,COMP_DPW,DP World,DP World,Operational / expanding,,,400,17,,,336,DP World operating/ownership structure; see source notes,DPW-SML-BER,https://www.dpworld.com/en/ports-terminals/somaliland/berbera,High,"Phase expansion published with ~400 m additional quay; 3 STS, 8 RTGs, 8 forklifts and 6 empty handlers reported.",
TERM0044,DP World Dar es Salaam - Terminal 1,PORTG0041,Dar es Salaam,Tanzania,Dar es Salaam,"India, Middle East & Africa",Marine multipurpose terminal,Containers / RoRo / general cargo / bulk,COMP_DPW,DP World,DP World,Operational,,,,14.5,8,Yes,135,DP World operating/ownership structure; see source notes,DPW-TZA-DAR,https://www.dpworld.com/en/ports-terminals/dar-es-salaam/infrastructure,High,"DP World operates berths 0–7. Berth 0 ~12.9 m draft; berths 1–7 up to ~14.5 m. Container yard >8,000 TEU; general-cargo and grain facilities also present.",
TERM0045,Jebel Ali Port,PORTG0042,Jebel Ali,United Arab Emirates,Dubai,"India, Middle East & Africa",Deep-water marine port / multi-terminal complex,Containers / RoRo / breakbulk / bulk / project cargo,COMP_DPW,DP World,DP World,Operational / expanding,,1400000,5000,,27,Yes,,DP World operating/ownership structure; see source notes,DPW-UAE-JEA,https://www.dpworld.com/en/ports-terminals/uae/jebel-ali-port,High,"DP World public page reports ~5,000 m quay, ~1.4m sqm terminal area and 27 berths for the referenced infrastructure set; port is a multi-terminal complex so figures are not exhaustive for every basin.",
TERM0046,Mina Al Hamriya,PORTG0043,Mina Al Hamriya,United Arab Emirates,Dubai,"India, Middle East & Africa",Marine multipurpose / coastal port,General cargo / RoRo / coastal trade,COMP_DPW,DP World,DP World,Operational,,318000,1800,7,9,,,DP World operating/ownership structure; see source notes,DPW-UAE-HAM,https://www.dpworld.com/en/ports-terminals/uae/mina-al-hamriya,High,,
TERM0047,Dubai Creek & Deira Wharfage,PORTG0044,Dubai Creek / Deira,United Arab Emirates,Dubai,"India, Middle East & Africa",Marine coastal / dhow / general cargo port,General cargo / dhow / coastal trade,COMP_DPW,DP World,DP World,Operational,,1600000,5000,8,43,,,DP World operating/ownership structure; see source notes,DPW-UAE-DEI,https://www.dpworld.com/en/ports-terminals/uae/dubai-creek-and-deira-wharfage,High,,
TERM0048,Mina Rashid,PORTG0045,Mina Rashid,United Arab Emirates,Dubai,"India, Middle East & Africa",Cruise / marina / coastal port,Cruise / marina / passenger,COMP_DPW,DP World,DP World,Operational,,,,,,,,DP World operating/ownership structure; see source notes,DPW-UAE-MRS,https://education.dpworld.com/educator/vr-port-tours/,Medium,DP World-associated cruise and marina gateway; marine berth/depth table left blank until an up-to-date terminal infrastructure page is verified.,
TERM0049,Al Rugaylat Container & Multi-Purpose Terminal,PORTG0046,Fujairah,United Arab Emirates,Fujairah,"India, Middle East & Africa",Greenfield / redevelopment marine terminal,Containers / general cargo / vehicles,COMP_DPW,DP World,DP World,Agreement in principle / development,2500000,,,,,,,DP World operating/ownership structure; see source notes,DPW-UAE-RUG,https://www.dpworld.com/en/news/dp-world-to-expand-uae-gateway-network-with-new-fujairah-terminals,High,50-year concession agreement in principle announced July 2026; designed as deep-water ULCV-capable gateway.,
TERM0050,Dibba General Cargo Terminal,PORTG0046,Fujairah,United Arab Emirates,"Dibba, Fujairah","India, Middle East & Africa",Marine general cargo terminal,General cargo,COMP_DPW,DP World,DP World,Agreement in principle / development,,,,,,,,DP World operating/ownership structure; see source notes,DPW-UAE-DIB,https://www.dpworld.com/en/news/dp-world-to-expand-uae-gateway-network-with-new-fujairah-terminals,High,,
TERM0051,Banana Deep-Sea Port,PORTG0047,Banana,Democratic Republic of the Congo,"Banana, Kongo Central","India, Middle East & Africa",Greenfield deep-water port,Containers,COMP_DPW,DP World,DP World,Development,450000,300000,600,18,,,,DP World operating/ownership structure; see source notes,DPW-COD-BAN,https://www.dpworld.com/en/news/dp-world-and-democratic-republic-of-the-congo-sign-final-agreement-to-develop-banana-port,Medium,"Initial phase: ~600 m quay, 18 m draft and ~450k TEU/year capacity. Project remains a major DP World development priority; current construction status should be continuously monitored.",
TERM0052,Terminales Río de la Plata (TRP),PORTG0048,Buenos Aires,Argentina,Buenos Aires,Latin America,Marine container / multipurpose terminal,Containers / multipurpose,COMP_DPW,DP World,DP World,Operational,,430000,,,,,,DP World operating/ownership structure; see source notes,DPW-ARG-TRP,https://www.dpworld.com/en/ports-terminals/argentina/trp,High,"Approx. 430,000 sqm operating area; detailed current berth/equipment metrics left for second-source verification.",
TERM0053,DP World Santos,PORTG0049,Santos,Brazil,Santos,Latin America,Marine container / multipurpose terminal,Containers / pulp / project cargo,COMP_DPW,DP World,DP World,Operational,,,1100,14.2,,Yes,1000,DP World operating/ownership structure; see source notes,DPW-BRA-STS,https://www.dpworld.com/en/ports-terminals/brazil/santos,High,Published draft ~14.2 m (up to ~14.5 m at high tide); infrastructure dimensioned for ~16 m. Vessels up to ~350 m / 120k DWT noted.,
TERM0054,DP World San Antonio,PORTG0050,San Antonio,Chile,San Antonio,Latin America,Marine container / multipurpose terminal,Containers / multipurpose,COMP_DPW,DP World,DP World,Operational,1200000,,700,,,,,DP World operating/ownership structure; see source notes,DPW-CHL-SAI,https://www.dpworld.com/en/ports-terminals/chile/san-antonio,Medium,Current narrative describes ~700 m berthing and ~1.2m TEU capacity; newer 'infrastructure facts' page contains obvious template contamination and is excluded.,
TERM0055,DP World Lirquén,PORTG0051,Lirquén,Chile,Lirquén,Latin America,Marine multipurpose / container terminal,Containers / forest products / breakbulk,COMP_DPW,DP World,DP World,Operational,,480000,,15.7,6,Yes,,DP World operating/ownership structure; see source notes,DPW-CHL-LIR,https://www.dpworld.com/en/ports-terminals/chile/lirquen-port,High,Six berths and deep-water multipurpose handling; detailed individual berth lengths/depths are captured on Berths sheet.,
TERM0056,DP World Caucedo,PORTG0052,Caucedo,Dominican Republic,Caucedo / Santo Domingo,Latin America,Marine container / logistics hub,Containers / transshipment,COMP_DPW,DP World,DP World,Operational / expanding,2500000,800000,,15.5,,,654,DP World operating/ownership structure; see source notes,DPW-DOM-CAU,https://www.dpworld.com/en/ports-terminals/dominican-republic/caucedo-port,High,"Capacity increased from ~1.2m to ~2.5m TEU after expansion. Equipment historically published: 10 STS, 3 MHC, 32 RTGs; current electrification program is ongoing.",
TERM0057,DP World Posorja,PORTG0053,Posorja,Ecuador,Posorja / Guayaquil,Latin America,Deep-water marine container terminal,Containers / reefer exports,COMP_DPW,DP World,DP World,Operational / expanding,1400000,,700,,,,,DP World operating/ownership structure; see source notes,DPW-ECU-POS,https://www.dpworld.com/en/news/dp-world-inaugurates-posorja-terminal-expansion-boosting-ecuadors-global-trade-capacity,High,Quay reached 700 m in Apr 2026 and is scheduled to reach 800 m by end-2026; two new electric Super Post-Panamax quay cranes operational.,
TERM0058,DP World Callao - South Terminal,PORTG0054,Callao,Peru,Callao,Latin America,Marine container terminal,Containers,COMP_DPW,DP World,DP World,Operational,2700000,400000,1050,,,,1694,DP World operating/ownership structure; see source notes,DPW-PER-CAL,https://www.dpworld.com/en/ports-terminals/peru/callao,High,2024/25 expansion boosted annual capacity to ~2.7m TEU. Current infrastructure page reports 10 quay gantry cranes and 7 yard cranes.,
TERM0059,Terminal Portuario de Paita (TPE),PORTG0055,Paita,Peru,Paita,Latin America,Marine container / multipurpose terminal / JV,Containers / multipurpose,COMP_DPW,DP World,DP World,Operational,,,,,,,,DP World operating/ownership structure; see source notes,DPW-PER-PAI,https://www.dpworld.com/en/ports-terminals/peru,Medium,DP World Peru network includes TPE/Paita; quantitative specs left blank because detailed source is primarily in PDF/third-party material requiring separate verification.,
TERM0060,DP World Paramaribo,PORTG0056,Paramaribo,Suriname,Paramaribo,Latin America,Marine container / multipurpose terminal,Containers / multipurpose,COMP_DPW,DP World,DP World,Operational,130000,,,,,,119,DP World operating/ownership structure; see source notes,DPW-SUR-PAR,https://www.dpworld.com/en/ports-terminals/suriname/paramaribo,High,,
TERM0061,DP World La Vigilantia,PORTG0057,La Vigilantia,Suriname,La Vigilantia,Latin America,River / marine multipurpose terminal,General cargo / project cargo / breakbulk,COMP_DPW,DP World,DP World,Operational,,21000,73,,,,,DP World operating/ownership structure; see source notes,DPW-SUR-VIG,https://www.dpworld.com/en/ports-terminals/suriname/la-vigilantia,High,Published capacity to receive vessels up to ~200 m; 13.2 m figure on page refers to turning basin and is not treated as berth depth.,
TERM0062,DP World Vancouver,PORTG0058,Vancouver,Canada,"Centerm, Vancouver",North America,Marine container terminal,Containers,COMP_DPW,DP World,DP World,Operational,1500000,336000,724,15.5,2,Yes,420,DP World operating/ownership structure; see source notes,DPW-CAN-VAN,https://www.dpworld.com/en/ports-terminals/canada/vancouver,High,"19 RTGs, 5 RMGs and multiple super-post-Panamax quay cranes reported; handled record 975,727 TEU in 2025.",
TERM0063,DP World Fraser Surrey,PORTG0059,Fraser Surrey,Canada,"Surrey, British Columbia",North America,Marine multipurpose terminal,Breakbulk / bulk / containers / project cargo,COMP_DPW,DP World,DP World,Operational,,769000,1575,,6,Yes,,DP World operating/ownership structure; see source notes,DPW-CAN-FSD,https://www.dpworld.com/en/ports-terminals/canada/fraser-surrey-docks,High,Approx. 190+ acre terminal incl. ~154 acres yard; 3 quay cranes reported. Multipurpose rather than pure container terminal.,
TERM0064,DP World Nanaimo / Duke Point,PORTG0060,Nanaimo,Canada,"Duke Point, Nanaimo",North America,Marine container / short-sea terminal,Containers / short sea,COMP_DPW,DP World,DP World,Operational / expanding,280000,80000,252,13.5,2,,,DP World operating/ownership structure; see source notes,DPW-CAN-NAN,https://www.dpworld.com/en/ports-terminals/canada/nanaimo,High,Current footprint: ~6 ha paved +2 ha unpaved; deep-sea berth ~170 m/13.5 m plus ~82 m barge berth. Expansion will extend main berth to ~320 m and add two electric cranes by 2027.,
TERM0065,DP World Prince Rupert,PORTG0061,Prince Rupert,Canada,"Fairview Container Terminal, Prince Rupert",North America,Marine container terminal,Containers,COMP_DPW,DP World,DP World,Operational,,320000,800,17,2,Yes,200,DP World operating/ownership structure; see source notes,DPW-CAN-PRR,https://www.dpworld.com/en/ports-terminals/canada/prince-rupert,High,"8 super-post-Panamax quay cranes and 6 RTGs reported; ~18,000 ft rail track.",
TERM0066,DP World Saint John,PORTG0062,Saint John,Canada,"Port Saint John, New Brunswick",North America,Marine container terminal,Containers,COMP_DPW,DP World,DP World,Operational / expanding,,332000,,17.1,2,Yes,,DP World operating/ownership structure; see source notes,DPW-CAN-SJB,https://www.dpworld.com/en/ports-terminals/canada/saint-john,Medium,"West Side Modernization supports deeper/larger vessel capability. Current DP World page contains a likely typo in one berth-length field, so total quay length is intentionally blank.",
TERM0067,Contrecœur Container Terminal,PORTG0063,Montréal / Contrecœur,Canada,"Contrecœur, Quebec",North America,Greenfield container terminal,Containers,COMP_DPW,DP World,DP World,Development,1150000,,,,,Yes,,DP World operating/ownership structure; see source notes,DPW-CAN-CON,https://www.dpworld.com/en/news/canada/new-milestone-in-canada-with-contrecoeur-expansion-groundbreaking,High,"Construction underway; commissioning expected 2030. DP World responsible for land-based infrastructure, operations and maintenance; in-water works led by MPA.",
TERM0068,Proposed DP World Container Terminal,PORTG0064,Corpus Christi,United States,"Corpus Christi, Texas",North America,Proposed marine container terminal,Containers,COMP_DPW,DP World,DP World,Exclusive negotiations / proposed,,,,,,,,DP World operating/ownership structure; see source notes,DPW-USA-CRP,https://www.dpworld.com/en/news/usa/container-terminal-at-port-of-corpus-christi-texas,High,Exclusive negotiation agreement announced 16 Jun 2026 for a long-term lease to develop and operate a container terminal. Not yet counted as an operating DP World terminal.,
TERM0069,Khalifa Port,PORTG0065,Khalifa Port,United Arab Emirates,Abu Dhabi,Arabian Gulf,Seaport,Container; Ro-Ro; general cargo; bulk; liquid bulk,COMP_ADPORTS,AD Ports Group,Abu Dhabi Ports,Operating,10500000,,11700,,,Yes,,Owned/operated by AD Ports Group,ADP-UAE-KHALIFA,https://www.adportsgroup.com/en/news-and-media/2025/11/18/ad-ports-group-signs-agreement-with-cma-cgm-group-to-expand-terminal-at-khalifa-port,High,"Flagship port; total container capacity after CMA terminal expansion plan reaches 10.5m TEU (planned 2028); 2024 physical footprint 6.3 sq km, 41 quay cranes, 159 yard cranes.",
TERM0070,Zayed Port,PORTG0066,Zayed Port,United Arab Emirates,Abu Dhabi,Arabian Gulf,Seaport,General cargo; cruise; Ro-Ro,COMP_ADPORTS,AD Ports Group,Abu Dhabi Ports,Operating,,,,,,,,Owned/operated by AD Ports Group,ADP-UAE-ZAYED,https://www.adportsgroup.com/en/integrated-clusters/ports/abu-dhabi-ports,High,Commercial port and home of Abu Dhabi Cruise Terminal.,
TERM0071,Free Port (Old & New),PORTG0067,Free Port (Old & New),United Arab Emirates,Abu Dhabi,Arabian Gulf,Seaport,General cargo; marine services,COMP_ADPORTS,AD Ports Group,Abu Dhabi Ports,Operating,,,,,,,,Owned/operated by AD Ports Group,ADP-UAE-FREE,https://www.adportsgroup.com/en/integrated-clusters/ports/abu-dhabi-ports,High,Listed by Abu Dhabi Ports as a commercial port.,
TERM0072,Musaffah Port,PORTG0068,Musaffah Port,United Arab Emirates,Abu Dhabi,Arabian Gulf,Seaport,Breakbulk; Ro-Ro; industrial cargo,COMP_ADPORTS,AD Ports Group,Abu Dhabi Ports,Operating,,,,9,,,,Owned/operated by AD Ports Group,ADP-UAE-MUSAFFAH,https://www.adportsgroup.com/-/media/sites/adports/investors/prospectus-euro-medium-term-note-programme-may-2021-new.pdf,Medium,Serves Musaffah Industrial Area; 53 km channel; max channel depth 9 m.,
TERM0073,Mugharraq Port,PORTG0069,Mugharraq Port,United Arab Emirates,Al Dhafra,Arabian Gulf,Seaport,Offshore; oil & gas; general cargo; bulk; breakbulk; Ro-Ro,COMP_ADPORTS,AD Ports Group,Abu Dhabi Ports,Operating,,85000,480,8,,,,Owned/operated by AD Ports Group,ADP-UAE-MUGHARRAQ,https://www.adportsgroup.com/en/news-and-media/2022/01/23/ad-ports-group-creates-oil--gas-logistics-base-at-mugharraq-port-for-eni-abu-dhabi,High,Heavy-lift port; six Ro-Ro ramps; load bearing up to 15 t/sqm; international ISPS facility.,
TERM0074,Al Sila Port,PORTG0070,Al Sila Port,United Arab Emirates,Al Dhafra,Arabian Gulf,Seaport,Commercial/community cargo,COMP_ADPORTS,AD Ports Group,Abu Dhabi Ports,Operating,,,,,,,,Owned/operated by AD Ports Group,ADP-UAE-ALSILA,https://www.adportsgroup.com/en/integrated-clusters/ports/abu-dhabi-ports,High,Listed as a commercial port.,
TERM0075,Fujairah Port / Fujairah Terminals,PORTG0071,Fujairah Port / Fujairah Terminals,United Arab Emirates,Fujairah,Gulf of Oman,Seaport / terminal,Container; general cargo; Ro-Ro; bulk,COMP_ADPORTS,AD Ports Group / Fujairah Port partnership,Abu Dhabi Ports,Operating,,,,,,Planned/linked inland rail network,,Long-term operating/development rights,ADP-UAE-FUJAIRAH,https://www.adportsgroup.com/en/news-and-media/2026/05/22/ad-ports-group-establishes-consolidated-multimodal-inland-logistics-network,High,Strategic east-coast gateway outside Strait of Hormuz; part of consolidated inland logistics network.,
TERM0076,Delma Port,PORTG0072,Delma Port,United Arab Emirates,Al Dhafra,Arabian Gulf,Community port,Passenger/community,COMP_ADPORTS,AD Ports Group,Abu Dhabi Ports,Operating,,,,,,,,Owned/operated by AD Ports Group,ADP-UAE-DELMA,https://www.adportsgroup.com/en/integrated-clusters/ports/abu-dhabi-ports,High,Community port.,
TERM0077,Mirfa Port,PORTG0073,Mirfa Port,United Arab Emirates,Al Dhafra,Arabian Gulf,Community port,Passenger/community,COMP_ADPORTS,AD Ports Group,Abu Dhabi Ports,Operating,,,,,,,,Owned/operated by AD Ports Group,ADP-UAE-MIRFA,https://www.adportsgroup.com/en/integrated-clusters/ports/abu-dhabi-ports,High,Community port.,
TERM0078,Shahama Port,PORTG0074,Shahama Port,United Arab Emirates,Abu Dhabi,Arabian Gulf,Community port,Passenger/community,COMP_ADPORTS,AD Ports Group,Abu Dhabi Ports,Operating,,,,,,,,Owned/operated by AD Ports Group,ADP-UAE-SHAHAMA,https://www.adportsgroup.com/en/integrated-clusters/ports/abu-dhabi-ports,High,Community port.,
TERM0079,Al Faya Dry Port,PORTG0065,Khalifa Port,United Arab Emirates,Abu Dhabi/Dubai border,UAE inland,Dry port / ICD,Containers,COMP_ADPORTS,AD Ports Group,Abu Dhabi Ports,Operating,900,,,,,No; overland linked; part of rail-linked inland strategy,,Owned/operated by AD Ports Group,ADP-UAE-ALFAYA,https://www.adportsgroup.com/en/news-and-media/2026/06/18/ad-ports-group-enhances-al-faya-dry-ports-integration-with-the-global-trade-and-logistics-ecosystem,High,UN/LOCODE AEALF; initial 900 TEU static capacity; anchored by CMA CGM and scalable.,
TERM0080,Abu Dhabi Terminals,PORTG0065,Khalifa Port,United Arab Emirates,Abu Dhabi,Arabian Gulf,Container terminal,Containers,COMP_ADPORTS,Abu Dhabi Terminals,Abu Dhabi Ports,Operating,,,,,,Yes,,AD Ports Group with MSC relationship,ADP-UAE-ADT,https://www.adportsgroup.com/en/integrated-clusters/ports/abu-dhabi-ports,High,One of three major container terminals at Khalifa Port.,
TERM0081,CSP Abu Dhabi Terminal,PORTG0065,Khalifa Port,United Arab Emirates,Abu Dhabi,Arabian Gulf,Container terminal,Containers,COMP_ADPORTS,CSP / COSCO Shipping Ports,Abu Dhabi Ports,Operating,,,,,,Yes,,Joint operation/partnership with COSCO Shipping,ADP-UAE-CSP,https://www.adportsgroup.com/en/integrated-clusters/ports/abu-dhabi-ports; https://ports.coscoshipping.com/en/Media/PhotoGallery/,High,Container terminal operated with COSCO Shipping.,
TERM0082,CMA Terminals Khalifa Port,PORTG0065,Khalifa Port,United Arab Emirates,Abu Dhabi,Arabian Gulf,Container terminal,Containers,COMP_ADPORTS,CMA Terminals Khalifa Port,Abu Dhabi Ports; CMA Terminals,Operating; expansion planned,2700000,900000,1200,18.5,2,Yes,,70% CMA CGM / 30% AD Ports Group | 70% CMA Terminals / 30% AD Ports Group,ADP-UAE-CMA; CMA-AE-KHAL,https://www.adportsgroup.com/en/news-and-media/2025/11/18/ad-ports-group-signs-agreement-with-cma-cgm-group-to-expand-terminal-at-khalifa-port,High,"Phase 1: 1.8m TEU; expansion to 2.7m TEU scheduled early 2028. | Phase 1 1.8m TEU, 800m quay, 46ha; early-2028 expansion targets 2.7m TEU, 1,200m quay, 67ha.",Duplicate source records collapsed
TERM0083,Autoterminal Khalifa Port,PORTG0065,Khalifa Port,United Arab Emirates,Abu Dhabi,Arabian Gulf,Automotive / Ro-Ro terminal,Vehicles; Ro-Ro; H&H,COMP_NOATUM,Autoterminal Khalifa Port,Noatum Automotive / Abu Dhabi Ports,Operating,,,,,,Yes,,AD Ports Group / Noatum automotive asset,ADP-UAE-ATK,https://www.noatum.com/en/noatum-automotive/,High,One of Noatum Automotive's eight core automotive terminals.,
TERM0084,South Quay,PORTG0065,Khalifa Port,United Arab Emirates,Abu Dhabi,Arabian Gulf,Multipurpose terminal,General cargo; breakbulk; project cargo,COMP_ADPORTS,AD Ports Group,Abu Dhabi Ports,Operating,,,,,,Yes,,Owned/operated by AD Ports Group,ADP-UAE-SOUTHQUAY,https://www.adportsgroup.com/en/integrated-clusters/ports/abu-dhabi-ports,High,Commercial terminal within Khalifa Port.,
TERM0085,Khalifa Port Logistics,PORTG0065,Khalifa Port,United Arab Emirates,Abu Dhabi,Arabian Gulf,Logistics terminal,General cargo; logistics,COMP_ADPORTS,AD Ports Group,Abu Dhabi Ports,Operating,,,,,,Yes,,Owned/operated by AD Ports Group,ADP-UAE-KPL,https://www.adportsgroup.com/en/integrated-clusters/ports/abu-dhabi-ports,High,Commercial terminal within Khalifa Port.,
TERM0086,Abu Dhabi Cruise Terminal,PORTG0066,Zayed Port,United Arab Emirates,Abu Dhabi,Arabian Gulf,Cruise terminal,Passengers,COMP_ADPORTS,AD Ports Group,AD Ports Group Cruise,Operating,,,,,,,,Owned/operated,ADP-CRUISE-ABU,https://www.adportsgroup.com/en/integrated-clusters/ports/abu-dhabi-ports,High,Includes Zayed Port cruise operations; Sir Bani Yas Cruise Beach is a related passenger asset.,
TERM0087,Sir Bani Yas Cruise Beach,PORTG0075,Sir Bani Yas Cruise Beach,United Arab Emirates,Sir Bani Yas Island,Arabian Gulf,Cruise beach / passenger terminal,Passengers,COMP_ADPORTS,AD Ports Group,AD Ports Group Cruise,Operating,,,,,,,,Operated,ADP-CRUISE-SBY,https://www.adportsgroup.com/en/integrated-clusters/ports/abu-dhabi-ports,High,Cruise destination/passenger asset.,
TERM0088,Aqaba Cruise Terminal,PORTG0076,Port of Aqaba,Jordan,Aqaba,Red Sea,Cruise terminal,Passengers,COMP_NOATUM,AD Ports Group / Aqaba Development Corporation,AD Ports Group Cruise / Noatum Ports ecosystem,Operating,,,,,,,,Partnership,ADP-JOR-AQABA-CRUISE,https://www.adportsgroup.com/en/news-and-media/2026/06/18/ad-ports-group-launches-maqta-ayla-digital-solutions-in-jordan,High,Inaugurated 2023; sits alongside expanding AD Ports Group Aqaba portfolio.,
TERM0089,Sharm El Sheikh Cruise Terminal,PORTG0077,Port of Sharm El Sheikh,Egypt,Sharm El Sheikh,Red Sea,Cruise terminal,Passengers,COMP_ADPORTS,AD Ports Group / Egyptian authorities,AD Ports Group Cruise,Operating,,,,,,,,Concession/management arrangement,ADP-EGY-SHARM-CRUISE,https://www.adportsgroup.com/en/news-and-media/2026/05/19/ad-ports-group-launches-cruise-and-ferry-terminal-services-in-egypt,High,Cruise services launched in 2026.,
TERM0090,Hurghada Cruise Terminal,PORTG0078,Port of Hurghada,Egypt,Hurghada,Red Sea,Cruise terminal,Passengers,COMP_ADPORTS,AD Ports Group / Egyptian authorities,AD Ports Group Cruise,Operating,,,,,,,,Concession/management arrangement,ADP-EGY-HURGHADA-CRUISE,https://www.adportsgroup.com/en/news-and-media/2026/05/19/ad-ports-group-launches-cruise-and-ferry-terminal-services-in-egypt,High,Cruise services launched in 2026.,
TERM0091,Safaga Cruise & Ferry Terminal,PORTG0079,Port Safaga,Egypt,Safaga,Red Sea,Cruise/ferry terminal,Passengers; ferries,COMP_ADPORTS,AD Ports Group / Egyptian authorities,AD Ports Group Cruise,Operating,,,,,,,,Concession/management arrangement,ADP-EGY-SAFAGA-CRUISE,https://www.adportsgroup.com/en/news-and-media/2026/05/19/ad-ports-group-launches-cruise-and-ferry-terminal-services-in-egypt,High,Passenger services launched 2026; ferry link to NEOM used for Hajj workforce transport.,
TERM0092,Noatum Ports Safaga Terminal,PORTG0079,Port Safaga,Egypt,Safaga,Red Sea,Multipurpose terminal,Container; dry bulk; general cargo; liquid bulk; Ro-Ro,COMP_NOATUM,Noatum Ports,Noatum Ports,Trial operations; commercial opening 2026,450000,810000,1000,,,,,100% AD Ports Group concession vehicle,ADP-EGY-SAFAGA,https://www.adportsgroup.com/en/news-and-media/2025/03/04/ad-ports-group-prepares-to-receive-state-of-the-art-panamax-class-cranes-in-safaga,High,Capacity: 450k TEU; 5m t dry bulk/general; 1m t liquid bulk; 50k CEU.,
TERM0093,TCI / Al Adabiya Terminal,PORTG0080,Port of Adabiya,Egypt,Suez,Red Sea / Gulf of Suez,Multipurpose / stevedoring terminal,Containers; dry bulk; general cargo,COMP_NOATUM,TCI,Noatum Ports / TCI,Operating,150000,,,,,,,AD Ports Group controlled through TCI,ADP-EGY-ADABIYA,https://www.adportsgroup.com/en/news-and-media/2025/01/03/ad-ports-group-closes-2024-with-strong-growth,Medium,Transmar/TCI operations support Group's Egypt logistics integration.,
TERM0094,Karachi Gateway Terminal Limited (KGTL),PORTG0081,Karachi Port East Wharf,Pakistan,Karachi,Arabian Sea,Container terminal,Containers,COMP_NOATUM,KGTL,Noatum Ports,Operating; dredging/expansion,750000,,,13,5,,,AD Ports Group-led JV,ADP-PAK-KGTL,https://www.adportsgroup.com/en/news-and-media/2025/09/02/ad-ports-groups-karachi-terminals-in-pakistan-sign-major-dredging-agreement,High,Dredging to 15.5 m and capacity to 1.0m TEU; designed for vessels up to 350 m after works.,
TERM0095,Karachi Gateway Terminal Multipurpose Limited (KGTML),PORTG0081,Karachi Port East Wharf,Pakistan,Karachi,Arabian Sea,Bulk & general cargo terminal,Dry bulk; general cargo; agriculture,COMP_NOATUM,KGTML,Noatum Ports,Operating; expansion,,,,,7,,,AD Ports Group majority / Kaheel Terminals JV,ADP-PAK-KGTML,https://www.adportsgroup.com/en/news-and-media/2024/02/03/ad-ports-group-and-karachi-port-trust-extend-cooperation-through-25-year-concession-agreement,High,Bulk/general cargo concession; long-term LDC clean bulk handling and storage project.,
TERM0096,Noatum Ports Luanda Terminal,PORTG0026,Port of Luanda,Angola,Luanda,South Atlantic,Multipurpose terminal,Containers; general cargo; Ro-Ro,COMP_NOATUM,Noatum Ports Luanda Terminal,Noatum Ports,Operating; major modernisation,25000,192000,,16,,,,81% AD Ports Group / local partners,ADP-AGO-LUANDA,https://www.adportsgroup.com/en/news-and-media/2025/09/19/ad-ports-group-breaks-ground-on-noatum-ports-luanda-terminal,High,Current container capacity 25k TEU; planned 350k TEU + >40k vehicles by Q1 2027.,
TERM0097,Noatum Ports Pointe-Noire Terminal,PORTG0082,Port of Pointe-Noire,Republic of the Congo,Pointe-Noire,South Atlantic,Container / multipurpose terminal,Containers; future multipurpose,COMP_NOATUM,AD Ports Group / CMA Terminals JV,CMA Terminals / AD Ports JV; Noatum Ports,Under development,400000,100000,420,16,,,,51% AD Ports Group / 49% CMA CGM in terminal JV | 51% AD Ports Group / 49% CMA Terminals,ADP-COG-POINTE; CMA-CG-PNR,https://www.adportsgroup.com/en/news-and-media/2026/05/18/ad-ports-group-awards-three-contracts-for-noatum-ports-pointe-noire-terminal,High,"Initial phase includes 420 m quay, 16 m depth; 3 STS + 9 RTG ordered. | Three STS + nine RTGs contracted; terminal can later add multipurpose capability.",Duplicate source records collapsed
TERM0098,Dar es Salaam Container Terminal 2 (TICTS / berths 8-11),PORTG0041,Port of Dar es Salaam,Tanzania,Dar es Salaam,Indian Ocean,Container terminal,Containers,COMP_NOATUM,TICTS / East Africa Gateway,Noatum Ports investment,Operating,900000,,,,4,,,AD Ports Group 30% stake alongside Adani and East Harbour interests,ADP-TZA-DAR,https://www.adportsgroup.com/en/news-and-media/2025/01/03/ad-ports-group-closes-2024-with-strong-growth,High,Strategic East/Central Africa gateway; 2025 annual volumes about 900k TEU.,
TERM0099,Tbilisi Intermodal Hub / Tbilisi Dry Port,PORTG0083,Tbilisi Intermodal Hub / Tbilisi Dry Port,Georgia,Tbilisi,Middle Corridor,Dry port / intermodal terminal,Containers; vehicles; warehousing,COMP_NOATUM,Tbilisi Intermodal Hub,Noatum Ports / AD Ports Group international,Operating; phase expansion,96000,50000,,,,Yes – 3 x 600 m spurs; 4th planned,,60% AD Ports Group / Inveco / Wilhelmsen,ADP-GEO-TBILISI,https://www.adportsgroup.com/en/news-and-media/2025/06/03/ad-ports-group-inaugurates-tbilisi-intermodal-hub-in-georgia,High,"Phase 1 capacity 96k TEU; planned 200k TEU after phase 2; 2,500 sqm Class B warehouse + 9,800 sqm Class A planned.",
TERM0100,Sarzha Grain Terminal,PORTG0084,Kuryk Port,Kazakhstan,Kuryk,Caspian Sea,Grain terminal,Grain / dry bulk,COMP_ADPORTS,Sarzha Grain Terminal JV,AD Ports Group international,Under development,,,,,,,,51% AD Ports Group / 49% Semurg,ADP-KAZ-SARZHA,https://www.adportsgroup.com/en/news-and-media/2025/01/14/ad-ports-group-to-invest-in-greenfield-sarzha-grain-terminal-in-kuryk-port-kazakhstan,High,"Phase 1: 570,000 t/y grain; Phase 2: 1.5m t/y.",
TERM0101,New Dry Bulk Terminal – Douala Port,PORTG0085,Port of Douala,Cameroon,Douala,Gulf of Guinea,Dry bulk terminal,Dry bulk,COMP_NOATUM,Operating company with Africa Ports Development,Noatum Ports / AD Ports Group international,Under development,,,,,,,,Effective economic interest 51% for AD Ports Group,ADP-CMR-DOUALA,https://www.adportsgroup.com/en/news-and-media/2026/02/12/ad-ports-group-enters-into-30-year-concession-agreement-with-africa-ports-development,High,AD Ports Group joined APD concession in Feb 2026.,
TERM0102,Aqaba Multipurpose Port,PORTG0076,Port of Aqaba,Jordan,Aqaba,Red Sea,Multipurpose port,General cargo; multipurpose,COMP_NOATUM,JV with Aqaba Development Corporation,Noatum Ports,Operating under new concession from Aug 2026,,,,,,,,70% AD Ports Group / 30% ADC,ADP-JOR-AQABA-MP,https://wpvip.adportsgroup.com/adportsgroup/news-and-media/2026/02/05/ad-ports-group-signs-30-year-agreement-with-aqaba-development-corporation/,High,Jordan's exclusive general cargo/multipurpose seaport; concession signed Feb 2026.,
TERM0103,Noatum Ports Tarragona Terminal,PORTG0086,Port of Tarragona,Spain,Tarragona,Western Mediterranean,Multipurpose / bulk / Ro-Ro terminal,General cargo; agro-bulk; Ro-Ro; automotive,COMP_NOATUM,Noatum Ports,Noatum Ports,Operating,,72000,5000,,,Yes,,AD Ports Group / Noatum Ports,ADP-ESP-TARR,https://www.noatum.com/en/terminals-port-operations/noatum-ports-tarragona-terminal/,High,"Storage 55,916 sqm; 2 Ro-Ro ramps; automotive operations use 4-track rail terminal.",
TERM0104,Noatum Ports Castellón Terminal,PORTG0087,Port of Castellón,Spain,Castellón,Western Mediterranean,Multipurpose / container / bulk terminal,Containers; dry bulk; general cargo,COMP_NOATUM,Noatum Ports,Noatum Ports,Operating,,214235,990,,,,144,AD Ports Group / Noatum Ports,ADP-ESP-CAST,https://www.noatum.com/en/terminals-port-operations/noatum-ports-castellon-terminal/,High,"Storage 15,000 sqm.",
TERM0105,Noatum Ports Sagunto Terminal,PORTG0088,Port of Sagunto,Spain,Sagunto,Western Mediterranean,Multipurpose / Ro-Ro terminal,Ro-Ro; vehicles; general cargo; bulk,COMP_NOATUM,Noatum Ports,Noatum Ports / Noatum Automotive,Operating,,187000,1530,,,Rail terminal under construction,,AD Ports Group / Noatum Ports,ADP-ESP-SAG,https://www.noatum.com/en/terminals-port-operations/noatum-ports-sagunto-terminal/,High,"55,986 sqm storage; 100,000 sqm vehicle area; 1 Ro-Ro ramp.",
TERM0106,Noatum Ports Cartagena Terminal,PORTG0089,Port of Cartagena,Spain,Cartagena,Western Mediterranean,Multipurpose / container / bulk terminal,Containers; bulk; general cargo,COMP_NOATUM,Noatum Ports,Noatum Ports,Operating,,,,,,,,AD Ports Group / Noatum Ports,ADP-ESP-CART,https://www.noatum.com/en/terminals-port-operations/,High,Official Noatum Spain terminal network.,
TERM0107,Noatum Ports Málaga Terminal,PORTG0090,Port of Málaga,Spain,Málaga,Western Mediterranean,Multipurpose / container / bulk / Ro-Ro terminal,Containers; bulk; general cargo; Ro-Ro; automotive,COMP_NOATUM,Noatum Ports,Noatum Ports / Noatum Automotive,Operating,,365914,723,16,,2 rail terminals,516,AD Ports Group / Noatum Ports,ADP-ESP-MAL,https://www.noatum.com/en/terminals-port-operations/noatum-ports-malaga-terminal/,High,"42,000 sqm storage; 100,000 sqm vehicle/covered space.",
TERM0108,Noatum Ports A Coruña Terminal,PORTG0091,Port of A Coruña,Spain,A Coruña,Atlantic Europe,Multipurpose / container / bulk terminal,Containers; bulk; general cargo,COMP_NOATUM,Noatum Ports,Noatum Ports,Operating,,,,,,,,AD Ports Group / Noatum Ports,ADP-ESP-COR,https://www.noatum.com/en/terminals-port-operations/,High,Official Noatum Spain terminal network.,
TERM0109,Noatum Ports Ferrol Terminal,PORTG0092,Port of Ferrol,Spain,Ferrol,Atlantic Europe,Multipurpose terminal,General cargo; bulk,COMP_NOATUM,Noatum Ports,Noatum Ports,Operating,,,,,,,,AD Ports Group / Noatum Ports,ADP-ESP-FER,https://www.noatum.com/en/terminals-port-operations/,High,Official Noatum Spain terminal network.,
TERM0110,Noatum Ports Santander Terminal,PORTG0093,Port of Santander,Spain,Santander,Bay of Biscay,Multipurpose / bulk / Ro-Ro terminal,Bulk; general cargo; Ro-Ro; automotive,COMP_NOATUM,Noatum Ports,Noatum Ports / Noatum Automotive,Operating,,63000,3100,13,,4 tracks,,AD Ports Group / Noatum Ports,ADP-ESP-SANT,https://www.noatum.com/en/terminals-port-operations/noatum-ports-santander-terminal/,High,"46,000 sqm storage; 3 Ro-Ro ramps; 280,000 sqm public vehicle area.",
TERM0111,Noatum Ports Bilbao Terminal,PORTG0094,Port of Bilbao,Spain,Bilbao,Bay of Biscay,Multipurpose / bulk terminal,Bulk; general cargo,COMP_NOATUM,Noatum Ports,Noatum Ports,Operating,,,,,,,,AD Ports Group / Noatum Ports,ADP-ESP-BIL,https://www.noatum.com/en/terminals-port-operations/,High,Official Noatum Spain terminal network; associated depot operation also listed.,
TERM0112,Noatum Ports Vigo Terminal,PORTG0095,Port of Vigo,Spain,Vigo,Atlantic Europe,Reefer / Ro-Ro automotive terminal,Reefer; vehicles; Ro-Ro,COMP_NOATUM,Noatum Ports,Noatum Ports / Noatum Automotive,Operating,,,,,,,,AD Ports Group / Noatum Ports,ADP-ESP-VIG,https://www.noatum.com/en/noatum-automotive/,High,Automotive and reefer terminal; one of eight Noatum Automotive port terminals.,
TERM0113,Autoterminal Barcelona,PORTG0096,Port of Barcelona,Spain,Barcelona,Western Mediterranean,Automotive / Ro-Ro terminal,Vehicles; Ro-Ro; H&H,COMP_NOATUM,Autoterminal Barcelona,Noatum Automotive,Operating,,,,,,Rail / multimodal,,AD Ports Group / Noatum,ADP-ESP-BCN,https://www.noatum.com/en/noatum-automotive/automotive-ports/,High,"Noatum Automotive hub port; listed volume 418,000 vehicles and 6,000 H/H units on company page.",
TERM0114,Noatum Ports Pasajes Terminal,PORTG0097,Port of Pasaia / Pasajes,Spain,Pasaia,Bay of Biscay,Automotive / Ro-Ro terminal,Vehicles; Ro-Ro; H&H,COMP_NOATUM,Noatum Ports,Noatum Automotive,Operating,,,,,,Multimodal,,AD Ports Group / Noatum,ADP-ESP-PAS,https://www.noatum.com/en/noatum-automotive/automotive-ports/,High,"Automotive terminal; company page lists 248,000 vehicles and 3,000 H/H units.",
TERM0115,Fenix Marine Services,PORTG0098,Port of Los Angeles,United States,Los Angeles,US West Coast,Container terminal,Containers / terminal cargo,COMP_CMA_TERMINALS,Fenix Marine Services,CMA Terminals / United Ports,Operating,2500000,1182000,,15.24,4,Yes,700,CMA CGM-operated; United Ports portfolio,CMA-US-FENIX,https://www.cma-cgm.com/news/4028/cma-cgm-completes-the-acquisition-of-fenix-marine-services-one-of-the-largest-container-terminals-in-the-port-of-los-angeles,High,"Approx. 292-acre yard; four berths >1,000 ft each; 16 quay cranes; eight rail tracks.",
TERM0116,Port Liberty New York,PORTG0099,Port of New York & New Jersey,United States,"Staten Island, New York",US East Coast,Container terminal,Containers / terminal cargo,COMP_CMA_TERMINALS,Port Liberty,CMA Terminals / United Ports,Operating,,,,,,Yes,,CMA CGM-operated; United Ports portfolio,CMA-US-PLNY,https://www.cmacgm-group.com/en/news-media/cma-cgm-and-stonepeak-complete-formation-united-ports-llc,High,One of the two Port Liberty assets transferred to United Ports.,
TERM0117,Port Liberty Bayonne,PORTG0099,Port of New York & New Jersey,United States,"Bayonne, New Jersey",US East Coast,Container terminal,Containers / terminal cargo,COMP_CMA_TERMINALS,Port Liberty,CMA Terminals / United Ports,Operating,,,,,,Yes,,CMA CGM-operated; United Ports portfolio,CMA-US-PLBY,https://www.cmacgm-group.com/en/news-media/cma-cgm-and-stonepeak-complete-formation-united-ports-llc,High,CMA CGM identifies Bayonne among terminals deploying fully electric terminal tractors.,
TERM0118,Tecon Santos / Santos Brasil,PORTG0049,Port of Santos,Brazil,Guarujá,South America Atlantic,Container terminal,Containers / terminal cargo,COMP_CMA_TERMINALS,Santos Brasil,CMA Terminals / United Ports,Operating,,,,,,Yes,,100% Santos Brasil under CMA CGM; United Ports portfolio,CMA-BR-SANTOS,https://www.santosbrasil.com.br/v2021/en/containers,High,Largest Santos Brasil container asset; infrastructure details should be enriched directly from Santos Brasil terminal page.,
TERM0119,Tecon Vila do Conde,PORTG0100,Port of Vila do Conde,Brazil,Barcarena,Amazon / North Brazil,Container / project cargo terminal,Containers / terminal cargo,COMP_CMA_TERMINALS,Santos Brasil,CMA Terminals / Santos Brasil,Operating,233000,107967,,,,,570,100% Santos Brasil under CMA CGM,CMA-BR-VDC,https://www.santosbrasil.com.br/v2021/conteineres,High,"Three mobile harbour cranes (125 t), nine reach stackers, four empty handlers.",
TERM0120,Tecon Imbituba,PORTG0101,Port of Imbituba,Brazil,Imbituba,South America Atlantic,Container terminal,Containers / terminal cargo,COMP_CMA_TERMINALS,Santos Brasil,CMA Terminals / Santos Brasil,Operating,351000,76170,410,14.5,,Yes,288,100% Santos Brasil under CMA CGM,CMA-BR-IMB,https://www.santosbrasil.com.br/v2021/conteineres,High,"Two portainers, one MHC, 13 reach stackers.",
TERM0121,CSP Valencia Terminal,PORTG0102,Port of Valencia,Spain,Valencia,Western Mediterranean,Container terminal,Containers / terminal cargo,COMP_CMA_TERMINALS,CSP Valencia,CMA Terminals / United Ports,Operating,,,,,,Yes,,CMA CGM-operated interest; United Ports portfolio,CMA-ES-VAL,https://www.cmacgm-group.com/en/news-media/cma-cgm-and-stonepeak-complete-formation-united-ports-llc; https://ports.coscoshipping.com/en/Media/PhotoGallery/,High,Transferred into completed United Ports portfolio.,
TERM0122,CSP Bilbao Terminal,PORTG0094,Port of Bilbao,Spain,Bilbao,Bay of Biscay,Container terminal,Containers / terminal cargo,COMP_CMA_TERMINALS,CSP Bilbao,CMA Terminals / United Ports,Operating,,,,,,Yes,,CMA CGM-operated interest; United Ports portfolio,CMA-ES-BIL,https://www.cmacgm-group.com/en/news-media/cma-cgm-and-stonepeak-complete-formation-united-ports-llc; https://ports.coscoshipping.com/en/Media/PhotoGallery/,High,Transferred into completed United Ports portfolio.,
TERM0123,TTI Algeciras,PORTG0103,Port of Algeciras,Spain,Algeciras,Strait of Gibraltar,Container / transshipment terminal,Containers / terminal cargo,COMP_CMA_TERMINALS,TTI Algeciras,CMA Terminals / United Ports,Operating,,,,,,Yes,,CMA CGM-operated interest; United Ports portfolio,CMA-ES-ALG,https://www.cmacgm-group.com/en/news-media/cma-cgm-and-stonepeak-complete-formation-united-ports-llc,High,One of CMATH's seven major transshipment hubs.,
TERM0124,CMA CGM Kaohsiung Terminal,PORTG0104,Port of Kaohsiung,Taiwan,Kaohsiung,East Asia,Container terminal,Containers / terminal cargo,COMP_CMA_TERMINALS,CMA CGM Kaohsiung Terminal,CMA Terminals / United Ports,Operating,,,,,,Yes,,CMA CGM-operated; United Ports portfolio,CMA-TW-KHH,https://www.cmacgm-group.com/en/news-media/cma-cgm-and-stonepeak-complete-formation-united-ports-llc,High,Transferred into completed United Ports portfolio.,
TERM0125,Gemalink Container Terminal,PORTG0105,Cai Mep-Thi Vai,Vietnam,Ba Ria-Vung Tau,Southeast Asia,Container / transshipment terminal,Containers / terminal cargo,COMP_CMA_TERMINALS,Gemalink,CMA Terminals / United Ports,Operating; Phase 2 expansion,3000000,440000,,,,,,CMA CGM 25% / Gemadept partnership; United Ports portfolio,CMA-VN-GEMA,https://www.cmacgm-group.com/en/news-media/cma-cgm-launches-phase-2-expansion-works-gemalink-container-terminal,High,Current capacity about 1.7m TEU; Phase 2 targets ~3m by Q4 2027; yard 32→44 ha; STS 8→13; quay +450m.,
TERM0126,Nhava Sheva Freeport Terminal,PORTG0106,Jawaharlal Nehru Port,India,Navi Mumbai,Indian Subcontinent,Container terminal,Containers / terminal cargo,COMP_CMA_TERMINALS,Nhava Sheva Freeport Terminal,CMA Terminals / proposed United Ports addition,Operating; ownership transfer pending,,,,,,Yes,,CMA CGM interest; addition to United Ports subject to approvals,CMA-IN-NSFT,https://www.cmacgm-group.com/en/news-media/cma-cgm-and-stonepeak-complete-formation-united-ports-llc,High,Not included in United Ports at closing; expected later subject to regulatory approvals.,
TERM0127,Lekki Freeport Terminal,PORTG0107,Lekki Deep Sea Port,Nigeria,Lagos,Gulf of Guinea,Container terminal,Containers / terminal cargo,COMP_CMA_TERMINALS,Lekki Freeport Terminal,CMA Terminals,Operating,,,680,16.5,2,,580,CMA Terminals investment/operation,CMA-NG-LEKKI,https://www.cma-cgm.com/assets/public/pdf/LEKKI%20FREEPORT%20TERMINAL%20Q3%202022.pdf,Medium,"Official CMA advisory states 680m quay, two berths, 16.5m depth, five STS cranes and 580 reefer plugs. Older infrastructure source; current capacity to be refreshed.",
TERM0128,Trans Misr Terminal Alexandria,PORTG0108,Port of Alexandria,Egypt,Alexandria,Eastern Mediterranean,Container terminal,Containers / terminal cargo,COMP_CMA_TERMINALS,Trans Misr Terminal,CMA Terminals,Operating,1500000,560000,2000,,,,,CMA Terminals investment/operation,CMA-EG-ALEX,https://www.cma-cgm.com/ebusiness/schedules/terminal/detail/EGALY-MPT,High,Current CMA terminal system confirms Trans Misr Terminal at Pier 55; ~1.5m TEU / >2km quay figures originate from project specifications and should be refreshed.,
TERM0129,West Container Terminal – Nador West Med,PORTG0109,Nador West Med,Morocco,Nador,Western Mediterranean,Container / transshipment terminal,Containers / terminal cargo,COMP_CMA_TERMINALS,JV with Marsa Maroc,CMA Terminals,Under development,1800000,375000,900,18,,,,51% Marsa Maroc / 49% CMA Terminals,CMA-MA-NADOR,https://www.cma-cgm.com/news/5223/marsa-maroc-and-cma-cgm-finalize-the-agreement-for-the-operation-of-a-container-terminal-at-the-port-of-nador-west-med,High,"Latest agreement targets 1.8m TEU and 2027 opening; earlier project detail specified 18m draft, 8 STS and 24 electric RTGs.",
TERM0130,Jeddah Islamic Port Terminal 4,PORTG0037,Jeddah Islamic Port,Saudi Arabia,Jeddah,Red Sea,Container terminal,Containers / terminal cargo,COMP_CMA_TERMINALS,RSGT-CMA CGM JV,CMA Terminals / RSGT JV,Under development,2600000,,,,,,,Definitive JV agreements with RSGT,CMA-SA-JED4,https://rsgt.com.sa/news/rsgt-and-cma-cgm-announce-usd-434-million-initial-investment-sar-1-6-billion-to-develop-terminal-4-and-add-up-to-2-6-million-teus-of-capacity-at-jeddah-islamic-port/,High,US$434m initial investment; up to 2.6m TEU; 10 new STS cranes announced.,
TERM0131,Lach Huyen Terminals 7 & 8,PORTG0110,Port of Haiphong / Lach Huyen,Vietnam,Haiphong,Southeast Asia,Container terminal,Containers / terminal cargo,COMP_CMA_TERMINALS,Project JV,CMA Terminals / Saigon Newport partnership,Under development,1900000,,,,,,,CMA CGM partnership with Saigon Newport,CMA-VN-HP78,https://www.cmacgm-group.com/en/news-media/cma-cgm-and-saigon-newport-corporation-sign-strategic-partnership-to-develop-deep-water-terminal-in-vietnam,Medium,Approx. US$600m project; expected operations during 2028.,
TERM0132,EUROGATE Container Terminal Hamburg – proposed CMA stake,PORTG0111,Port of Hamburg,Germany,Hamburg,Northern Europe,Container terminal,Containers / terminal cargo,COMP_CMA_TERMINALS,EUROGATE Container Terminal Hamburg,CMA Terminals,Negotiations ongoing,6000000,380000,1050,,,Yes,,Proposed 20% CMA Terminals minority stake,CMA-DE-HAM,https://www.eqs-news.com/news/ad-hoc/eurokai-gmbh-co-kgaa-gesprache-uber-mogliche-verauserung-einer-minderheitsbeteiligung-an-eurogate-container-terminal-hamburg-gmbh/7493bbee-38a3-4d68-81f2-564f67cadc7c_de,High,"Do not treat as completed ownership. Existing capacity ~4m TEU; western expansion targets ~6m with +38ha and +1,050m quay.",
TERM0133,Mombasa terminal development framework,PORTG0112,Port of Mombasa,Kenya,Mombasa,East Africa / Indian Ocean,Container terminal development,Containers / terminal cargo,COMP_CMA_TERMINALS,TBD JV with Kenyan authorities,CMA CGM / CMA Terminals,Development framework,1200000,,,,,Yes,,Strategic partnership framework; exact terminal JV structure pending,CMA-KE-MBA,https://cmacgm-group.com/en/news-media/africa-forward-summit-rodolphe-saade-signs-government-republic-of-kenya-strategic-partnership-agreement,High,€700m strategic framework announced; subsequent reporting describes a deep-water terminal adding about 1.2m TEU. Details not yet final.,
TERM0134,October Dry Port,PORTG0113,6th of October City,Egypt,Giza Governorate,Egypt inland,Dry port / rail logistics terminal,Containers / terminal cargo,COMP_CMA_TERMINALS,October Dry Port S.A.E.,CMA CGM Inland Services / CMA Terminals ecosystem,Operating / expanding,,,,,,Yes,,35% CMA CGM stake,CMA-EG-ODP,https://www.cmacgm-group.com/en/news-media/annual-financial-results-2025,High,Strategic rail and logistics platform; tracked separately from seaport assets.,
TERM0135,Lyon Rhône Terminal,PORTG0114,Port Édouard Herriot,France,Lyon,Rhône corridor,Inland container terminal,Containers / terminal cargo,COMP_CMA_TERMINALS,Lyon Rhône Terminal,CMA CGM-led consortium,Operating,,,,,,Yes,,CMA CGM-led consortium 67%,CMA-FR-LYON,https://www.cmacgm-group.com/en/news-media/annual-financial-results-2025,High,Concession began April 2025; supports Mediterranean–Rhône–Saône corridor.,
TERM0136,SAMR – Port Réunion Terminal,PORTG0115,Port Réunion,France (Réunion),Le Port,Indian Ocean,Container terminal,Containers / terminal cargo,COMP_CMA_TERMINALS,SAMR,CMA Terminals,Operating,,,,,,,,CMA Terminals operation,CMA-FR-REU,https://www.kalmarglobal.com/news--insights/press_releases/2024/kalmar-concluded-an-agreement-to/,Medium,Strategic Indian Ocean hub; three hybrid straddle carriers ordered for delivery in 2024.,
TERM0137,Kribi Conteneurs Terminal,PORTG0116,Port of Kribi,Cameroon,Kribi,Gulf of Guinea,Container / transshipment terminal,Containers / terminal cargo,COMP_CMA_TERMINALS,Kribi Conteneurs Terminal,CMA Terminals Holding strategic hub,Operating,,,,,,,,CMA CGM-linked terminal interest,CMA-CM-KRIBI,https://www.cmacgm-group.com/en/group-and-vision/our-activities/terminals,High,Named by CMATH as one of seven major transshipment hubs.,
TERM0138,Terminal Link – Rotterdam,PORTG0020,Port of Rotterdam,Netherlands,Rotterdam,Northern Europe,Container terminal,Containers / terminal cargo,COMP_TERMINAL_LINK,Terminal Link,Terminal Link,Operating,,,,,,,,51% CMA Terminals Holding / 49% CM Port (portfolio-level structure),CMA-TL-RTM,https://www.terminal-link.com/ports/location,High,Official Terminal Link location network. Infrastructure fields intentionally blank until terminal-specific verification.,
TERM0139,Terminal des Flandres,PORTG0117,Port of Dunkirk,France,Dunkirk,Northern Europe,Container terminal,Containers / terminal cargo,COMP_TERMINAL_LINK,Terminal Link,Terminal Link,Operating,,,,,,,,51% CMA Terminals Holding / 49% CM Port (portfolio-level structure),CMA-TL-DKR,https://www.terminal-link.com/ports/location,High,Official Terminal Link location network. Infrastructure fields intentionally blank until terminal-specific verification.,
TERM0140,Terminal Link – Le Havre,PORTG0118,Port of Le Havre,France,Le Havre,Northern Europe,Container terminal,Containers / terminal cargo,COMP_TERMINAL_LINK,Terminal Link,Terminal Link,Operating,,,,,,,,51% CMA Terminals Holding / 49% CM Port (portfolio-level structure),CMA-TL-LEH,https://www.terminal-link.com/ports/location,High,Official Terminal Link location network. Infrastructure fields intentionally blank until terminal-specific verification.,
TERM0141,Terminal du Grand Ouest / Montoir,PORTG0119,Nantes Saint-Nazaire Port,France,Montoir-de-Bretagne,Atlantic Europe,Container terminal,Containers / terminal cargo,COMP_TERMINAL_LINK,Terminal Link,Terminal Link,Operating,,,,,,,,51% CMA Terminals Holding / 49% CM Port (portfolio-level structure),CMA-TL-MON,https://www.terminal-link.com/ports/location,High,Official Terminal Link location network. Infrastructure fields intentionally blank until terminal-specific verification.,
TERM0142,EUROFOS,PORTG0120,Port of Marseille-Fos,France,Fos-sur-Mer,Western Mediterranean,Container terminal,Containers / terminal cargo,COMP_TERMINAL_LINK,Terminal Link,Terminal Link,Operating,,,,,,,,51% CMA Terminals Holding / 49% CM Port (portfolio-level structure),CMA-TL-FOS,https://www.terminal-link.com/ports/location,High,Official Terminal Link location network. Infrastructure fields intentionally blank until terminal-specific verification.,
TERM0143,Malta Freeport Terminal,PORTG0121,Malta Freeport,Malta,Marsaxlokk,Central Mediterranean,Container terminal,Containers / terminal cargo,COMP_TERMINAL_LINK,Terminal Link,Terminal Link,Operating,,,,,,,,51% CMA Terminals Holding / 49% CM Port (portfolio-level structure),CMA-TL-MLA,https://www.terminal-link.com/ports/location,High,Official Terminal Link location network. Infrastructure fields intentionally blank until terminal-specific verification.,
TERM0144,Thessaloniki Container Terminal,PORTG0122,Port of Thessaloniki,Greece,Thessaloniki,Eastern Mediterranean,Container terminal,Containers / terminal cargo,COMP_TERMINAL_LINK,Terminal Link,Terminal Link,Operating,,,,,,,,51% CMA Terminals Holding / 49% CM Port (portfolio-level structure),CMA-TL-THS,https://www.terminal-link.com/ports/location,High,Official Terminal Link location network. Infrastructure fields intentionally blank until terminal-specific verification.,
TERM0145,Terminal Link – Odesa,PORTG0123,Port of Odesa,Ukraine,Odesa,Black Sea,Container terminal,Containers / terminal cargo,COMP_TERMINAL_LINK,Terminal Link,Terminal Link,Operating,,,,,,,,51% CMA Terminals Holding / 49% CM Port (portfolio-level structure),CMA-TL-ODS,https://www.terminal-link.com/ports/location,High,Official Terminal Link location network. Infrastructure fields intentionally blank until terminal-specific verification.,
TERM0146,Eurogate Tanger,PORTG0124,Tanger Med,Morocco,Tangier,Strait of Gibraltar,Container terminal,Containers / terminal cargo,COMP_TERMINAL_LINK,Terminal Link,Terminal Link,Operating,,,,,,,,51% CMA Terminals Holding / 49% CM Port (portfolio-level structure),CMA-TL-TNG,https://www.terminal-link.com/ports/location,High,Official Terminal Link location network. Infrastructure fields intentionally blank until terminal-specific verification.,
TERM0147,SOMAPORT Casablanca,PORTG0125,Port of Casablanca,Morocco,Casablanca,Atlantic North Africa,Container terminal,Containers / terminal cargo,COMP_TERMINAL_LINK,Terminal Link,Terminal Link,Operating,,,,,,,,51% CMA Terminals Holding / 49% CM Port (portfolio-level structure),CMA-TL-CAS,https://www.terminal-link.com/ports/location,High,Official Terminal Link location network. Infrastructure fields intentionally blank until terminal-specific verification.,
TERM0148,Terminal Link – Côte d’Ivoire / Abidjan,PORTG0126,Port of Abidjan,Côte d’Ivoire,Abidjan,Gulf of Guinea,Container terminal,Containers / terminal cargo,COMP_TERMINAL_LINK,Terminal Link,Terminal Link,Operating,,,,,,,,51% CMA Terminals Holding / 49% CM Port (portfolio-level structure),CMA-TL-ABJ,https://www.terminal-link.com/ports/location,High,Official Terminal Link location network. Infrastructure fields intentionally blank until terminal-specific verification.,
TERM0149,CMA CGM Terminal Iraq / Umm Qasr,PORTG0127,Port of Umm Qasr,Iraq,Umm Qasr,Upper Gulf,Container terminal,Containers / terminal cargo,COMP_TERMINAL_LINK,Terminal Link,Terminal Link,Operating,,,,,,,,51% CMA Terminals Holding / 49% CM Port (portfolio-level structure),CMA-TL-UQR,https://www.terminal-link.com/ports/location,High,Official Terminal Link location network. Infrastructure fields intentionally blank until terminal-specific verification.,
TERM0150,Vietnam International Container Terminals (VICT),PORTG0017,Port of Ho Chi Minh City,Vietnam,Ho Chi Minh City,Southeast Asia,Container terminal,Containers / terminal cargo,COMP_TERMINAL_LINK,Terminal Link,Terminal Link,Operating,,,,,,,,51% CMA Terminals Holding / 49% CM Port (portfolio-level structure),CMA-TL-VICT,https://www.terminal-link.com/ports/location,High,Official Terminal Link location network. Infrastructure fields intentionally blank until terminal-specific verification.,
TERM0151,Laem Chabang International Terminal,PORTG0016,Port of Laem Chabang,Thailand,Laem Chabang,Southeast Asia,Container terminal,Containers / terminal cargo,COMP_TERMINAL_LINK,Terminal Link,APM Terminals; Terminal Link,Operating,,,,,,,,51% CMA Terminals Holding / 49% CM Port (portfolio-level structure) | APM Terminals network asset / partnership; detailed equity not verified in this pass,CMA-TL-LCH; APM-LAEM-CHABANG,https://www.terminal-link.com/ports/location; https://www2.apmterminals.com/en/,High,Official Terminal Link location network. Infrastructure fields intentionally blank until terminal-specific verification. | Current APM Terminals network seed retained from v1.12; infrastructure enrichment pending.,Duplicate source records collapsed
TERM0152,CMA CGM PSA Lion Terminal,PORTG0128,Port of Singapore,Singapore,Singapore,Southeast Asia,Container terminal,Containers / terminal cargo,COMP_TERMINAL_LINK,Terminal Link,Terminal Link,Operating,,,,,,,,51% CMA Terminals Holding / 49% CM Port (portfolio-level structure),CMA-TL-SIN,https://www.terminal-link.com/ports/location,High,Official Terminal Link location network. Infrastructure fields intentionally blank until terminal-specific verification.,
TERM0153,Terminal Link – Qingdao,PORTG0005,Port of Qingdao,China,Qingdao,East Asia,Container terminal,Containers / terminal cargo,COMP_TERMINAL_LINK,Terminal Link,Terminal Link,Operating,,,,,,,,51% CMA Terminals Holding / 49% CM Port (portfolio-level structure),CMA-TL-QDG,https://www.terminal-link.com/ports/location,High,Official Terminal Link location network. Infrastructure fields intentionally blank until terminal-specific verification.,
TERM0154,Busan New Container Terminal,PORTG0015,Port of Busan,South Korea,Busan,East Asia,Container terminal,Containers / terminal cargo,COMP_TERMINAL_LINK,Terminal Link,Terminal Link,Operating,,,,,,,,51% CMA Terminals Holding / 49% CM Port (portfolio-level structure),CMA-TL-BUS,https://www.terminal-link.com/ports/location,High,Official Terminal Link location network. Infrastructure fields intentionally blank until terminal-specific verification.,
TERM0155,South Florida Container Terminal,PORTG0129,PortMiami,United States,"Miami, FL",North America,Container terminal,Containers / terminal cargo,COMP_APMT,APM Terminals / partner operator,APM Terminals; Terminal Link,Operating,,287000,,15,,,480,51% CMA Terminals Holding / 49% CM Port (portfolio-level structure) | 51% Terminal Link Miami / 49% APM Terminals,CMA-TL-MIA; APM-MIAMI-FL,https://www.terminal-link.com/ports/location; https://www2.apmterminals.com/en/miami/about/our-terminal,High,Official Terminal Link location network. Infrastructure fields intentionally blank until terminal-specific verification. | South Florida Container Terminal; 18 eRTGs. Physical terminal shared with CMA/Terminal Link dataset.,Duplicate source records collapsed
TERM0156,Houston Terminal Link,PORTG0130,Port Houston,United States,Houston,US Gulf,Container terminal,Containers / terminal cargo,COMP_TERMINAL_LINK,Terminal Link,Terminal Link,Operating,,,,,,,,51% CMA Terminals Holding / 49% CM Port (portfolio-level structure),CMA-TL-HOU,https://www.terminal-link.com/ports/location,High,Official Terminal Link location network. Infrastructure fields intentionally blank until terminal-specific verification.,
TERM0157,Kingston Freeport Terminal,PORTG0131,Port of Kingston,Jamaica,Kingston,Caribbean,Container terminal,Containers / terminal cargo,COMP_TERMINAL_LINK,Terminal Link,Terminal Link,Operating,,,,,,,,51% CMA Terminals Holding / 49% CM Port (portfolio-level structure),CMA-TL-KIN,https://www.terminal-link.com/ports/location,High,Official Terminal Link location network. Infrastructure fields intentionally blank until terminal-specific verification.,
TERM0158,MSC PSA European Terminal (MPET),PORTG0018,Port of Antwerp-Bruges,Belgium,Antwerp,Northern Europe,Container terminal,Containers / terminal cargo,COMP_TIL,MPET,TiL / PSA JV,Operating,9000000,2420000,3680,17,,Yes,3408,JV between PSA and TiL,TIL-BE-MPET,https://www.tilgroup.com/our-terminals/antwerp.html; https://www.globalpsa.com/globaloffices/,High,Europe flagship; 38 quay cranes and 228 yard cranes.,
TERM0159,Total Terminals International (TTI) Pier T,PORTG0132,Port of Long Beach,United States,Long Beach,US West Coast,Container terminal,Containers / terminal cargo,COMP_TIL,TTI,TiL,Operating; modernization planned,2900000,1540000,1524,17,,Yes,1384,TiL portfolio,TIL-US-TTI,https://www.tilgroup.com/our-terminals/long-beach.html,High,"16 quay cranes, 28 yard cranes; 12 working + 4 storage rail tracks.",
TERM0160,MSC PSA Asia Terminal (MPAT),PORTG0128,Port of Singapore,Singapore,Singapore,Southeast Asia,Container / transshipment terminal,Containers / terminal cargo,COMP_TIL,MPAT,TiL / PSA JV,Operating,8500000,1039500,3015,16,,,1220,JV between PSA and TiL,TIL-SG-MPAT,https://www.tilgroup.com/our-terminals/pasir.html,High,"35 quay cranes, 106 yard cranes.",
TERM0161,National Container Terminals (NCT),PORTG0133,King Abdullah Port,Saudi Arabia,King Abdullah Economic City,Red Sea,Container / transshipment terminal,Containers / terminal cargo,COMP_TIL,NCT,TiL,Operating,3000000,1550000,2170,17,,,3000,TiL portfolio,TIL-SA-NCT,https://tilgroup.com/our-terminals/king-abdullah.html,High,"20 quay cranes, 68 yard cranes.",
TERM0162,Portonave,PORTG0134,Port of Navegantes,Brazil,Navegantes,South America Atlantic,Container terminal,Containers / terminal cargo,COMP_TIL,Portonave,TiL,Operating; quay upgrade,1400000,412000,900,14,3,,2130,Part of TiL group,TIL-BR-PORTO,https://www.tilgroup.com/our-terminals/navegantes.html,High,Official TiL legacy figures: 6 quay and 5 yard cranes; 2026 upgrade program increases effective capability.,
TERM0163,MSC Terminal Valencia,PORTG0102,Port of Valencia,Spain,Valencia,Western Mediterranean,Container terminal,Containers / terminal cargo,COMP_TIL,MSC Terminal Valencia,TiL,Operating; major automated expansion planned,2000000,380000,770,15.9,,,1220,TiL portfolio,TIL-ES-VAL,https://www.tilgroup.com/our-terminals/valencia.html,High,"20 quay cranes, 28 yard cranes; future automated terminal target 4.8m TEU.",
TERM0164,Terminaux de Normandie,PORTG0118,Port of Le Havre,France,Le Havre,Northern Europe,Container terminal,Containers / terminal cargo,COMP_TIL,Terminaux de Normandie,TiL / MSC,Operating; modernization to 2028,1800000,1070000,2100,16,6,Yes,1090,MSC/TiL portfolio,TIL-FR-TN,https://tilgroup.com/our-terminals/havre.html,High,11 quay cranes and 68 yard cranes currently; project targets 20 STS and triple storage capacity.,
TERM0165,Lomé Container Terminal,PORTG0135,Port of Lomé,Togo,Lomé,Gulf of Guinea,Container / transshipment terminal,Containers / terminal cargo,COMP_TIL,LCT,TiL,Operating,1600000,530000,1050,16.6,,,1120,TiL-developed 35-year concession,TIL-TG-LCT,https://www.tilgroup.com/our-terminals/lome.html; https://www.cmport.com.hk/,High,TiL page text also cites estimated 2.2m TEU moves; key-figure panel says max capacity 1.6m. Stored conservative key-figure value and flagged discrepancy.,
TERM0166,Port Newark Container Terminal (PNCT),PORTG0099,Port of New York & New Jersey,United States,"Newark, New Jersey",US East Coast,Container terminal,Containers / terminal cargo,COMP_TIL,PNCT,TiL US portfolio,Operating,,,,,,Yes,,TiL investment/operation,TIL-US-PNCT,https://spctmd.com/about/,High,Explicitly listed among TiL's nine U.S. terminal operations.,
TERM0167,Port Everglades Terminal (PET),PORTG0136,Port Everglades,United States,"Fort Lauderdale, Florida",US East Coast,Container terminal,Containers / terminal cargo,COMP_TIL,PET,TiL US portfolio,Operating,,,,,,,,TiL investment/operation,TIL-US-PET,https://spctmd.com/about/,High,Explicitly listed among TiL's nine U.S. terminal operations.,
TERM0168,New Orleans Terminal (NOT),PORTG0137,Port of New Orleans,United States,"New Orleans, Louisiana",US Gulf,Container terminal,Containers / terminal cargo,COMP_TIL,NOT,TiL US portfolio,Operating,,,,,,Yes,,TiL investment/operation,TIL-US-NOT,https://spctmd.com/about/,High,Explicitly listed among TiL's nine U.S. terminal operations.,
TERM0169,Houston Terminal – Bayport,PORTG0130,Port Houston,United States,Houston,US Gulf,Container terminal,Containers / terminal cargo,COMP_TIL,Houston Terminal / Bayport,TiL US portfolio,Operating,,,,,,Yes,,TiL investment/operation,TIL-US-HTBAY,https://spctmd.com/about/,High,Explicitly listed among TiL's nine U.S. terminal operations.,
TERM0170,Houston Terminal – Barbours Cut,PORTG0130,Port Houston,United States,Houston,US Gulf,Container terminal,Containers / terminal cargo,COMP_TIL,Houston Terminal / Barbours Cut,TiL US portfolio,Operating,,,,,,Yes,,TiL investment/operation,TIL-US-HTBC,https://spctmd.com/about/,High,Explicitly listed among TiL's nine U.S. terminal operations.,
TERM0171,Los Angeles TraPac/terminal interest (LATT),PORTG0098,Port of Los Angeles,United States,Los Angeles,US West Coast,Container terminal,Containers / terminal cargo,COMP_TIL,LATT,TiL US portfolio,Operating,,,,,,Yes,,TiL investment/operation,TIL-US-LATT,https://spctmd.com/about/,High,SPCT site identifies LATT among TiL U.S. operations; terminal-specific legal name should be cross-checked before public display.,
TERM0172,SSATS Terminal 18,PORTG0138,Port of Seattle,United States,Seattle,US West Coast,Container terminal,Containers / terminal cargo,COMP_TIL,SSATS T18,TiL US portfolio,Operating,,,,,,Yes,,TiL investment/operation,TIL-US-SEA18,https://spctmd.com/about/,High,Explicitly listed among TiL's U.S. operations.,
TERM0173,SSATS Terminal 5,PORTG0138,Port of Seattle,United States,Seattle,US West Coast,Container terminal,Containers / terminal cargo,COMP_TIL,SSATS T5,TiL US portfolio,Operating,,,,,,Yes,,TiL investment/operation,TIL-US-SEA5,https://spctmd.com/about/,High,Explicitly listed among TiL's U.S. operations.,
TERM0174,Sparrows Point Container Terminal,PORTG0139,Sparrows Point / Baltimore,United States,"Baltimore, Maryland",US East Coast,Container / intermodal terminal,Containers / terminal cargo,COMP_TIL,Sparrows Point Container Terminal,TiL / Tradepoint Atlantic JV,Under construction,1000000,680000,,,2,Yes,,JV Tradepoint Atlantic + TiL,TIL-US-SPCT,https://www.spctmd.com/,High,330-acre redevelopment: 168 acres terminal/intermodal + 162 acres support. Groundbreaking 1 May 2026; >1m TEU concept.,
TERM0175,Adani International Container Terminal / CT3,PORTG0031,Mundra Port,India,Mundra,Indian Subcontinent,Container terminal,Containers / terminal cargo,COMP_TIL,AICTPL / CT3,TiL / APSEZ JV,Operating,,,,,,Yes,,APSEZ-TiL JV,TIL-IN-MUNDRA3,https://www.adaniports.com/newsroom/media-releases/apsez-expands-strategic-partnership-with-msc,High,First major APSEZ-TiL JV; CT3 handled >3m TEU in FY2023-24 per APSEZ reporting.,
TERM0176,Adani Ennore Container Terminal,PORTG0140,Kamarajar / Ennore Port,India,Chennai,Indian Subcontinent,Container terminal,Containers / terminal cargo,COMP_TIL,AECTPL,TiL / APSEZ JV,Operating,800000,,400,,,Yes,,49% TiL / 51% APSEZ,TIL-IN-ENN,https://www.adaniports.com/newsroom/media-releases/apsez-expands-strategic-partnership-with-msc,High,Expandable to 1.4m TEU; 4 quay cranes and 12 e-RTGs shown on current terminal page.,
TERM0177,Vizhinjam International Seaport,PORTG0141,Vizhinjam Port,India,Thiruvananthapuram,Indian Subcontinent,Deep-water container / transshipment port,Containers / terminal cargo,COMP_TIL,Adani Vizhinjam Port Pvt Ltd,TiL / APSEZ,Operating; ownership investment pending completion / expansion,5700000,,,,,,,Definitive agreement: 49% TiL / 51% APSEZ,TIL-IN-VIZ,https://www.adani.com/newsroom/media-releases/apsez-and-msc-group-deepen-long-term-partnership,High,Current capacity 1.6m TEU; expansion target 5.7m TEU. Treat 49% as definitive agreement until completion is confirmed.,
TERM0178,Misurata Free Zone Port container terminals,PORTG0142,Misurata Free Zone Port,Libya,Misurata,Central Mediterranean,Container / transshipment port,Containers / terminal cargo,COMP_TIL,Misurata Free Zone Port,TiL / Maha Capital / MFZ PPP,Development / modernization,4000000,,,,,,,Long-term PPP; TiL transaction approved by COMESA,TIL-LY-MIS,https://www.mfzly.com/en/post.php?id=90,High,US$2.7bn development program; target capacity 4m TEU. COMESA approved TiL/MFZ transaction 12 May 2026.,
TERM0179,Medcenter Container Terminal,PORTG0143,Port of Gioia Tauro,Italy,Gioia Tauro,Central Mediterranean,Container / transshipment terminal,Containers / terminal cargo,COMP_TIL,Medcenter Container Terminal,TiL / MSC ecosystem,Operating,,,,,,,,TiL/MSC-linked portfolio,TIL-IT-GIT,https://tilgroup.com/about-us.html,Medium,Strategic MSC transshipment terminal; retained as portfolio row pending terminal-specific ownership verification.,
TERM0180,Trieste Marine Terminal,PORTG0144,Port of Trieste,Italy,Trieste,Adriatic,Container terminal,Containers / terminal cargo,COMP_TIL,Trieste Marine Terminal,TiL / MSC ecosystem,Operating,,,,,,Yes,,TiL-linked portfolio,TIL-IT-TRI,https://tilgroup.com/about-us.html,Medium,Known MSC/TiL-linked terminal; infrastructure and exact equity to be verified in next pass.,
TERM0181,PSA Sines / Terminal XXI TiL-linked interest,PORTG0145,Port of Sines,Portugal,Sines,Atlantic Europe,Container / transshipment terminal,Containers / terminal cargo,COMP_TIL,Terminal XXI,TiL portfolio,Operating,,,,,,Yes,,TiL-linked investment,TIL-PT-SINES,https://tilgroup.com/about-us.html,Medium,Portfolio presence reported; exact current legal/equity structure to be verified before public display.,
TERM0182,Asyaport,PORTG0146,Port of Tekirdağ,Türkiye,Tekirdağ,Sea of Marmara,Container / transshipment terminal,Containers / terminal cargo,COMP_TIL,Asyaport,TiL,Operating,,,,,,Yes,,TiL-controlled through Global Terminal Ltd / local partner,TIL-TR-ASY,https://disclosures.ifc.org/project-detail/ESRS/33999/asyaport,High,IFC documentation describes TiL subsidiary Global Terminal Ltd with 70% and Soyuer family 30%.,
TERM0183,Brasil Terminal Portuário,PORTG0049,Port of Santos,Brazil,Santos,South America Atlantic,Container terminal,Containers / terminal cargo,COMP_TIL,BTP,APM Terminals; TiL / partner JV,Operating,,,,,,Yes,,TiL-linked JV | APM Terminals network asset / partnership; detailed equity not verified in this pass,TIL-BR-BTP; APM-SANTOS,https://tilgroup.com/about-us.html; https://www2.apmterminals.com/en/,Medium,Major Santos terminal commonly associated with TiL portfolio; exact current equity to be verified in next pass. | Current APM Terminals network seed retained from v1.12; infrastructure enrichment pending.,Duplicate source records collapsed
TERM0184,San Pedro Container Terminal / TiL-linked asset,PORTG0147,Port of San Pedro,Côte d’Ivoire,San Pedro,Gulf of Guinea,Container terminal,Containers / terminal cargo,COMP_TIL,TBD,TiL portfolio,Operating / development,,,,,,,,TiL-linked portfolio,TIL-CI-SANPEDRO,https://tilgroup.com/about-us.html,Medium,Portfolio-level row retained pending terminal-specific primary-source verification.,
TERM0185,Panama Colon Container Port / TiL-linked asset,PORTG0148,Colón,Panama,Colón,Caribbean / Panama Canal,Container terminal,Containers / terminal cargo,COMP_TIL,TBD,TiL portfolio,Operating,,,,,,,,TiL-linked portfolio,TIL-PA-COLON,https://tilgroup.com/about-us.html,Medium,Portfolio-level row retained pending terminal-specific primary-source verification.,
TERM0186,Exolgan Container Terminal,PORTG0149,Port of Buenos Aires / Dock Sud,Argentina,Buenos Aires,South America Atlantic,Container terminal,Containers / terminal cargo,COMP_TIL,Exolgan,TiL portfolio,Operating,,,,,,Yes,,TiL-linked portfolio,TIL-AR-EXO,https://tilgroup.com/about-us.html; https://www.globalpsa.com/globaloffices/,Medium,Portfolio-level row pending current equity verification.,
TERM0187,TiL-linked Callao terminal interest,PORTG0054,Port of Callao,Peru,Callao,South America Pacific,Container terminal,Containers / terminal cargo,COMP_TIL,TBD,TiL portfolio,Operating,,,,,,Yes,,TiL-linked portfolio,TIL-PA-CALLAO,https://tilgroup.com/about-us.html,Medium,Portfolio-level row pending current legal/operator verification.,
TERM0188,TiL terminal investment – Ningbo,PORTG0150,Port of Ningbo-Zhoushan,China,Ningbo,East Asia,Container terminal investment,Containers / terminal cargo,COMP_TIL,TBD,TiL portfolio,Operating,,,,,,,,TiL significant presence stated by company,TIL-CN-NGB,https://tilgroup.com/about-us.html,High,TiL explicitly lists Ningbo among major ports where it has significant presence; terminal-specific entity to be resolved.,
TERM0189,TiL terminal investment – Busan,PORTG0015,Port of Busan,South Korea,Busan,East Asia,Container terminal investment,Containers / terminal cargo,COMP_TIL,TBD,TiL portfolio,Operating,,,,,,,,TiL significant presence stated by company,TIL-KR-BUS,https://tilgroup.com/about-us.html,High,TiL explicitly lists Busan among major ports where it has significant presence.,
TERM0190,TiL terminal investment – Rotterdam,PORTG0020,Port of Rotterdam,Netherlands,Rotterdam,Northern Europe,Container terminal investment,Containers / terminal cargo,COMP_TIL,TBD,TiL portfolio,Operating,,,,,,Yes,,TiL significant presence stated by company,TIL-NL-RTM,https://tilgroup.com/about-us.html,High,TiL explicitly lists Rotterdam among major ports where it has significant presence.,
TERM0191,Lázaro Cárdenas terminal,PORTG0151,Port of Lázaro Cárdenas,Mexico,Lázaro Cárdenas,North America Pacific / Gulf,Container terminal,Containers / terminal cargo,COMP_APMT,APM Terminals / partner operator,APM Terminals,Operating / Phase III expanding,2000000,650000,750,16.5,,Yes,342,APM Terminals concession/operation,APM-LÁZARO-CÁRDENAS-TERMINAL,https://www2.apmterminals.com/en/lazaro-cardenas/about/our-terminal,High,Phase II inaugurated 20 Mar 2026; >$350m Phase III construction launched; 8 STS cranes and 5 rail tracks.,
TERM0192,Suape terminal,PORTG0152,Port of Suape,Brazil,Suape,South America Atlantic,Container terminal,Containers / terminal cargo,COMP_APMT,APM Terminals / partner operator,APM Terminals,Delivered / commissioning into operation,400000,495000,430,15.1,1,Future rail / intermodal,300,APM Terminals greenfield terminal,APM-SUAPE-TERMINAL,https://www2.apmterminals.com/en/suape/about/our-terminal,High,"Latin America's first fully electric container terminal; 2 STS, 7 eRTG, 14 electric terminal tractors, 2 e-reach stackers, 1 electric empty handler.",
TERM0193,Bahrain,PORTG0153,Khalifa Bin Salman Port,Bahrain,Bahrain,Arabian Gulf,Container terminal,Containers / terminal cargo,COMP_APMT,APM Terminals / partner operator,APM Terminals,Operating,,900000,1800,15,,,,APM Terminals Bahrain operator,APM-BAHRAIN,https://www2.apmterminals.com/en/bahrain/about/our-terminal,High,Multi-purpose Khalifa Bin Salman Port terminal.,
TERM0194,Pointe-Noire,PORTG0154,Port of Pointe-Noire,Congo,Pointe-Noire,Gulf of Guinea,Container terminal,Containers / terminal cargo,COMP_APMT,APM Terminals / partner operator,APM Terminals,Operating,,,,16.5,,,,APM Terminals minority interest / partner terminal,APM-POINTE-NOIRE,https://akamai.apmterminals.com/en/pointe-noire/about/our-terminal,High,Congo Terminal; official page cites 16.5m access channel and APM Terminals minority participation.,
TERM0195,Abidjan Côte d’Ivoire Terminal (CIT),PORTG0155,Port of Abidjan,Côte d'Ivoire,Abidjan Côte d’Ivoire Terminal (CIT),Gulf of Guinea,Container terminal,Containers / terminal cargo,COMP_APMT,APM Terminals / partner operator,APM Terminals,Operating,1500000,375000,1100,16,,Yes,1100,CIT partnership / APM Terminals investment,APM-ABIDJAN-CÔTE-D-IVOIRE-TERMINAL-CIT,https://www2.apmterminals.com/en/cit/about/our-terminal,High,6 electric post-Panamax gantry cranes; 13 electric RTGs; 2 x 300m rail tracks.,
TERM0196,San Pedro,PORTG0156,Port of San Pedro,Côte d'Ivoire,San Pedro,Gulf of Guinea,Container terminal,Containers / terminal cargo,COMP_APMT,APM Terminals / partner operator,APM Terminals,Operating / network,,,,,,,,APM Terminals network asset / partnership; detailed equity not verified in this pass,APM-SAN-PEDRO,https://www2.apmterminals.com/en/,Medium,Current APM Terminals network seed retained from v1.12; infrastructure enrichment pending.,
TERM0197,Suez Canal Container Terminal (SCCT),PORTG0157,Port Said East Port,Egypt,Suez Canal Container Terminal (SCCT),Eastern Mediterranean / Suez,Container terminal,Containers / terminal cargo,COMP_APMT,APM Terminals / partner operator,APM Terminals,Operating,5000000,,2400,17,,,4000,SCCT JV / APM Terminals investment,APM-SUEZ-CANAL-CONTAINER-TERMINAL-SCCT,https://www2.apmterminals.com/en/scct/about/our-terminal,High,Strategic East Port Said terminal; 18 STS cranes and 60 RTGs in current public terminal specifications.,
TERM0198,Tema,PORTG0158,Port of Tema,Ghana,Tema,Gulf of Guinea,Container terminal,Containers / terminal cargo,COMP_APMT,APM Terminals / partner operator,APM Terminals,Operating / network,,,,,,,,APM Terminals network asset / partnership; detailed equity not verified in this pass,APM-TEMA,https://www2.apmterminals.com/en/,Medium,Current APM Terminals network seed retained from v1.12; infrastructure enrichment pending.,
TERM0199,Aqaba,PORTG0076,Port of Aqaba,Jordan,Aqaba,Red Sea,Container terminal,Containers / terminal cargo,COMP_APMT,APM Terminals / partner operator,APM Terminals,Operating,,500000,1000,16.5,3,,800,APM Terminals 50% + 1 under BOT with Aqaba Development Company,APM-AQABA,https://akamai.apmterminals.com/en/aqaba/about/our-terminal,High,"7 STS, 22 RTG, 9 reach stackers, 12 empty handlers, 46 terminal trucks.",
TERM0200,Monrovia,PORTG0159,Freeport of Monrovia,Liberia,Monrovia,West Africa Atlantic,Container terminal,Containers / terminal cargo,COMP_APMT,APM Terminals / partner operator,APM Terminals,Operating,200000,,,12.5,,,,APM Terminals concession; ownership increased to 100% per APM growth update,APM-MONROVIA,https://www2.apmterminals.com/en/monrovia/about/our-terminal,High,Multi-purpose terminal; port dredged to 12.5m in recent expansion.,
TERM0201,MedPort Tangier,PORTG0124,Tanger Med,Morocco,MedPort Tangier,Strait of Gibraltar / North Africa,Container terminal,Containers / terminal cargo,COMP_APMT,APM Terminals / partner operator,APM Terminals,Operating,5200000,600000,2000,18,3,,,APM Terminals / Tanger Med partnership,APM-MEDPORT-TANGIER,https://www2.apmterminals.com/en/medport-tangier/about/our-terminal,High,"20 dual-trolley STS, 70 ARMG and 65 shuttle carriers.",
TERM0202,Tangier,PORTG0124,Tanger Med,Morocco,Tangier,Strait of Gibraltar / North Africa,Container terminal,Containers / terminal cargo,COMP_APMT,APM Terminals / partner operator,APM Terminals,Operating,2400000,,,16,,,,APM Terminals Tangier partnership,APM-TANGIER,https://akamai.apmterminals.com/en/tangier/about/our-terminal,High,EUR 140m investment; deep-water transshipment gateway.,
TERM0203,Apapa,PORTG0160,Lagos Port Complex / Apapa,Nigeria,Apapa,Gulf of Guinea,Container terminal,Containers / terminal cargo,COMP_APMT,APM Terminals / partner operator,APM Terminals,Operating,1000000,550000,1005,13.5,,Yes,900,APM Terminals concession,APM-APAPA,https://www2.apmterminals.com/en/apapa/about/our-terminal,High,"27 RTG, 13 mobile harbour cranes, 7 reach stackers, 6 empty handlers, 65 terminal trucks; 2 rail tracks.",
TERM0204,Onne,PORTG0161,Onne Port,Nigeria,Onne,Gulf of Guinea,Container terminal,Containers / terminal cargo,COMP_APMT,APM Terminals / partner operator,APM Terminals,Operating,361000,250000,570,11.3,,,600,West Africa Container Terminal / APM Terminals,APM-ONNE,https://www2.apmterminals.com/en/onne/about/our-terminal,High,"20 RTGs, 5 mobile harbour cranes, 7 reach stackers, 6 empty handlers, 37 terminal trucks.",
TERM0205,Salalah,PORTG0162,Port of Salalah,Oman,Salalah,Arabian Sea,Container terminal,Containers / terminal cargo,COMP_APMT,APM Terminals / partner operator,APM Terminals,Operating,5000000,,2400,18,7,,,APM Terminals / Port of Salalah partnership,APM-SALALAH,https://www2.apmterminals.com/en/salalah/about/our-terminal,High,Major Arabian Sea transshipment hub.,
TERM0206,Guangzhou,PORTG0163,Port of Guangzhou,China,Guangzhou,East Asia,Container terminal,Containers / terminal cargo,COMP_APMT,APM Terminals / partner operator,APM Terminals,Operating / network,,,,,,,,APM Terminals network asset / partnership; detailed equity not verified in this pass,APM-GUANGZHOU,https://www2.apmterminals.com/en/,Medium,Current APM Terminals network seed retained from v1.12; infrastructure enrichment pending.,
TERM0207,Qingdao,PORTG0005,Port of Qingdao,China,Qingdao,East Asia,Container terminal,Containers / terminal cargo,COMP_APMT,APM Terminals / partner operator,APM Terminals,Operating / network,,,,,,,,APM Terminals network asset / partnership; detailed equity not verified in this pass,APM-QINGDAO,https://www2.apmterminals.com/en/,Medium,Current APM Terminals network seed retained from v1.12; infrastructure enrichment pending.,
TERM0208,Shanghai,PORTG0164,Port of Shanghai,China,Shanghai,East Asia,Container terminal,Containers / terminal cargo,COMP_APMT,APM Terminals / partner operator,APM Terminals,Operating,4000000,1550000,1437,14.2,,,,APM Terminals 49% / SIPG joint venture,APM-SHANGHAI,https://www2.apmterminals.com/en/shanghai/about/our-terminal,High,"Deep-sea quay 1,250m plus 187m barge quay; 15 super-Panamax STS plus 2 additional cranes.",
TERM0209,Tianjin,PORTG0165,Port of Tianjin,China,Tianjin,East Asia,Container terminal,Containers / terminal cargo,COMP_APMT,APM Terminals / partner operator,APM Terminals,Operating,1700000,632000,1100,15.5,4,,,APM Terminals 20% interest,APM-TIANJIN,https://www2.apmterminals.com/en/tianjin/about/our-terminal,High,Four-berth Tianjin container terminal investment.,
TERM0210,Xiamen,PORTG0166,Port of Xiamen,China,Xiamen,East Asia,Container terminal,Containers / terminal cargo,COMP_APMT,APM Terminals / partner operator,APM Terminals,Operating / network,,,,,,,,APM Terminals network asset / partnership; detailed equity not verified in this pass,APM-XIAMEN,https://www2.apmterminals.com/en/,Medium,Current APM Terminals network seed retained from v1.12; infrastructure enrichment pending.,
TERM0211,Mumbai,PORTG0106,Jawaharlal Nehru Port,India,Mumbai,Indian Subcontinent,Container terminal,Containers / terminal cargo,COMP_APMT,APM Terminals / partner operator,APM Terminals,Operating / transformation,2200000,,712,16.5,,Yes,980,APM Terminals / CONCOR joint venture,APM-MUMBAI,https://www2.apmterminals.com/en/mumbai/about/our-terminal,High,"11 quay cranes, 40 RTGs, 3 RMGs; 3 x 830m on-dock rail; ambition 2.4m TEU by 2028.",
TERM0212,Pipavav,PORTG0167,Port Pipavav,India,Pipavav,Indian Subcontinent,Container terminal,Containers / terminal cargo,COMP_APMT,APM Terminals / partner operator,APM Terminals,Operating,1350000,6320000,735,14.5,,Yes,500,APM Terminals-controlled Gujarat Pipavav Port,APM-PIPAVAV,https://www2.apmterminals.com/en/pipavav/about/our-terminal,High,"8 post-Panamax cranes, 20 RTG, 4 RMG; 11 rail sidings.",
TERM0213,Yokohama,PORTG0168,Port of Yokohama,Japan,Yokohama,East Asia,Container terminal,Containers / terminal cargo,COMP_APMT,APM Terminals / partner operator,APM Terminals,Operating / network,,,,,,,,APM Terminals network asset / partnership; detailed equity not verified in this pass,APM-YOKOHAMA,https://www2.apmterminals.com/en/,Medium,Current APM Terminals network seed retained from v1.12; infrastructure enrichment pending.,
TERM0214,Tanjung Pelepas,PORTG0169,Port of Tanjung Pelepas,Malaysia,Tanjung Pelepas,Southeast Asia,Container terminal,Containers / terminal cargo,COMP_APMT,APM Terminals / partner operator,APM Terminals,Operating,,1800000,5040,19,14,,4445,APM Terminals / MMC partnership,APM-TANJUNG-PELEPAS,https://akamai.apmterminals.com/en/tanjung-pelepas/about/our-terminal,High,66 Super Post-Panamax cranes and 172 RTGs; berth draft range 15-19m.,
TERM0215,Colombo,PORTG0170,Port of Colombo,Sri Lanka,Colombo,Indian Ocean,Container terminal,Containers / terminal cargo,COMP_APMT,APM Terminals / partner operator,APM Terminals,Operating / network,,,,,,,,APM Terminals network asset / partnership; detailed equity not verified in this pass,APM-COLOMBO,https://www2.apmterminals.com/en/,Medium,Current APM Terminals network seed retained from v1.12; infrastructure enrichment pending.,
TERM0216,Cai Mep,PORTG0105,Cai Mep-Thi Vai Port,Vietnam,Cai Mep,Southeast Asia,Container terminal,Containers / terminal cargo,COMP_APMT,APM Terminals / partner operator,APM Terminals,Operating,2100000,300000,600,16.5,,,840,Cai Mep International Terminal JV / APM Terminals investment,APM-CAI-MEP,https://akamai.apmterminals.com/en/cai-mep/about/our-terminal,High,"6 Super Post-Panamax cranes, 15 RTGs, 3 reach stackers, 2 empty handlers.",
TERM0217,Rijeka Gateway,PORTG0171,Port of Rijeka,Croatia,Rijeka Gateway,Adriatic,Container terminal,Containers / terminal cargo,COMP_APMT,APM Terminals / partner operator,APM Terminals,Operating / Phase 2 planned,650000,,400,20,,Yes,,51% APM Terminals / 49% ENNA Group,APM-RIJEKA-GATEWAY,https://www2.apmterminals.com/en/rijeka/about/our-terminal,High,Phase 1 completed Sep 2025; Phase 2 targets 680m quay and 1.055m TEU by 2035.,
TERM0218,Aarhus,PORTG0172,Port of Aarhus,Denmark,Aarhus,Northern Europe,Container terminal,Containers / terminal cargo,COMP_APMT,APM Terminals / partner operator,APM Terminals,Operating,1000000,,1300,15,,Yes,,APM Terminals operation,APM-AARHUS,https://www2.apmterminals.com/en/aarhus/about/our-terminal,High,Deep-water Danish gateway.,
TERM0219,Kalundborg,PORTG0173,Port of Kalundborg,Denmark,Kalundborg,Northern Europe,Container terminal,Containers / terminal cargo,COMP_APMT,APM Terminals / partner operator,APM Terminals,Operating / network,,,,,,,,APM Terminals network asset / partnership; detailed equity not verified in this pass,APM-KALUNDBORG,https://www2.apmterminals.com/en/,Medium,Current APM Terminals network seed retained from v1.12; infrastructure enrichment pending.,
TERM0220,Marseille Fos,PORTG0120,Port of Marseille Fos,France,Marseille Fos,Western Mediterranean / Europe,Container terminal,Containers / terminal cargo,COMP_APMT,APM Terminals / partner operator,APM Terminals,Operating / network,,,,,,,,APM Terminals network asset / partnership; detailed equity not verified in this pass,APM-MARSEILLE-FOS,https://www2.apmterminals.com/en/,Medium,Current APM Terminals network seed retained from v1.12; infrastructure enrichment pending.,
TERM0221,Poti,PORTG0174,Port of Poti,Georgia,Poti,Black Sea,Container terminal,Containers / terminal cargo,COMP_APMT,APM Terminals / partner operator,APM Terminals,Operating / network,,,,,,,,APM Terminals network asset / partnership; detailed equity not verified in this pass,APM-POTI,https://www2.apmterminals.com/en/,Medium,Current APM Terminals network seed retained from v1.12; infrastructure enrichment pending.,
TERM0222,Bremerhaven,PORTG0175,Port of Bremerhaven,Germany,Bremerhaven,Northern Europe,Container terminal,Containers / terminal cargo,COMP_APMT,APM Terminals / partner operator,APM Terminals,Operating / network,,,,,,,,APM Terminals network asset / partnership; detailed equity not verified in this pass,APM-BREMERHAVEN,https://www2.apmterminals.com/en/,Medium,Current APM Terminals network seed retained from v1.12; infrastructure enrichment pending.,
TERM0223,Vado Ligure,PORTG0176,Port of Vado Ligure,Italy,Vado Ligure,Western Mediterranean,Container terminal,Containers / terminal cargo,COMP_APMT,APM Terminals / partner operator,APM Terminals,Operating,250000,,470,14.1,3,Yes,500,APM Terminals Vado port system,APM-VADO-LIGURE,https://akamai.apmterminals.com/en/vado-ligure/about/our-terminal,High,Reefer Terminal figures shown here; complex also includes semi-automated Vado Gateway and Ro-Ro berth.,
TERM0224,Rotterdam Maasvlakte II,PORTG0020,Port of Rotterdam,Netherlands,Rotterdam Maasvlakte II,Northern Europe,Container terminal,Containers / terminal cargo,COMP_APMT,APM Terminals / partner operator,APM Terminals,Operating / major expansion,5400000,,2000,,,Yes,,APM Terminals operator; Hapag-Lloyd 25% stake agreement pending approval,APM-ROTTERDAM-MAASVLAKTE-II,https://www2.apmterminals.com/en/news/news-releases/2026/260819-APMTerminals-and-Hapag-Lloyd-partner-at-Maasvlakte-II,High,"Current expansion adds 1,000m deep-sea berth, four rail tracks and more automation; capacity target 5.4m TEU.",
TERM0225,Algeciras,PORTG0103,Port of Algeciras,Spain,Algeciras,Western Mediterranean / Atlantic Europe,Container terminal,Containers / terminal cargo,COMP_APMT,APM Terminals / partner operator,APM Terminals,Operating / network,,,,,,,,APM Terminals network asset / partnership; detailed equity not verified in this pass,APM-ALGECIRAS,https://www2.apmterminals.com/en/,Medium,Current APM Terminals network seed retained from v1.12; infrastructure enrichment pending.,
TERM0226,Barcelona,PORTG0096,Port of Barcelona,Spain,Barcelona,Western Mediterranean / Atlantic Europe,Container terminal,Containers / terminal cargo,COMP_APMT,APM Terminals / partner operator,APM Terminals,Operating / network,,,,,,,,APM Terminals network asset / partnership; detailed equity not verified in this pass,APM-BARCELONA,https://www2.apmterminals.com/en/,Medium,Current APM Terminals network seed retained from v1.12; infrastructure enrichment pending.,
TERM0227,Gijón,PORTG0177,Port of Gijón,Spain,Gijón,Western Mediterranean / Atlantic Europe,Container terminal,Containers / terminal cargo,COMP_APMT,APM Terminals / partner operator,APM Terminals,Operating / network,,,,,,,,APM Terminals network asset / partnership; detailed equity not verified in this pass,APM-GIJÓN,https://www2.apmterminals.com/en/,Medium,Current APM Terminals network seed retained from v1.12; infrastructure enrichment pending.,
TERM0228,Valencia,PORTG0102,Port of Valencia,Spain,Valencia,Western Mediterranean / Atlantic Europe,Container terminal,Containers / terminal cargo,COMP_APMT,APM Terminals / partner operator,APM Terminals,Operating / electrification upgrade,,,,16.5,,,,APM Terminals concession extended to 2049,APM-VALENCIA,https://www2.apmterminals.com/en/news/news-releases/2026/260422-APM-Terminals-invests-in-upgrade-and-extends-partnership,High,2026 investment adapts Levante Quay for E/EEE class vessels and drafts up to 16.5m.,
TERM0229,Gothenburg,PORTG0178,Port of Gothenburg,Sweden,Gothenburg,Northern Europe,Container terminal,Containers / terminal cargo,COMP_APMT,APM Terminals / partner operator,APM Terminals,Operating,,800000,1800,14.2,,Yes,,APM Terminals operation,APM-GOTHENBURG,https://www2.apmterminals.com/en/gothenburg/about/our-terminal,High,"Six rail tracks totaling about 2,250m; Super Post-Panamax STS capability.",
TERM0230,Izmir,PORTG0179,Port of Aliağa / İzmir,Turkey,Izmir,Eastern Mediterranean,Container terminal,Containers / terminal cargo,COMP_APMT,APM Terminals / partner operator,APM Terminals,Operating / managed,1500000,420000,700,18,,,,APM Terminals long-term management; no current equity after 2018 divestment,APM-IZMIR,https://www2.apmterminals.com/en/izmir/about/our-terminal,High,SOCAR Terminal; 42ha terminal plus external area.,
TERM0231,Buenos Aires,PORTG0048,Port of Buenos Aires,Argentina,Buenos Aires,South America Atlantic,Container terminal,Containers / terminal cargo,COMP_APMT,APM Terminals / partner operator,APM Terminals,Operating,850000,160000,495,10.3,2,,600,Terminal 4 / APM Terminals,APM-BUENOS-AIRES,https://akamai.apmterminals.com/en/buenos-aires/about/our-terminal,High,5 mobile cranes and 6 RTGs; two berths.,
TERM0232,Itapoá,PORTG0180,Port of Itapoá,Brazil,Itapoá,South America Atlantic,Container terminal,Containers / terminal cargo,COMP_APMT,APM Terminals / partner operator,APM Terminals,Operating / network,,,,,,,,APM Terminals network asset / partnership; detailed equity not verified in this pass,APM-ITAPOÁ,https://www2.apmterminals.com/en/,Medium,Current APM Terminals network seed retained from v1.12; infrastructure enrichment pending.,
TERM0233,Pecém,PORTG0181,Port of Pecém,Brazil,Pecém,South America Atlantic,Container terminal,Containers / terminal cargo,COMP_APMT,APM Terminals / partner operator,APM Terminals,Operating,556793,380000,760,15.3,2,Yes,1388,APM Terminals operation/management,APM-PECÉM,https://www2.apmterminals.com/en/pecem/about/our-terminal,High,"3 STS cranes, 14 reach stackers, 700m on-dock rail.",
TERM0234,Buenaventura,PORTG0182,Port of Buenaventura,Colombia,Buenaventura,South America Pacific,Container terminal,Containers / terminal cargo,COMP_APMT,APM Terminals / partner operator,APM Terminals,Operating / network,,,,,,,,APM Terminals network asset / partnership; detailed equity not verified in this pass,APM-BUENAVENTURA,https://www2.apmterminals.com/en/,Medium,Current APM Terminals network seed retained from v1.12; infrastructure enrichment pending.,
TERM0235,Moín,PORTG0183,Port of Moín,Costa Rica,Moín,Caribbean,Container terminal,Containers / terminal cargo,COMP_APMT,APM Terminals / partner operator,APM Terminals,Operating,1200000,400000,650,14.5,,,3933,APM Terminals concession,APM-MOÍN,https://www2.apmterminals.com/en/moin/about/our-terminal,High,6 Super Post-Panamax cranes and 29 eRTGs; channel depth 18m.,
TERM0236,Puerto Quetzal,PORTG0184,Puerto Quetzal,Guatemala,Puerto Quetzal,Central America Pacific,Container terminal,Containers / terminal cargo,COMP_APMT,APM Terminals / partner operator,APM Terminals,Operating,340000,,350,14.5,,,610,APM Terminals operation,APM-PUERTO-QUETZAL,https://www2.apmterminals.com/en/puerto-quetzal/about/our-terminal,High,3 Super Post-Panamax STS cranes.,
TERM0237,Progreso,PORTG0185,Port of Progreso,Mexico,Progreso,North America Pacific / Gulf,Container terminal,Containers / terminal cargo,COMP_APMT,APM Terminals / partner operator,APM Terminals,Operating / network,,,,,,,,APM Terminals network asset / partnership; detailed equity not verified in this pass,APM-PROGRESO,https://www2.apmterminals.com/en/,Medium,Current APM Terminals network seed retained from v1.12; infrastructure enrichment pending.,
TERM0238,Callao,PORTG0054,Port of Callao,Peru,Callao,South America Pacific,Container terminal,Containers / terminal cargo,COMP_APMT,APM Terminals / partner operator,APM Terminals,Operating,1200000,640000,1835,16,,Yes,920,APM Terminals Callao concession,APM-CALLAO,https://www2.apmterminals.com/en/callao/about/our-terminal,High,4 Super Post-Panamax + 2 Panamax STS + 4 MHC; 12 eRTG + 2 diesel RTG.,
TERM0239,"Los Angeles, CA",PORTG0098,Port of Los Angeles,United States,"Los Angeles, CA",North America,Container terminal,Containers / terminal cargo,COMP_APMT,APM Terminals / partner operator,APM Terminals,Operating,4400000,2051756,2200,,5,Yes,2200,APM Terminals Pier 400,APM-LOS-ANGELES-CA,https://www2.apmterminals.com/en/los-angeles/about/our-terminal,High,Pier 400: 19 STS cranes; 65 acres of on-dock rail with 18 tracks; 57 gate lanes.,
TERM0240,"Mobile, AL",PORTG0186,Port of Mobile,United States,"Mobile, AL",North America,Container terminal,Containers / terminal cargo,COMP_APMT,APM Terminals / partner operator,APM Terminals,Operating / expansion,650000,465388,732,15.24,,Yes,325,APM Terminals Mobile,APM-MOBILE-AL,https://www2.apmterminals.com/en/mobile/about/our-terminal,High,6 Super Post-Panamax STS; public page also describes expansion path toward 1.3m TEU.,
TERM0241,"Elizabeth, NJ",PORTG0099,Port of New York & New Jersey,United States,"Elizabeth, NJ",North America,Container terminal,Containers / terminal cargo,COMP_APMT,APM Terminals / partner operator,APM Terminals,Operating,2300000,1416400,1829,15.2,,Yes,1300,APM Terminals Port Elizabeth,APM-ELIZABETH-NJ,https://www2.apmterminals.com/en/port-elizabeth/about/our-terminal,High,14 STS cranes and on-dock rail.,
TERM0242,APM Terminals Laldia,PORTG0187,Port of Chattogram,Bangladesh,Chattogram,Bay of Bengal,Container terminal,Containers / terminal cargo,COMP_APMT,APM Terminals / CPA / QNS partnership,APM Terminals,Under construction,800000,,,,,,,PPP with Chittagong Port Authority and QNS Container Services,APM-BD-LALDIA,https://www2.apmterminals.com/en/news/news-releases/2026/260831-APMTerminals-breaks-ground-in-Laldia,High,"US$550m project; adds >800k TEU; designed for vessels up to ~6,000 TEU; operational target around 2030.",
TERM0243,Lien Chieu Container Port / APM Terminals Da Nang,PORTG0188,Lien Chieu Port,Vietnam,Da Nang,Southeast Asia,Container terminal development,Containers / terminal cargo,COMP_APMT,APM Terminals / Hateco Group,APM Terminals,Under development,5700000,,,,8,Yes,,Partnership with Hateco and Da Nang City,APM-VN-DANANG,https://akamai.apmterminals.com/en/news/news-releases/2026/260425-APM-Terminals-and-Hateco-partner-in-Da-Nang,High,">$1.7bn project; Phase 1 berths 1-2, expansion through berths 3-8; designed for vessels up to 18,000 TEU.",
TERM0244,Balboa Container Terminal – temporary APM operation,PORTG0189,Port of Balboa,Panama,Balboa,Panama Canal / Pacific,Container terminal,Containers / terminal cargo,COMP_APMT,APM Terminals Panama,APM Terminals,Temporary operation,,,,,,Yes,,Temporary operating mandate,APM-PA-BALBOA,https://www2.apmterminals.com/en/news/news-releases/2026/260224-APM-Terminals-begins-temporary-operations-Port-of-Balboa,High,"Temporary stabilization/operation; Navis N4 deployment, workforce transition and asset diagnostics.",
TERM0245,Hateco Haiphong International Container Terminal (HHIT),PORTG0190,Lach Huyen / Haiphong Port,Vietnam,Hai Phong,Southeast Asia,Container terminal,Containers / terminal cargo,COMP_APMT,HHIT,APM Terminals,Operating,,,,,,,,APM Terminals / Hateco partnership,APM-VN-HHIT,https://akamai.apmterminals.com/en/news/news-releases/2026/260425-APM-Terminals-and-Hateco-partner-in-Da-Nang,High,Existing APM-Hateco terminal went live in 2025; retained as strategic Vietnam gateway.,
TERM0246,Holyhead Terminal 3,PORTG0191,Holyhead Port,United Kingdom,Holyhead,Europe,Ro-Pax ferry terminal,Passengers / vehicles / Ro-Ro,COMP_STENA_LINE_PORTS,Stena Line Ports,Stena Line,Operating / resilience works,,,,,,,,Stena-linked ferry terminal,ASSET099,https://financialports.com/500-tonne-flood-nearly-sank-ferry-after-jetty-collision-maib-report/,High,Stena Estrid casualty location; fender and mooring resilience works referenced,
TERM0247,Mauritius Container Terminal,PORTG0193,Port Louis,Mauritius,Port Louis,Indian Ocean / Africa,Marine container terminal,Containers,COMP_CHCL,Cargo Handling Corporation Ltd,CHCL,Operating / equipment renewal,,,,,,,,CHCL operating structure,,https://splash247.com/port-louis-advances-58m-plus-terminal-upgrade/,High,Two STS and five hybrid RTG cranes ordered under >Rs2.7bn program,
TERM0248,Bukhta Sever Oil Export Terminal,PORTG0194,Bukhta Sever Terminal,Russia,Taimyr Peninsula,Arctic,Oil export terminal,Crude oil,COMP_ROSNEFT,Rosneft,Vostok Oil,Operating / ramp-up,,,,18,4,,,Rosneft / Vostok Oil,,https://splash247.com/russia-opens-giant-new-arctic-oil-export-terminal/,High,"Oil-loading berth, two cargo berths and dedicated fleet berth; 14 storage tanks",
TERM0249,Ras Isa Oil / Product Terminal,PORTG0196,Ras Isa Terminal,Yemen,Red Sea coast,Red Sea,Oil / product terminal,Oil products,,,,Operating / conflict exposed,,,,,,,,De facto control requires time-stamped verification,,https://maritime-executive.com/article/yemen-coast-guard-stops-tanker-after-delivery-to-houthi-controlled-port,Medium,Reported Houthi-controlled at time of Nereida call,
TERM0250,Davao International Container Terminal,PORTG0207,Port of Davao,Philippines,Davao,Southeast Asia,Marine container terminal,Containers,COMP_DICT,"Davao International Container Terminal, Inc.",ANFLOCOR / DICT,Operating,,,,,,,,DICT is a member of ANFLOCOR Group,,https://maritime-executive.com/article/navigation-warning-after-ship-loses-46-containers-in-philippine-waters; https://www.dict.com.ph/about,High,Departure terminal for Span Asia 39 casualty voyage; operator details require enrichment,
TERM0251,PSA Singapore – Pasir Panjang Terminal,PORTG0128,Port of Singapore,Singapore,Singapore,Southeast Asia,Marine container terminal,Containers,COMP_PSA,PSA International,PSA,Operating,,,,,,,,,,https://www.globalpsa.com/globaloffices/,High,,v1.16 operator-network expansion
TERM0252,PSA Singapore – Tuas Port,PORTG0128,Port of Singapore,Singapore,Singapore,Southeast Asia,Marine container terminal,Containers,COMP_PSA,PSA International,PSA,Operating,,,,,,,,,,https://www.globalpsa.com/globaloffices/,High,,v1.16 operator-network expansion
TERM0253,New Priok Container Terminal One,PORTG0216,Port of Tanjung Priok,Indonesia,Jakarta,Southeast Asia,Marine container terminal,Containers,COMP_PSA,PSA International,PSA,Operating,,,,,,,,,,https://www.globalpsa.com/globaloffices/,High,,v1.16 operator-network expansion
TERM0254,Eastern Sea Laem Chabang Terminal,PORTG0217,Laem Chabang Port,Thailand,Laem Chabang,Southeast Asia,Marine container terminal,Containers,COMP_PSA,PSA International,PSA,Operating,,,,,,,,,,https://www.globalpsa.com/globaloffices/,High,,v1.16 operator-network expansion
TERM0255,Thai Connectivity Terminal,PORTG0218,Bangkok / Chao Phraya logistics gateway,Thailand,Samut Prakan,Southeast Asia,Marine container terminal,Containers,COMP_PSA,PSA International,PSA,Operating,,,,,,,,,,https://www.globalpsa.com/globaloffices/,High,,v1.16 operator-network expansion
TERM0256,SP-PSA International Port,PORTG0105,Cai Mep-Thi Vai,Vietnam,Ba Ria-Vung Tau,Southeast Asia,Marine container terminal,Containers,COMP_PSA,PSA International,PSA,Operating,,,,,,,,,,https://www.globalpsa.com/globaloffices/,High,,v1.16 operator-network expansion
TERM0257,Beibu-Gulf International Container Terminal,PORTG0219,Port of Qinzhou,China,Qinzhou,East Asia,Marine container terminal,Containers,COMP_PSA,PSA International,PSA,Operating,,,,,,,,,,https://www.globalpsa.com/globaloffices/,High,,v1.16 operator-network expansion
TERM0258,Dalian Container Terminal,PORTG0220,Port of Dalian,China,Dalian,East Asia,Marine container terminal,Containers,COMP_PSA,PSA International,PSA,Operating,,,,,,,,,,https://www.globalpsa.com/globaloffices/,High,,v1.16 operator-network expansion
TERM0259,Fuzhou International Container Terminal,PORTG0221,Port of Fuzhou / Jiangyin,China,Fuzhou,East Asia,Marine container terminal,Containers,COMP_PSA,PSA International,PSA,Operating,,,,,,,,,,https://www.globalpsa.com/globaloffices/,High,,v1.16 operator-network expansion
TERM0260,Fujian Jiangyin International Container Terminal,PORTG0221,Port of Fuzhou / Jiangyin,China,Fuzhou,East Asia,Marine container terminal,Containers,COMP_PSA,PSA International,PSA,Operating,,,,,,,,,,https://www.globalpsa.com/globaloffices/,High,,v1.16 operator-network expansion
TERM0261,Huafu Fuzhou Jiangyin Terminal,PORTG0221,Port of Fuzhou / Jiangyin,China,Fuzhou,East Asia,Marine container terminal,Containers,COMP_PSA,PSA International,PSA,Operating,,,,,,,,,,https://www.globalpsa.com/globaloffices/,High,,v1.16 operator-network expansion
TERM0262,Fuzhou Qingzhou Container Terminal,PORTG0222,Port of Fuzhou / Mawei,China,Fuzhou,East Asia,Marine container terminal,Containers,COMP_PSA,PSA International,PSA,Operating,,,,,,,,,,https://www.globalpsa.com/globaloffices/,High,,v1.16 operator-network expansion
TERM0263,Guangzhou Container Terminal,PORTG0163,Port of Guangzhou,China,Guangzhou,East Asia,Marine container terminal,Containers,COMP_PSA,PSA International,PSA,Operating,,,,,,,,,,https://www.globalpsa.com/globaloffices/,High,,v1.16 operator-network expansion
TERM0264,LYG-PSA Container Terminal,PORTG0223,Port of Lianyungang,China,Lianyungang,East Asia,Marine container terminal,Containers,COMP_PSA,PSA International,PSA,Operating,,,,,,,,,,https://www.globalpsa.com/globaloffices/,High,,v1.16 operator-network expansion
TERM0265,Tianjin Port Pacific International Container Terminal,PORTG0165,Port of Tianjin,China,Tianjin,East Asia,Marine container terminal,Containers,COMP_PSA,PSA International,PSA,Operating,,,,,,,,,,https://www.globalpsa.com/globaloffices/,High,,v1.16 operator-network expansion
TERM0266,Incheon Container Terminal,PORTG0224,Port of Incheon,South Korea,Incheon,East Asia,Marine container terminal,Containers,COMP_PSA,PSA International,PSA,Operating,,,,,,,,,,https://www.globalpsa.com/globaloffices/,High,,v1.16 operator-network expansion
TERM0267,HMM PSA New-Port Terminal,PORTG0225,Port of Busan,South Korea,Busan,East Asia,Marine container terminal,Containers,COMP_PSA,PSA International,PSA,Operating,,,,,,,,,,https://www.globalpsa.com/globaloffices/,High,,v1.16 operator-network expansion
TERM0268,Pusan Newport International Terminal,PORTG0225,Port of Busan,South Korea,Busan,East Asia,Marine container terminal,Containers,COMP_PSA,PSA International,PSA,Operating,,,,,,,,,,https://www.globalpsa.com/globaloffices/,High,,v1.16 operator-network expansion
TERM0269,PSA Chennai / Chennai International Terminals,PORTG0226,Port of Chennai,India,Chennai,Indian Subcontinent,Marine container terminal,Containers,COMP_PSA,PSA International,PSA,Operating,,,,,,,,,,https://www.globalpsa.com/globaloffices/,High,,v1.16 operator-network expansion
TERM0270,PSA Mumbai / Bharat Mumbai Container Terminals,PORTG0106,Jawaharlal Nehru Port,India,Navi Mumbai,Indian Subcontinent,Marine container terminal,Containers,COMP_PSA,PSA International,PSA,Operating,,,,,,,,,,https://www.globalpsa.com/globaloffices/,High,,v1.16 operator-network expansion
TERM0271,Saudi Global Ports – Dammam,PORTG0227,King Abdulaziz Port Dammam,Saudi Arabia,Dammam,Middle East,Marine container terminal,Containers,COMP_PSA,PSA International,PSA,Operating,,,,,,,,,,https://www.globalpsa.com/globaloffices/,High,,v1.16 operator-network expansion
TERM0272,PSA Antwerp,PORTG0018,Port of Antwerp-Bruges,Belgium,Antwerp,Northern Europe,Marine container terminal,Containers,COMP_PSA,PSA International,PSA,Operating,,,,,,,,,,https://www.globalpsa.com/globaloffices/,High,,v1.16 operator-network expansion
TERM0273,PSA Breakbulk Antwerp,PORTG0018,Port of Antwerp-Bruges,Belgium,Antwerp,Northern Europe,Marine container terminal,Containers,COMP_PSA,PSA International,PSA,Operating,,,,,,,,,,https://www.globalpsa.com/globaloffices/,High,,v1.16 operator-network expansion
TERM0274,PSA Zeebrugge,PORTG0228,Port of Zeebrugge,Belgium,Zeebrugge,Northern Europe,Marine container terminal,Containers,COMP_PSA,PSA International,PSA,Operating,,,,,,,,,,https://www.globalpsa.com/globaloffices/,High,,v1.16 operator-network expansion
TERM0275,PSA Genova Pra’,PORTG0229,Port of Genoa,Italy,Genoa,Mediterranean Europe,Marine container terminal,Containers,COMP_PSA,PSA International,PSA,Operating,,,,,,,,,,https://www.globalpsa.com/globaloffices/,High,,v1.16 operator-network expansion
TERM0276,PSA SECH / Southern European Container Hub,PORTG0229,Port of Genoa,Italy,Genoa,Mediterranean Europe,Marine container terminal,Containers,COMP_PSA,PSA International,PSA,Operating,,,,,,,,,,https://www.globalpsa.com/globaloffices/,High,,v1.16 operator-network expansion
TERM0277,PSA Venice / Vecon,PORTG0230,Port of Venice,Italy,Marghera,Mediterranean Europe,Marine container terminal,Containers,COMP_PSA,PSA International,PSA,Operating,,,,,,,,,,https://www.globalpsa.com/globaloffices/,High,,v1.16 operator-network expansion
TERM0278,PSA Sines,PORTG0145,Port of Sines,Portugal,Sines,Atlantic Europe,Marine container terminal,Containers,COMP_PSA,PSA International,PSA,Operating,,,,,,,,,,https://www.globalpsa.com/globaloffices/,High,,v1.16 operator-network expansion
TERM0279,Mersin International Port,PORTG0231,Port of Mersin,Türkiye,Mersin,Eastern Mediterranean,Marine container terminal,Containers,COMP_PSA,PSA International,PSA,Operating,,,,,,,,,,https://www.globalpsa.com/globaloffices/,High,,v1.16 operator-network expansion
TERM0280,Baltic Hub Container Terminal,PORTG0232,Port of Gdańsk,Poland,Gdańsk,Northern Europe,Marine container terminal,Containers,COMP_PSA,PSA International,PSA,Operating,,,,,,,,,,https://www.globalpsa.com/globaloffices/,High,,v1.16 operator-network expansion
TERM0281,PSA Panama International Terminal,PORTG0233,Port of Rodman / Panama Pacific,Panama,Panama City,Central America / Caribbean,Marine container terminal,Containers,COMP_PSA,PSA International,PSA,Operating,,,,,,,,,,https://www.globalpsa.com/globaloffices/,High,,v1.16 operator-network expansion
TERM0282,Sociedad Puerto Industrial Aguadulce,PORTG0182,Port of Buenaventura,Colombia,Buenaventura,South America Pacific,Marine container terminal,Containers,COMP_PSA,PSA International,PSA,Operating,,,,,,,,,,https://www.globalpsa.com/globaloffices/,High,,v1.16 operator-network expansion
TERM0283,PSA Halifax Atlantic Hub,PORTG0234,Port of Halifax,Canada,Halifax,North America,Marine container terminal,Containers,COMP_PSA,PSA International,PSA,Operating,,,,,,,,,,https://www.globalpsa.com/globaloffices/,High,,v1.16 operator-network expansion
TERM0284,PSA Halifax Fairview Cove,PORTG0234,Port of Halifax,Canada,Halifax,North America,Marine container terminal,Containers,COMP_PSA,PSA International,PSA,Operating,,,,,,,,,,https://www.globalpsa.com/globaloffices/,High,,v1.16 operator-network expansion
TERM0285,PSA Penn Terminals,PORTG0235,Port of Philadelphia / Delaware River,United States,Eddystone,North America,Marine container terminal,Containers,COMP_PSA,PSA International,PSA,Operating,,,,,,,,,,https://www.globalpsa.com/globaloffices/,High,,v1.16 operator-network expansion
TERM0286,Hutchison Ports Belgium,PORTG0236,Willebroek Port / Inland Waterway Terminal,Belgium,Willebroek,Northern Europe,Marine / port-network terminal,Containers,COMP_HUTCHISON,Hutchison Ports,Hutchison Ports,Operating,,,,,,,,,,https://www.hutchisonports.com/media/d/Hutchison%2BPorts%2BBrochure_Oct_2025.pdf?key=000000000017603396271743dTS5,High,,v1.16 operator-network expansion
TERM0287,Hutchison Ports Duisburg,PORTG0237,Port of Duisburg,Germany,Duisburg,Northern Europe,Marine / port-network terminal,Containers,COMP_HUTCHISON,Hutchison Ports,Hutchison Ports,Operating,,,,,,,,,,https://www.hutchisonports.com/media/d/Hutchison%2BPorts%2BBrochure_Oct_2025.pdf?key=000000000017603396271743dTS5,High,,v1.16 operator-network expansion
TERM0288,Hutchison Ports Gdynia,PORTG0238,Port of Gdynia,Poland,Gdynia,Northern Europe,Marine / port-network terminal,Containers,COMP_HUTCHISON,Hutchison Ports,Hutchison Ports,Operating,,,,,,,,,,https://www.hutchisonports.com/media/d/Hutchison%2BPorts%2BBrochure_Oct_2025.pdf?key=000000000017603396271743dTS5,High,,v1.16 operator-network expansion
TERM0289,Hutchison Ports BEST,PORTG0096,Port of Barcelona,Spain,Barcelona,Western Mediterranean,Marine / port-network terminal,Containers,COMP_HUTCHISON,Hutchison Ports,Hutchison Ports,Operating,,,,,,,,,,https://www.hutchisonports.com/media/d/Hutchison%2BPorts%2BBrochure_Oct_2025.pdf?key=000000000017603396271743dTS5,High,,v1.16 operator-network expansion
TERM0290,Hutchison Ports Stockholm,PORTG0239,Port of Stockholm,Sweden,Stockholm,Northern Europe,Marine / port-network terminal,Containers,COMP_HUTCHISON,Hutchison Ports,Hutchison Ports,Operating,,,,,,,,,,https://www.hutchisonports.com/media/d/Hutchison%2BPorts%2BBrochure_Oct_2025.pdf?key=000000000017603396271743dTS5,High,,v1.16 operator-network expansion
TERM0291,Hutchison Ports Amsterdam,PORTG0240,Port of Amsterdam,Netherlands,Amsterdam,Northern Europe,Marine / port-network terminal,Containers,COMP_HUTCHISON,Hutchison Ports,Hutchison Ports,Operating,,,,,,,,,,https://www.hutchisonports.com/media/d/Hutchison%2BPorts%2BBrochure_Oct_2025.pdf?key=000000000017603396271743dTS5,High,,v1.16 operator-network expansion
TERM0292,Grote Hout Terminal,PORTG0240,Port of Amsterdam,Netherlands,Amsterdam,Northern Europe,Marine / port-network terminal,Containers,COMP_HUTCHISON,Hutchison Ports,Hutchison Ports,Operating,,,,,,,,,,https://www.hutchisonports.com/media/d/Hutchison%2BPorts%2BBrochure_Oct_2025.pdf?key=000000000017603396271743dTS5,High,,v1.16 operator-network expansion
TERM0293,Moerdijk Container Terminals,PORTG0241,Port of Moerdijk,Netherlands,Moerdijk,Northern Europe,Marine / port-network terminal,Containers,COMP_HUTCHISON,Hutchison Ports,Hutchison Ports,Operating,,,,,,,,,,https://www.hutchisonports.com/media/d/Hutchison%2BPorts%2BBrochure_Oct_2025.pdf?key=000000000017603396271743dTS5,High,,v1.16 operator-network expansion
TERM0294,ECT Delta Terminal,PORTG0242,Port of Rotterdam,Netherlands,Rotterdam,Northern Europe,Marine / port-network terminal,Containers,COMP_HUTCHISON,Hutchison Ports,Hutchison Ports,Operating,,,,,,,,,,https://www.hutchisonports.com/media/d/Hutchison%2BPorts%2BBrochure_Oct_2025.pdf?key=000000000017603396271743dTS5,High,,v1.16 operator-network expansion
TERM0295,ECT Delta II Terminal,PORTG0242,Port of Rotterdam,Netherlands,Rotterdam,Northern Europe,Marine / port-network terminal,Containers,COMP_HUTCHISON,Hutchison Ports,Hutchison Ports,Operating,,,,,,,,,,https://www.hutchisonports.com/media/d/Hutchison%2BPorts%2BBrochure_Oct_2025.pdf?key=000000000017603396271743dTS5,High,,v1.16 operator-network expansion
TERM0296,Euromax Terminal Rotterdam,PORTG0242,Port of Rotterdam,Netherlands,Rotterdam,Northern Europe,Marine / port-network terminal,Containers,COMP_HUTCHISON,Hutchison Ports,Hutchison Ports,Operating,,,,,,,,,,https://www.hutchisonports.com/media/d/Hutchison%2BPorts%2BBrochure_Oct_2025.pdf?key=000000000017603396271743dTS5; https://ports.coscoshipping.com/en/Media/PhotoGallery/,High,,v1.16 operator-network expansion
TERM0297,Hutchison Ports Venlo,PORTG0243,Venlo Inland Terminal,Netherlands,Venlo,Northern Europe,Marine / port-network terminal,Containers,COMP_HUTCHISON,Hutchison Ports,Hutchison Ports,Operating,,,,,,,,,,https://www.hutchisonports.com/media/d/Hutchison%2BPorts%2BBrochure_Oct_2025.pdf?key=000000000017603396271743dTS5,High,,v1.16 operator-network expansion
TERM0298,Port of Felixstowe,UKP050,Port of Felixstowe,United Kingdom,Felixstowe,Northern Europe,Marine / port-network terminal,Containers,COMP_HUTCHISON,Hutchison Ports,Hutchison Ports,Operating,,,,,,,,,,https://www.hutchisonports.com/media/d/Hutchison%2BPorts%2BBrochure_Oct_2025.pdf?key=000000000017603396271743dTS5,High,,v1.16 operator-network expansion
TERM0299,Harwich International Port,PORTG0244,Port of Harwich,United Kingdom,Harwich,Northern Europe,Marine / port-network terminal,Containers,COMP_HUTCHISON,Hutchison Ports,Hutchison Ports,Operating,,,,,,,,,,https://www.hutchisonports.com/media/d/Hutchison%2BPorts%2BBrochure_Oct_2025.pdf?key=000000000017603396271743dTS5,High,,v1.16 operator-network expansion
TERM0300,London Thamesport,PORTG0245,Port of London / Medway,United Kingdom,Thamesport,Northern Europe,Marine / port-network terminal,Containers,COMP_HUTCHISON,Hutchison Ports,Hutchison Ports,Operating,,,,,,,,,,https://www.hutchisonports.com/media/d/Hutchison%2BPorts%2BBrochure_Oct_2025.pdf?key=000000000017603396271743dTS5,High,,v1.16 operator-network expansion
TERM0301,El Dekheila Container Terminals B100,PORTG0246,Port of Alexandria / El Dekheila,Egypt,Alexandria,Eastern Mediterranean / Red Sea,Marine / port-network terminal,Containers,COMP_HUTCHISON,Hutchison Ports,Hutchison Ports,Operating,,,,,,,,,,https://www.hutchisonports.com/media/d/Hutchison%2BPorts%2BBrochure_Oct_2025.pdf?key=000000000017603396271743dTS5,High,,v1.16 operator-network expansion
TERM0302,Hutchison Ports Abu Qir,PORTG0247,Port of Abu Qir,Egypt,Alexandria,Eastern Mediterranean / Red Sea,Marine / port-network terminal,Containers,COMP_HUTCHISON,Hutchison Ports,Hutchison Ports,Operating,,,,,,,,,,https://www.hutchisonports.com/media/d/Hutchison%2BPorts%2BBrochure_Oct_2025.pdf?key=000000000017603396271743dTS5,High,,v1.16 operator-network expansion
TERM0303,Hutchison Ports Alexandria,PORTG0108,Port of Alexandria,Egypt,Alexandria,Eastern Mediterranean / Red Sea,Marine / port-network terminal,Containers,COMP_HUTCHISON,Hutchison Ports,Hutchison Ports,Operating,,,,,,,,,,https://www.hutchisonports.com/media/d/Hutchison%2BPorts%2BBrochure_Oct_2025.pdf?key=000000000017603396271743dTS5,High,,v1.16 operator-network expansion
TERM0304,Hutchison Ports El Dekheila,PORTG0248,Port of El Dekheila,Egypt,Alexandria,Eastern Mediterranean / Red Sea,Marine / port-network terminal,Containers,COMP_HUTCHISON,Hutchison Ports,Hutchison Ports,Operating,,,,,,,,,,https://www.hutchisonports.com/media/d/Hutchison%2BPorts%2BBrochure_Oct_2025.pdf?key=000000000017603396271743dTS5,High,,v1.16 operator-network expansion
TERM0305,Red Sea Container Terminals / Sokhna,PORTG0249,Port of Ain Sokhna,Egypt,Ain Sokhna,Eastern Mediterranean / Red Sea,Marine / port-network terminal,Containers,COMP_HUTCHISON,Hutchison Ports,Hutchison Ports,Operating,,,,,,,,,,https://www.hutchisonports.com/media/d/Hutchison%2BPorts%2BBrochure_Oct_2025.pdf?key=000000000017603396271743dTS5,High,,v1.16 operator-network expansion
TERM0306,Hutchison Ports Basra,PORTG0250,Port of Umm Qasr / Basra,Iraq,Basra,Middle East,Marine / port-network terminal,Containers,COMP_HUTCHISON,Hutchison Ports,Hutchison Ports,Operating,,,,,,,,,,https://www.hutchisonports.com/media/d/Hutchison%2BPorts%2BBrochure_Oct_2025.pdf?key=000000000017603396271743dTS5,High,,v1.16 operator-network expansion
TERM0307,Hutchison Ports Sohar,PORTG0251,Port of Sohar,Oman,Sohar,Middle East,Marine / port-network terminal,Containers,COMP_HUTCHISON,Hutchison Ports,Hutchison Ports,Operating,,,,,,,,,,https://www.hutchisonports.com/media/d/Hutchison%2BPorts%2BBrochure_Oct_2025.pdf?key=000000000017603396271743dTS5,High,,v1.16 operator-network expansion
TERM0308,Port of Khasab Terminal,PORTG0252,Port of Khasab,Oman,Khasab,Middle East,Marine / port-network terminal,Containers,COMP_HUTCHISON,Hutchison Ports,Hutchison Ports,Operating,,,,,,,,,,https://www.hutchisonports.com/media/d/Hutchison%2BPorts%2BBrochure_Oct_2025.pdf?key=000000000017603396271743dTS5,High,,v1.16 operator-network expansion
TERM0309,Hutchison Ports Jazan,PORTG0253,Port of Jazan,Saudi Arabia,Jazan,Middle East,Marine / port-network terminal,Containers,COMP_HUTCHISON,Hutchison Ports,Hutchison Ports,Operating,,,,,,,,,,https://www.hutchisonports.com/media/d/Hutchison%2BPorts%2BBrochure_Oct_2025.pdf?key=000000000017603396271743dTS5,High,,v1.16 operator-network expansion
TERM0310,Hutchison Ports Ajman,PORTG0254,Port of Ajman,United Arab Emirates,Ajman,Middle East,Marine / port-network terminal,Containers,COMP_HUTCHISON,Hutchison Ports,Hutchison Ports,Operating,,,,,,,,,,https://www.hutchisonports.com/media/d/Hutchison%2BPorts%2BBrochure_Oct_2025.pdf?key=000000000017603396271743dTS5,High,,v1.16 operator-network expansion
TERM0311,Hutchison Ports RAK,PORTG0255,Port of Ras Al Khaimah,United Arab Emirates,Ras Al Khaimah,Middle East,Marine / port-network terminal,Containers,COMP_HUTCHISON,Hutchison Ports,Hutchison Ports,Operating,,,,,,,,,,https://www.hutchisonports.com/media/d/Hutchison%2BPorts%2BBrochure_Oct_2025.pdf?key=000000000017603396271743dTS5,High,,v1.16 operator-network expansion
TERM0312,Hutchison Ports UAQ,PORTG0256,Port of Umm Al Quwain,United Arab Emirates,Umm Al Quwain,Middle East,Marine / port-network terminal,Containers,COMP_HUTCHISON,Hutchison Ports,Hutchison Ports,Operating,,,,,,,,,,https://www.hutchisonports.com/media/d/Hutchison%2BPorts%2BBrochure_Oct_2025.pdf?key=000000000017603396271743dTS5,High,,v1.16 operator-network expansion
TERM0313,Hongkong International Terminals (HIT),PORTG0257,Kwai Tsing Container Terminals,"Hong Kong, China",Hong Kong,East Asia,Marine / port-network terminal,Containers,COMP_HUTCHISON,Hutchison Ports,Hutchison Ports,Operating,,,,,,,,,,https://www.hutchisonports.com/media/d/Hutchison%2BPorts%2BBrochure_Oct_2025.pdf?key=000000000017603396271743dTS5,High,,v1.16 operator-network expansion
TERM0314,COSCO-HIT,PORTG0257,Kwai Tsing Container Terminals,"Hong Kong, China",Hong Kong,East Asia,Marine / port-network terminal,Containers,COMP_HUTCHISON,Hutchison Ports,Hutchison Ports,Operating,,,,,,,,,,https://www.hutchisonports.com/media/d/Hutchison%2BPorts%2BBrochure_Oct_2025.pdf?key=000000000017603396271743dTS5; https://ports.coscoshipping.com/en/Media/PhotoGallery/,High,,v1.16 operator-network expansion
TERM0315,Asia Container Terminals (ACT),PORTG0257,Kwai Tsing Container Terminals,"Hong Kong, China",Hong Kong,East Asia,Marine / port-network terminal,Containers,COMP_HUTCHISON,Hutchison Ports,Hutchison Ports,Operating,,,,,,,,,,https://www.hutchisonports.com/media/d/Hutchison%2BPorts%2BBrochure_Oct_2025.pdf?key=000000000017603396271743dTS5,High,,v1.16 operator-network expansion
TERM0316,River Trade Terminal,PORTG0258,Tuen Mun / River Trade Terminal,"Hong Kong, China",Hong Kong,East Asia,Marine / port-network terminal,Containers,COMP_HUTCHISON,Hutchison Ports,Hutchison Ports,Operating,,,,,,,,,,https://www.hutchisonports.com/media/d/Hutchison%2BPorts%2BBrochure_Oct_2025.pdf?key=000000000017603396271743dTS5,High,,v1.16 operator-network expansion
TERM0317,Hutchison Ports YANTIAN,PORTG0259,Yantian Port,China,Shenzhen,East Asia,Marine / port-network terminal,Containers,COMP_HUTCHISON,Hutchison Ports,Hutchison Ports,Operating,,,,,,,,,,https://www.hutchisonports.com/media/d/Hutchison%2BPorts%2BBrochure_Oct_2025.pdf?key=000000000017603396271743dTS5,High,,v1.16 operator-network expansion
TERM0318,Huizhou International Container Terminals (HICT),PORTG0260,Port of Huizhou,China,Huizhou,East Asia,Marine / port-network terminal,Containers,COMP_HUTCHISON,Hutchison Ports,Hutchison Ports,Operating,,,,,,,,,,https://www.hutchisonports.com/media/d/Hutchison%2BPorts%2BBrochure_Oct_2025.pdf?key=000000000017603396271743dTS5,High,,v1.16 operator-network expansion
TERM0319,Huizhou Port International Container Terminal (HPIC),PORTG0260,Port of Huizhou,China,Huizhou,East Asia,Marine / port-network terminal,Containers,COMP_HUTCHISON,Hutchison Ports,Hutchison Ports,Operating,,,,,,,,,,https://www.hutchisonports.com/media/d/Hutchison%2BPorts%2BBrochure_Oct_2025.pdf?key=000000000017603396271743dTS5,High,,v1.16 operator-network expansion
TERM0320,Jiangmen International Container Terminals,PORTG0261,Port of Jiangmen,China,Jiangmen,East Asia,Marine / port-network terminal,Containers,COMP_HUTCHISON,Hutchison Ports,Hutchison Ports,Operating,,,,,,,,,,https://www.hutchisonports.com/media/d/Hutchison%2BPorts%2BBrochure_Oct_2025.pdf?key=000000000017603396271743dTS5,High,,v1.16 operator-network expansion
TERM0321,Nanhai International Container Terminals,PORTG0262,Port of Nanhai / Foshan,China,Foshan,East Asia,Marine / port-network terminal,Containers,COMP_HUTCHISON,Hutchison Ports,Hutchison Ports,Operating,,,,,,,,,,https://www.hutchisonports.com/media/d/Hutchison%2BPorts%2BBrochure_Oct_2025.pdf?key=000000000017603396271743dTS5,High,,v1.16 operator-network expansion
TERM0322,Ningbo Beilun International Container Terminals,PORTG0150,Port of Ningbo-Zhoushan,China,Ningbo,East Asia,Marine / port-network terminal,Containers,COMP_HUTCHISON,Hutchison Ports,Hutchison Ports,Operating,,,,,,,,,,https://www.hutchisonports.com/media/d/Hutchison%2BPorts%2BBrochure_Oct_2025.pdf?key=000000000017603396271743dTS5,High,,v1.16 operator-network expansion
TERM0323,Shanghai Mingdong Container Terminals,PORTG0164,Port of Shanghai,China,Shanghai,East Asia,Marine / port-network terminal,Containers,COMP_HUTCHISON,Hutchison Ports,Hutchison Ports,Operating,,,,,,,,,,https://www.hutchisonports.com/media/d/Hutchison%2BPorts%2BBrochure_Oct_2025.pdf?key=000000000017603396271743dTS5; https://ports.coscoshipping.com/en/Media/PhotoGallery/,High,,v1.16 operator-network expansion
TERM0324,Shanghai Pudong International Container Terminals,PORTG0164,Port of Shanghai,China,Shanghai,East Asia,Marine / port-network terminal,Containers,COMP_HUTCHISON,Hutchison Ports,Hutchison Ports,Operating,,,,,,,,,,https://www.hutchisonports.com/media/d/Hutchison%2BPorts%2BBrochure_Oct_2025.pdf?key=000000000017603396271743dTS5; https://ports.coscoshipping.com/en/Media/PhotoGallery/,High,,v1.16 operator-network expansion
TERM0325,Xiamen International Container Terminals,PORTG0166,Port of Xiamen,China,Xiamen,East Asia,Marine / port-network terminal,Containers,COMP_HUTCHISON,Hutchison Ports,Hutchison Ports,Operating,,,,,,,,,,https://www.hutchisonports.com/media/d/Hutchison%2BPorts%2BBrochure_Oct_2025.pdf?key=000000000017603396271743dTS5,High,,v1.16 operator-network expansion
TERM0326,Jakarta International Container Terminal / Koja portfolio,PORTG0216,Port of Tanjung Priok,Indonesia,Jakarta,Southeast Asia,Marine / port-network terminal,Containers,COMP_HUTCHISON,Hutchison Ports,Hutchison Ports,Operating,,,,,,,,,,https://www.hutchisonports.com/media/d/Hutchison%2BPorts%2BBrochure_Oct_2025.pdf?key=000000000017603396271743dTS5,High,,v1.16 operator-network expansion
TERM0327,Westports Malaysia,PORTG0263,Port Klang,Malaysia,Port Klang,Southeast Asia,Marine / port-network terminal,Containers,COMP_HUTCHISON,Hutchison Ports,Hutchison Ports,Operating,,,,,,,,,,https://www.hutchisonports.com/media/d/Hutchison%2BPorts%2BBrochure_Oct_2025.pdf?key=000000000017603396271743dTS5,High,,v1.16 operator-network expansion
TERM0328,Myanmar International Terminals Thilawa,PORTG0264,Port of Thilawa / Yangon,Myanmar,Yangon,Southeast Asia,Marine / port-network terminal,Containers,COMP_HUTCHISON,Hutchison Ports,Hutchison Ports,Operating,,,,,,,,,,https://www.hutchisonports.com/media/d/Hutchison%2BPorts%2BBrochure_Oct_2025.pdf?key=000000000017603396271743dTS5,High,,v1.16 operator-network expansion
TERM0329,Karachi International Container Terminal (KICT),PORTG0265,Port of Karachi,Pakistan,Karachi,Indian Subcontinent,Marine / port-network terminal,Containers,COMP_HUTCHISON,Hutchison Ports,Hutchison Ports,Operating,,,,,,,,,,https://www.hutchisonports.com/media/d/Hutchison%2BPorts%2BBrochure_Oct_2025.pdf?key=000000000017603396271743dTS5,High,,v1.16 operator-network expansion
TERM0330,Hutchison Ports Pakistan,PORTG0265,Port of Karachi,Pakistan,Karachi,Indian Subcontinent,Marine / port-network terminal,Containers,COMP_HUTCHISON,Hutchison Ports,Hutchison Ports,Operating,,,,,,,,,,https://www.hutchisonports.com/media/d/Hutchison%2BPorts%2BBrochure_Oct_2025.pdf?key=000000000017603396271743dTS5,High,,v1.16 operator-network expansion
TERM0331,Hutchison Ports Busan,PORTG0225,Port of Busan,South Korea,Busan,East Asia,Marine / port-network terminal,Containers,COMP_HUTCHISON,Hutchison Ports,Hutchison Ports,Operating,,,,,,,,,,https://www.hutchisonports.com/media/d/Hutchison%2BPorts%2BBrochure_Oct_2025.pdf?key=000000000017603396271743dTS5,High,,v1.16 operator-network expansion
TERM0332,Hutchison Ports Gwangyang,PORTG0266,Port of Gwangyang,South Korea,Gwangyang,East Asia,Marine / port-network terminal,Containers,COMP_HUTCHISON,Hutchison Ports,Hutchison Ports,Operating,,,,,,,,,,https://www.hutchisonports.com/media/d/Hutchison%2BPorts%2BBrochure_Oct_2025.pdf?key=000000000017603396271743dTS5,High,,v1.16 operator-network expansion
TERM0333,Hutchison Ports Thailand,PORTG0217,Laem Chabang Port,Thailand,Laem Chabang,Southeast Asia,Marine / port-network terminal,Containers,COMP_HUTCHISON,Hutchison Ports,Hutchison Ports,Operating,,,,,,,,,,https://www.hutchisonports.com/media/d/Hutchison%2BPorts%2BBrochure_Oct_2025.pdf?key=000000000017603396271743dTS5,High,,v1.16 operator-network expansion
TERM0334,Hutchison Ports SITV,PORTG0105,Cai Mep-Thi Vai,Vietnam,Ba Ria-Vung Tau,Southeast Asia,Marine / port-network terminal,Containers,COMP_HUTCHISON,Hutchison Ports,Hutchison Ports,Operating,,,,,,,,,,https://www.hutchisonports.com/media/d/Hutchison%2BPorts%2BBrochure_Oct_2025.pdf?key=000000000017603396271743dTS5,High,,v1.16 operator-network expansion
TERM0335,Hutchison Ports Brisbane,PORTG0267,Port of Brisbane,Australia,Brisbane,Oceania,Marine / port-network terminal,Containers,COMP_HUTCHISON,Hutchison Ports,Hutchison Ports,Operating,,,,,,,,,,https://www.hutchisonports.com/media/d/Hutchison%2BPorts%2BBrochure_Oct_2025.pdf?key=000000000017603396271743dTS5,High,,v1.16 operator-network expansion
TERM0336,Hutchison Ports Sydney,PORTG0268,Port Botany,Australia,Sydney,Oceania,Marine / port-network terminal,Containers,COMP_HUTCHISON,Hutchison Ports,Hutchison Ports,Operating,,,,,,,,,,https://www.hutchisonports.com/media/d/Hutchison%2BPorts%2BBrochure_Oct_2025.pdf?key=000000000017603396271743dTS5,High,,v1.16 operator-network expansion
TERM0337,Ensenada International Terminal (EIT),PORTG0269,Port of Ensenada,Mexico,Ensenada,North America / Pacific-Atlantic,Marine / port-network terminal,Containers,COMP_HUTCHISON,Hutchison Ports,Hutchison Ports,Operating,,,,,,,,,,https://www.hutchisonports.com/media/d/Hutchison%2BPorts%2BBrochure_Oct_2025.pdf?key=000000000017603396271743dTS5,High,,v1.16 operator-network expansion
TERM0338,ICAVE Veracruz,PORTG0270,Port of Veracruz,Mexico,Veracruz,North America / Pacific-Atlantic,Marine / port-network terminal,Containers,COMP_HUTCHISON,Hutchison Ports,Hutchison Ports,Operating,,,,,,,,,,https://www.hutchisonports.com/media/d/Hutchison%2BPorts%2BBrochure_Oct_2025.pdf?key=000000000017603396271743dTS5,High,,v1.16 operator-network expansion
TERM0339,Lazaro Cardenas Terminal (LCT),PORTG0151,Port of Lázaro Cárdenas,Mexico,Lázaro Cárdenas,North America / Pacific-Atlantic,Marine / port-network terminal,Containers,COMP_HUTCHISON,Hutchison Ports,Hutchison Ports,Operating,,,,,,,,,,https://www.hutchisonports.com/media/d/Hutchison%2BPorts%2BBrochure_Oct_2025.pdf?key=000000000017603396271743dTS5,High,,v1.16 operator-network expansion
TERM0340,TIMSA Manzanillo,PORTG0271,Port of Manzanillo,Mexico,Manzanillo,North America / Pacific-Atlantic,Marine / port-network terminal,Containers,COMP_HUTCHISON,Hutchison Ports,Hutchison Ports,Operating,,,,,,,,,,https://www.hutchisonports.com/media/d/Hutchison%2BPorts%2BBrochure_Oct_2025.pdf?key=000000000017603396271743dTS5,High,,v1.16 operator-network expansion
TERM0341,PPC Balboa,PORTG0189,Port of Balboa,Panama,Balboa,Central America / Caribbean,Marine / port-network terminal,Containers,COMP_HUTCHISON,Hutchison Ports,Hutchison Ports,Operating,,,,,,,,,,https://www.hutchisonports.com/media/d/Hutchison%2BPorts%2BBrochure_Oct_2025.pdf?key=000000000017603396271743dTS5,High,,v1.16 operator-network expansion
TERM0342,PPC Cristobal,PORTG0272,Port of Cristobal,Panama,Colón,Central America / Caribbean,Marine / port-network terminal,Containers,COMP_HUTCHISON,Hutchison Ports,Hutchison Ports,Operating,,,,,,,,,,https://www.hutchisonports.com/media/d/Hutchison%2BPorts%2BBrochure_Oct_2025.pdf?key=000000000017603396271743dTS5,High,,v1.16 operator-network expansion
TERM0343,Freeport Container Port / Freeport Harbour portfolio,PORTG0273,Freeport Harbour,Bahamas,Freeport,Caribbean,Marine / port-network terminal,Containers,COMP_HUTCHISON,Hutchison Ports,Hutchison Ports,Operating,,,,,,,,,,https://www.hutchisonports.com/media/d/Hutchison%2BPorts%2BBrochure_Oct_2025.pdf?key=000000000017603396271743dTS5,High,,v1.16 operator-network expansion
TERM0344,CSP Wuhan Terminal,PORTG0274,Port of Wuhan,China,Wuhan,East Asia,Marine container terminal,Containers,COMP_COSCO_PORTS,COSCO SHIPPING Ports,COSCO SHIPPING Ports,Operating,,,,,,,,Operator/investment portfolio; exact equity varies by terminal,,https://ports.coscoshipping.com/en/Media/PhotoGallery/,High,,v1.16 operator-network expansion
TERM0345,Dalian Automobile Terminal,PORTG0220,Port of Dalian,China,Dalian,East Asia,Marine container terminal,Containers,COMP_COSCO_PORTS,COSCO SHIPPING Ports,COSCO SHIPPING Ports,Operating,,,,,,,,Operator/investment portfolio; exact equity varies by terminal,,https://ports.coscoshipping.com/en/Media/PhotoGallery/,High,,v1.16 operator-network expansion
TERM0346,Dalian Dagang China Shipping Terminal,PORTG0220,Port of Dalian,China,Dalian,East Asia,Marine container terminal,Containers,COMP_COSCO_PORTS,COSCO SHIPPING Ports,COSCO SHIPPING Ports,Operating,,,,,,,,Operator/investment portfolio; exact equity varies by terminal,,https://ports.coscoshipping.com/en/Media/PhotoGallery/,High,,v1.16 operator-network expansion
TERM0347,Dalian Port Container Terminal,PORTG0220,Port of Dalian,China,Dalian,East Asia,Marine container terminal,Containers,COMP_COSCO_PORTS,COSCO SHIPPING Ports,COSCO SHIPPING Ports,Operating,,,,,,,,Operator/investment portfolio; exact equity varies by terminal,,https://ports.coscoshipping.com/en/Media/PhotoGallery/,High,,v1.16 operator-network expansion
TERM0348,Guangzhou South China Oceangate Terminal,PORTG0163,Port of Guangzhou,China,Guangzhou,East Asia,Marine container terminal,Containers,COMP_COSCO_PORTS,COSCO SHIPPING Ports,COSCO SHIPPING Ports,Operating,,,,,,,,Operator/investment portfolio; exact equity varies by terminal,,https://ports.coscoshipping.com/en/Media/PhotoGallery/,High,,v1.16 operator-network expansion
TERM0349,Jinjiang Pacific Ports Development Terminal,PORTG0275,Port of Quanzhou / Jinjiang,China,Jinjiang,East Asia,Marine container terminal,Containers,COMP_COSCO_PORTS,COSCO SHIPPING Ports,COSCO SHIPPING Ports,Operating,,,,,,,,Operator/investment portfolio; exact equity varies by terminal,,https://ports.coscoshipping.com/en/Media/PhotoGallery/,High,,v1.16 operator-network expansion
TERM0350,Jinzhou New Age Terminal,PORTG0276,Port of Jinzhou,China,Jinzhou,East Asia,Marine container terminal,Containers,COMP_COSCO_PORTS,COSCO SHIPPING Ports,COSCO SHIPPING Ports,Operating,,,,,,,,Operator/investment portfolio; exact equity varies by terminal,,https://ports.coscoshipping.com/en/Media/PhotoGallery/,High,,v1.16 operator-network expansion
TERM0351,Kao Ming Container Terminal,PORTG0277,Port of Kaohsiung,China,Kaohsiung,East Asia,Marine container terminal,Containers,COMP_COSCO_PORTS,COSCO SHIPPING Ports,COSCO SHIPPING Ports,Operating,,,,,,,,Operator/investment portfolio; exact equity varies by terminal,,https://ports.coscoshipping.com/en/Media/PhotoGallery/,High,,v1.16 operator-network expansion
TERM0352,Lianyungang New Oriental International Terminal,PORTG0223,Port of Lianyungang,China,Lianyungang,East Asia,Marine container terminal,Containers,COMP_COSCO_PORTS,COSCO SHIPPING Ports,COSCO SHIPPING Ports,Operating,,,,,,,,Operator/investment portfolio; exact equity varies by terminal,,https://ports.coscoshipping.com/en/Media/PhotoGallery/,High,,v1.16 operator-network expansion
TERM0353,Nansha Stevedoring Corporation Terminal,PORTG0278,Port of Guangzhou / Nansha,China,Guangzhou,East Asia,Marine container terminal,Containers,COMP_COSCO_PORTS,COSCO SHIPPING Ports,COSCO SHIPPING Ports,Operating,,,,,,,,Operator/investment portfolio; exact equity varies by terminal,,https://ports.coscoshipping.com/en/Media/PhotoGallery/,High,,v1.16 operator-network expansion
TERM0354,Nantong Tonghai Terminal,PORTG0279,Port of Nantong,China,Nantong,East Asia,Marine container terminal,Containers,COMP_COSCO_PORTS,COSCO SHIPPING Ports,COSCO SHIPPING Ports,Operating,,,,,,,,Operator/investment portfolio; exact equity varies by terminal,,https://ports.coscoshipping.com/en/Media/PhotoGallery/,High,,v1.16 operator-network expansion
TERM0355,Ningbo Yuan Dong Terminal,PORTG0150,Port of Ningbo-Zhoushan,China,Ningbo,East Asia,Marine container terminal,Containers,COMP_COSCO_PORTS,COSCO SHIPPING Ports,COSCO SHIPPING Ports,Operating,,,,,,,,Operator/investment portfolio; exact equity varies by terminal,,https://ports.coscoshipping.com/en/Media/PhotoGallery/,High,,v1.16 operator-network expansion
TERM0356,Qingdao Port Dongjiakou Ore Terminal,PORTG0280,Port of Qingdao,China,Qingdao,East Asia,Marine container terminal,Containers,COMP_COSCO_PORTS,COSCO SHIPPING Ports,COSCO SHIPPING Ports,Operating,,,,,,,,Operator/investment portfolio; exact equity varies by terminal,,https://ports.coscoshipping.com/en/Media/PhotoGallery/,High,,v1.16 operator-network expansion
TERM0357,Qingdao Port International Container Terminal,PORTG0280,Port of Qingdao,China,Qingdao,East Asia,Marine container terminal,Containers,COMP_COSCO_PORTS,COSCO SHIPPING Ports,COSCO SHIPPING Ports,Operating,,,,,,,,Operator/investment portfolio; exact equity varies by terminal,,https://ports.coscoshipping.com/en/Media/PhotoGallery/,High,,v1.16 operator-network expansion
TERM0358,Qinhuangdao Port New Harbour Terminal,PORTG0281,Port of Qinhuangdao,China,Qinhuangdao,East Asia,Marine container terminal,Containers,COMP_COSCO_PORTS,COSCO SHIPPING Ports,COSCO SHIPPING Ports,Operating,,,,,,,,Operator/investment portfolio; exact equity varies by terminal,,https://ports.coscoshipping.com/en/Media/PhotoGallery/,High,,v1.16 operator-network expansion
TERM0359,Qinzhou International Container Terminal,PORTG0219,Port of Qinzhou,China,Qinzhou,East Asia,Marine container terminal,Containers,COMP_COSCO_PORTS,COSCO SHIPPING Ports,COSCO SHIPPING Ports,Operating,,,,,,,,Operator/investment portfolio; exact equity varies by terminal,,https://ports.coscoshipping.com/en/Media/PhotoGallery/,High,,v1.16 operator-network expansion
TERM0360,Quanzhou Pacific Container Terminal,PORTG0282,Port of Quanzhou,China,Quanzhou,East Asia,Marine container terminal,Containers,COMP_COSCO_PORTS,COSCO SHIPPING Ports,COSCO SHIPPING Ports,Operating,,,,,,,,Operator/investment portfolio; exact equity varies by terminal,,https://ports.coscoshipping.com/en/Media/PhotoGallery/,High,,v1.16 operator-network expansion
TERM0361,Taicang International Container Terminal,PORTG0283,Port of Taicang,China,Taicang,East Asia,Marine container terminal,Containers,COMP_COSCO_PORTS,COSCO SHIPPING Ports,COSCO SHIPPING Ports,Operating,,,,,,,,Operator/investment portfolio; exact equity varies by terminal,,https://ports.coscoshipping.com/en/Media/PhotoGallery/,High,,v1.16 operator-network expansion
TERM0362,Tianjin Port Euroasia International Container Terminal,PORTG0165,Port of Tianjin,China,Tianjin,East Asia,Marine container terminal,Containers,COMP_COSCO_PORTS,COSCO SHIPPING Ports,COSCO SHIPPING Ports,Operating,,,,,,,,Operator/investment portfolio; exact equity varies by terminal,,https://ports.coscoshipping.com/en/Media/PhotoGallery/,High,,v1.16 operator-network expansion
TERM0363,Xiamen Ocean Gate Container Terminal,PORTG0166,Port of Xiamen,China,Xiamen,East Asia,Marine container terminal,Containers,COMP_COSCO_PORTS,COSCO SHIPPING Ports,COSCO SHIPPING Ports,Operating,,,,,,,,Operator/investment portfolio; exact equity varies by terminal,,https://ports.coscoshipping.com/en/Media/PhotoGallery/,High,,v1.16 operator-network expansion
TERM0364,Yantian International Container Terminals,PORTG0259,Yantian Port,China,Shenzhen,East Asia,Marine container terminal,Containers,COMP_COSCO_PORTS,COSCO SHIPPING Ports,COSCO SHIPPING Ports,Operating,,,,,,,,Operator/investment portfolio; exact equity varies by terminal,,https://ports.coscoshipping.com/en/Media/PhotoGallery/,High,,v1.16 operator-network expansion
TERM0365,Yingkou New Century Container Terminal,PORTG0284,Port of Yingkou,China,Yingkou,East Asia,Marine container terminal,Containers,COMP_COSCO_PORTS,COSCO SHIPPING Ports,COSCO SHIPPING Ports,Operating,,,,,,,,Operator/investment portfolio; exact equity varies by terminal,,https://ports.coscoshipping.com/en/Media/PhotoGallery/,High,,v1.16 operator-network expansion
TERM0366,Yingkou Container Terminal,PORTG0284,Port of Yingkou,China,Yingkou,East Asia,Marine container terminal,Containers,COMP_COSCO_PORTS,COSCO SHIPPING Ports,COSCO SHIPPING Ports,Operating,,,,,,,,Operator/investment portfolio; exact equity varies by terminal,,https://ports.coscoshipping.com/en/Media/PhotoGallery/,High,,v1.16 operator-network expansion
TERM0367,Busan Port Terminal,PORTG0225,Port of Busan,South Korea,Busan,East Asia,Marine container terminal,Containers,COMP_COSCO_PORTS,COSCO SHIPPING Ports,COSCO SHIPPING Ports,Operating,,,,,,,,Operator/investment portfolio; exact equity varies by terminal,,https://ports.coscoshipping.com/en/Media/PhotoGallery/,High,,v1.16 operator-network expansion
TERM0368,COSCO-PSA Terminal,PORTG0128,Port of Singapore,Singapore,Singapore,Southeast Asia,Marine container terminal,Containers,COMP_COSCO_PORTS,COSCO SHIPPING Ports,COSCO SHIPPING Ports,Operating,,,,,,,,Operator/investment portfolio; exact equity varies by terminal,,https://ports.coscoshipping.com/en/Media/PhotoGallery/,High,,v1.16 operator-network expansion
TERM0369,CSP Zeebrugge Terminals,PORTG0228,Port of Zeebrugge,Belgium,Zeebrugge,Northern Europe,Marine container terminal,Containers,COMP_COSCO_PORTS,COSCO SHIPPING Ports,COSCO SHIPPING Ports,Operating,,,,,,,,Operator/investment portfolio; exact equity varies by terminal,,https://ports.coscoshipping.com/en/Media/PhotoGallery/,High,,v1.16 operator-network expansion
TERM0370,Kumport Terminal,PORTG0285,Port of Ambarlı / Istanbul,Türkiye,Istanbul,Eastern Mediterranean,Marine container terminal,Containers,COMP_COSCO_PORTS,COSCO SHIPPING Ports,COSCO SHIPPING Ports,Operating,,,,,,,,Operator/investment portfolio; exact equity varies by terminal,,https://ports.coscoshipping.com/en/Media/PhotoGallery/; https://www.cmport.com.hk/,High,,v1.16 operator-network expansion
TERM0371,Piraeus Container Terminal,PORTG0286,Port of Piraeus,Greece,Piraeus,Global,Marine container terminal,Containers,COMP_COSCO_PORTS,COSCO SHIPPING Ports,COSCO SHIPPING Ports,Operating,,,,,,,,Operator/investment portfolio; exact equity varies by terminal,,https://ports.coscoshipping.com/en/Media/PhotoGallery/,High,,v1.16 operator-network expansion
TERM0372,SSA Terminals Seattle / COSCO interest,PORTG0138,Port of Seattle,United States,Seattle,North America,Marine container terminal,Containers,COMP_COSCO_PORTS,COSCO SHIPPING Ports,COSCO SHIPPING Ports,Operating,,,,,,,,Operator/investment portfolio; exact equity varies by terminal,,https://ports.coscoshipping.com/en/Media/PhotoGallery/,High,,v1.16 operator-network expansion
TERM0373,Suez Canal Container Terminal,PORTG0157,Port Said East Port,Egypt,Port Said,Eastern Mediterranean / Red Sea,Marine container terminal,Containers,COMP_COSCO_PORTS,COSCO SHIPPING Ports,COSCO SHIPPING Ports,Operating,,,,,,,,Operator/investment portfolio; exact equity varies by terminal,,https://ports.coscoshipping.com/en/Media/PhotoGallery/,High,,v1.16 operator-network expansion
TERM0374,Bauan International Port,PORTG0287,Port of Bauan,Philippines,Batangas,Southeast Asia,Marine container / multipurpose terminal,Containers / multipurpose,COMP_ICTSI,ICTSI,ICTSI,Operating,,,,,,,,,,https://www.ictsi.com/sitemap,High,,v1.16 operator-network expansion
TERM0375,Cavite Gateway Terminal,PORTG0288,Port of Tanza / Cavite,Philippines,Cavite,Southeast Asia,Marine container / multipurpose terminal,Containers / multipurpose,COMP_ICTSI,ICTSI,ICTSI,Operating,,,,,,,,,,https://www.ictsi.com/sitemap,High,,v1.16 operator-network expansion
TERM0376,Laguna Gateway Inland Container Terminal,PORTG0289,Laguna inland terminal,Philippines,Laguna,Southeast Asia,Inland terminal,Containers / multipurpose,COMP_ICTSI,ICTSI,ICTSI,Operating,,,,,,,,,,https://www.ictsi.com/sitemap,High,,v1.16 operator-network expansion
TERM0377,Manila International Container Terminal,PORTG0208,Port of Manila,Philippines,Manila,Southeast Asia,Marine container / multipurpose terminal,Containers / multipurpose,COMP_ICTSI,ICTSI,ICTSI,Operating,,,,,,,,,,https://www.ictsi.com/sitemap,High,,v1.16 operator-network expansion
TERM0378,Manila Multipurpose Terminal,PORTG0208,Port of Manila,Philippines,Manila,Southeast Asia,Marine container / multipurpose terminal,Containers / multipurpose,COMP_ICTSI,ICTSI,ICTSI,Operating,,,,,,,,,,https://www.ictsi.com/sitemap,High,,v1.16 operator-network expansion
TERM0379,Manila North Harbor,PORTG0208,Port of Manila,Philippines,Manila,Southeast Asia,Marine container / multipurpose terminal,Containers / multipurpose,COMP_ICTSI,ICTSI,ICTSI,Operating,,,,,,,,,,https://www.ictsi.com/sitemap,High,,v1.16 operator-network expansion
TERM0380,Mindanao Container Terminal,PORTG0290,PHIVIDEC Industrial Estate / Mindanao Container Terminal,Philippines,Misamis Oriental,Southeast Asia,Marine container / multipurpose terminal,Containers / multipurpose,COMP_ICTSI,ICTSI,ICTSI,Operating,,,,,,,,,,https://www.ictsi.com/sitemap,High,,v1.16 operator-network expansion
TERM0381,Subic Bay International Terminal,PORTG0291,Port of Subic,Philippines,Subic,Southeast Asia,Marine container / multipurpose terminal,Containers / multipurpose,COMP_ICTSI,ICTSI,ICTSI,Operating,,,,,,,,,,https://www.ictsi.com/sitemap,High,,v1.16 operator-network expansion
TERM0382,South Cotabato Integrated Port Services,PORTG0292,Makar Wharf / General Santos,Philippines,General Santos,Southeast Asia,Marine container / multipurpose terminal,Containers / multipurpose,COMP_ICTSI,ICTSI,ICTSI,Operating,,,,,,,,,,https://www.ictsi.com/sitemap,High,,v1.16 operator-network expansion
TERM0383,Visayas Container Terminal,PORTG0293,Port of Iloilo / Visayas,Philippines,Iloilo,Southeast Asia,Marine container / multipurpose terminal,Containers / multipurpose,COMP_ICTSI,ICTSI,ICTSI,Operating,,,,,,,,,,https://www.ictsi.com/sitemap,High,,v1.16 operator-network expansion
TERM0384,Batu Ampar Container Terminal,PORTG0294,Port of Batu Ampar,Indonesia,Batam,Southeast Asia,Marine container / multipurpose terminal,Containers / multipurpose,COMP_ICTSI,ICTSI,ICTSI,Operating,,,,,,,,,,https://www.ictsi.com/sitemap,High,,v1.16 operator-network expansion
TERM0385,East Java Multipurpose Terminal,PORTG0295,Port of Lamongan / East Java,Indonesia,Lamongan,Southeast Asia,Marine container / multipurpose terminal,Containers / multipurpose,COMP_ICTSI,ICTSI,ICTSI,Operating,,,,,,,,,,https://www.ictsi.com/sitemap,High,,v1.16 operator-network expansion
TERM0386,Motukea International Terminal,PORTG0296,Port Moresby / Motukea,Papua New Guinea,Port Moresby,Oceania,Marine container / multipurpose terminal,Containers / multipurpose,COMP_ICTSI,ICTSI,ICTSI,Operating,,,,,,,,,,https://www.ictsi.com/sitemap,High,,v1.16 operator-network expansion
TERM0387,South Pacific International Container Terminal,PORTG0297,Port of Lae,Papua New Guinea,Lae,Oceania,Marine container / multipurpose terminal,Containers / multipurpose,COMP_ICTSI,ICTSI,ICTSI,Operating,,,,,,,,,,https://www.ictsi.com/sitemap,High,,v1.16 operator-network expansion
TERM0388,Victoria International Container Terminal,PORTG0298,Port of Melbourne,Australia,Melbourne,Oceania,Marine container / multipurpose terminal,Containers / multipurpose,COMP_ICTSI,ICTSI,ICTSI,Operating,,,,,,,,,,https://www.ictsi.com/sitemap,High,,v1.16 operator-network expansion
TERM0389,Adriatic Gate Container Terminal,PORTG0171,Port of Rijeka,Croatia,Rijeka,Adriatic,Marine container / multipurpose terminal,Containers / multipurpose,COMP_ICTSI,ICTSI,ICTSI,Operating,,,,,,,,,,https://www.ictsi.com/sitemap,High,,v1.16 operator-network expansion
TERM0390,Durban Gateway Terminal / DCT Pier 2,PORTG0211,Port of Durban,South Africa,Durban,Global,Marine container / multipurpose terminal,Containers / multipurpose,COMP_ICTSI,ICTSI,ICTSI,Operating,,,,,,,,,,https://www.ictsi.com/sitemap,High,,v1.16 operator-network expansion
TERM0391,Baltic Container Terminal,PORTG0238,Port of Gdynia,Poland,Gdynia,Northern Europe,Marine container / multipurpose terminal,Containers / multipurpose,COMP_ICTSI,ICTSI,ICTSI,Operating,,,,,,,,,,https://www.ictsi.com/sitemap,High,,v1.16 operator-network expansion
TERM0392,Basra Gateway Terminal,PORTG0127,Port of Umm Qasr,Iraq,Umm Qasr,Middle East,Marine container / multipurpose terminal,Containers / multipurpose,COMP_ICTSI,ICTSI,ICTSI,Operating,,,,,,,,,,https://www.ictsi.com/sitemap,High,,v1.16 operator-network expansion
TERM0393,Batumi International Container Terminal,PORTG0299,Port of Batumi,Georgia,Batumi,Black Sea / Caucasus,Marine container / multipurpose terminal,Containers / multipurpose,COMP_ICTSI,ICTSI,ICTSI,Operating,,,,,,,,,,https://www.ictsi.com/sitemap,High,,v1.16 operator-network expansion
TERM0394,Matadi Gateway Terminal / ICTSI D.R. Congo,PORTG0300,Port of Matadi,DR Congo,Matadi,Central Africa,Marine container / multipurpose terminal,Containers / multipurpose,COMP_ICTSI,ICTSI,ICTSI,Operating,,,,,,,,,,https://www.ictsi.com/sitemap,High,,v1.16 operator-network expansion
TERM0395,Kribi Multipurpose Terminal,PORTG0116,Port of Kribi,Cameroon,Kribi,West/Central Africa,Marine container / multipurpose terminal,Containers / multipurpose,COMP_ICTSI,ICTSI,ICTSI,Operating,,,,,,,,,,https://www.ictsi.com/sitemap,High,,v1.16 operator-network expansion
TERM0396,Madagascar International Container Terminal,PORTG0301,Port of Toamasina,Madagascar,Toamasina,Indian Ocean / Africa,Marine container / multipurpose terminal,Containers / multipurpose,COMP_ICTSI,ICTSI,ICTSI,Operating,,,,,,,,,,https://www.ictsi.com/sitemap,High,,v1.16 operator-network expansion
TERM0397,Onne Multipurpose Terminal,PORTG0161,Onne Port,Nigeria,Onne,West Africa,Marine container / multipurpose terminal,Containers / multipurpose,COMP_ICTSI,ICTSI,ICTSI,Operating,,,,,,,,,,https://www.ictsi.com/sitemap,High,,v1.16 operator-network expansion
TERM0398,Contecon Guayaquil,PORTG0302,Port of Guayaquil,Ecuador,Guayaquil,South America Pacific,Marine container / multipurpose terminal,Containers / multipurpose,COMP_ICTSI,ICTSI,ICTSI,Operating,,,,,,,,,,https://www.ictsi.com/sitemap,High,,v1.16 operator-network expansion
TERM0399,Contecon Manzanillo,PORTG0271,Port of Manzanillo,Mexico,Manzanillo,North America / Pacific-Atlantic,Marine container / multipurpose terminal,Containers / multipurpose,COMP_ICTSI,ICTSI,ICTSI,Operating,,,,,,,,,,https://www.ictsi.com/sitemap,High,,v1.16 operator-network expansion
TERM0400,CLIA Pouso Alegre,PORTG0303,Pouso Alegre inland logistics terminal,Brazil,Pouso Alegre,South America Atlantic,Inland terminal,Containers / multipurpose,COMP_ICTSI,ICTSI,ICTSI,Operating,,,,,,,,,,https://www.ictsi.com/sitemap,High,,v1.16 operator-network expansion
TERM0401,Rio Brasil Terminal,PORTG0304,Port of Rio de Janeiro,Brazil,Rio de Janeiro,South America Atlantic,Marine container / multipurpose terminal,Containers / multipurpose,COMP_ICTSI,ICTSI,ICTSI,Operating,,,,,,,,,,https://www.ictsi.com/sitemap,High,,v1.16 operator-network expansion
TERM0402,Operadora Portuaria Centroamericana,PORTG0305,Puerto Cortés,Honduras,Puerto Cortés,Central America,Marine container / multipurpose terminal,Containers / multipurpose,COMP_ICTSI,ICTSI,ICTSI,Operating,,,,,,,,,,https://www.ictsi.com/sitemap,High,,v1.16 operator-network expansion
TERM0403,Sociedad Puerto Industrial de Aguadulce,PORTG0182,Port of Buenaventura,Colombia,Buenaventura,South America Pacific,Marine container / multipurpose terminal,Containers / multipurpose,COMP_ICTSI,ICTSI,ICTSI,Operating,,,,,,,,,,https://www.ictsi.com/sitemap,High,,v1.16 operator-network expansion
TERM0404,Tecon Suape,PORTG0152,Port of Suape,Brazil,Pernambuco,South America Atlantic,Marine container / multipurpose terminal,Containers / multipurpose,COMP_ICTSI,ICTSI,ICTSI,Operating,,,,,,,,,,https://www.ictsi.com/sitemap,High,,v1.16 operator-network expansion
TERM0405,TecPlata,PORTG0306,Port of La Plata,Argentina,La Plata,South America Atlantic,Marine container / multipurpose terminal,Containers / multipurpose,COMP_ICTSI,ICTSI,ICTSI,Operating,,,,,,,,,,https://www.ictsi.com/sitemap,High,,v1.16 operator-network expansion
TERM0406,Aratu ATU12 Dry Bulk Terminal,PORTG0307,Port of Aratu,Brazil,Bahia,South America Atlantic,Dry bulk terminal,Dry bulk,COMP_ICTSI,ICTSI,ICTSI,Operating,,,,,,,,,,https://investors.ictsi.com/company-disclosures/sec-filings?page=0,High,,v1.16 operator-network expansion
TERM0407,Aratu ATU18 Dry Bulk Terminal,PORTG0307,Port of Aratu,Brazil,Bahia,South America Atlantic,Dry bulk terminal,Dry bulk,COMP_ICTSI,ICTSI,ICTSI,Operating,,,,,,,,,,https://investors.ictsi.com/company-disclosures/sec-filings?page=0,High,,v1.16 operator-network expansion
TERM0408,Shekou Container Terminal (SCT),PORTG0308,Western Shenzhen Port / Shekou,China,Shenzhen,East Asia,Marine container terminal,Containers,COMP_CM_PORT,China Merchants Port,China Merchants Port,Operating,,1591000,3883,,9,Integrated Western Shenzhen port network,,Controlled / major portfolio interest; exact equity varies,,https://www.cmport.com.hk/,High,,v1.16 operator-network expansion
TERM0409,Chiwan Container Terminal (CCT),PORTG0309,Western Shenzhen Port / Chiwan,China,Shenzhen,East Asia,Marine container terminal,Containers,COMP_CM_PORT,China Merchants Port,China Merchants Port,Operating,,,,,,,,Controlled / major portfolio interest; exact equity varies,,https://www.cmport.com.hk/,High,,v1.16 operator-network expansion
TERM0410,Mawan Smart Port / MCT,PORTG0310,Western Shenzhen Port / Mawan,China,Shenzhen,East Asia,Marine container terminal,Containers,COMP_CM_PORT,China Merchants Port,China Merchants Port,Operating,,,,,,,,Controlled / major portfolio interest; exact equity varies,,https://www.cmport.com.hk/,High,,v1.16 operator-network expansion
TERM0411,Colombo International Container Terminals (CICT),PORTG0170,Port of Colombo,Sri Lanka,Colombo,Indian Ocean / South Asia,Marine container terminal,Containers,COMP_CM_PORT,China Merchants Port,China Merchants Port,Operating,,,,,,,,Controlled / major portfolio interest; exact equity varies,,https://www.cmport.com.hk/,High,,v1.16 operator-network expansion
TERM0412,Hambantota International Port,PORTG0311,Port of Hambantota,Sri Lanka,Hambantota,Indian Ocean / South Asia,Marine container terminal,Containers,COMP_CM_PORT,China Merchants Port,China Merchants Port,Operating,,,,,,,,Controlled / major portfolio interest; exact equity varies,,https://www.cmport.com.hk/,High,,v1.16 operator-network expansion
TERM0413,Doraleh Multipurpose Port / Djibouti portfolio,PORTG0312,Port of Djibouti,Djibouti,Djibouti,Red Sea / Horn of Africa,Marine container terminal,Containers,COMP_CM_PORT,China Merchants Port,China Merchants Port,Operating,,,,,,,,Controlled / major portfolio interest; exact equity varies,,https://www.cmport.com.hk/,High,,v1.16 operator-network expansion
TERM0414,TCP Paranaguá Container Terminal,PORTG0313,Port of Paranaguá,Brazil,Paranaguá,South America Atlantic,Marine container terminal,Containers,COMP_CM_PORT,China Merchants Port,China Merchants Port,Operating,,,,,,,,Controlled / major portfolio interest; exact equity varies,,https://www.cmport.com.hk/,High,,v1.16 operator-network expansion
TERM0415,Tin Can Island Container Terminal,PORTG0314,Port of Lagos / Tin Can Island,Nigeria,Lagos,West Africa,Marine container terminal,Containers,COMP_CM_PORT,China Merchants Port,China Merchants Port,Operating,,,,,,,,Controlled / major portfolio interest; exact equity varies,,https://www.cmport.com.hk/,High,,v1.16 operator-network expansion
TERM0416,Khorfakkan Commercial Terminal,PORTG0315,Port of Khorfakkan,United Arab Emirates,Khorfakkan,Middle East,Marine container / multipurpose terminal,Containers / general cargo / logistics,COMP_GULFTAINER,Gulftainer,Gulftainer,Operating,,,,,,,,,,https://www.gulftainer.com/solutions/ports-terminals/,High,,v1.16 operator-network expansion
TERM0417,Sharjah Container Terminal,PORTG0316,Port Khalid / Sharjah,United Arab Emirates,Sharjah,Middle East,Marine container terminal,Containers / general cargo / logistics,COMP_GULFTAINER,Gulftainer,Gulftainer,Operating,,,,,,,,,,https://www.gulftainer.com/solutions/ports-terminals/,High,,v1.16 operator-network expansion
TERM0418,Sajaa Dry Port,PORTG0317,Sajaa Dry Port,United Arab Emirates,Sharjah,Middle East,Dry port / inland container depot,Containers / general cargo / logistics,COMP_GULFTAINER,Gulftainer,Gulftainer,Operating,,,,,,,,,,https://www.gulftainer.com/solutions/ports-terminals/,High,,v1.16 operator-network expansion
TERM0419,Jubail Commercial Port,PORTG0318,Jubail Commercial Port,Saudi Arabia,Jubail,Middle East,Marine commercial terminal,Containers / general cargo / logistics,COMP_GULFTAINER,Gulftainer,Gulftainer,Operating,,,,,,,,,,https://www.gulftainer.com/solutions/ports-terminals/,High,,v1.16 operator-network expansion
TERM0420,Iraq Container Terminal,PORTG0319,Umm Qasr Port,Iraq,Umm Qasr,Middle East,Marine container terminal,Containers / general cargo / logistics,COMP_GULFTAINER,Gulftainer,Gulftainer,Operating,,,,,,,,,,https://www.gulftainer.com/solutions/ports-terminals/,High,,v1.16 operator-network expansion
TERM0421,Umm Qasr Logistics Centre,PORTG0320,Umm Qasr Port logistics zone,Iraq,Umm Qasr,Middle East,Port logistics centre,Containers / general cargo / logistics,COMP_GULFTAINER,Gulftainer,Gulftainer,Operating,,,,,,,,,,https://www.gulftainer.com/solutions/ports-terminals/,High,,v1.16 operator-network expansion
TERM0422,Canaveral Cargo Terminal,PORTG0321,Port Canaveral,United States,Cape Canaveral,North America,Marine cargo terminal,Containers / general cargo / logistics,COMP_GULFTAINER,Gulftainer,Gulftainer,Operating,,,,,,,,,,https://www.gulftainer.com/solutions/ports-terminals/,High,,v1.16 operator-network expansion
TERM0423,Alamo Terminals – Limón,PORTG0322,Port of Limón,Costa Rica,Limón,Central America,Marine terminal / stevedoring operation,Containers / conventional / cruise as applicable,COMP_SSA_MARINE,SSA Marine,SSA Marine,Operating,,,,,,,,,,https://www.ssamarine.com/,High,,v1.16 operator-network expansion
TERM0424,Alamo Terminals – Caldera,PORTG0323,Port of Caldera,Costa Rica,Caldera,Central America,Marine terminal / stevedoring operation,Containers / conventional / cruise as applicable,COMP_SSA_MARINE,SSA Marine,SSA Marine,Operating,,,,,,,,,,https://www.ssamarine.com/,High,,v1.16 operator-network expansion
TERM0425,Atlantic Terminal,PORTG0324,Port of Baltimore,United States,Baltimore,North America,Marine terminal / stevedoring operation,Containers / conventional / cruise as applicable,COMP_SSA_MARINE,SSA Marine,SSA Marine,Operating,,,,,,,,,,https://www.ssamarine.com/,High,,v1.16 operator-network expansion
TERM0426,Barbours Cut Terminal,PORTG0130,Port Houston,United States,Houston,North America,Marine terminal / stevedoring operation,Containers / conventional / cruise as applicable,COMP_SSA_MARINE,SSA Marine,SSA Marine,Operating,,,,,,,,,,https://www.ssamarine.com/,High,,v1.16 operator-network expansion
TERM0427,Bayport Terminal,PORTG0130,Port Houston,United States,Houston,North America,Marine terminal / stevedoring operation,Containers / conventional / cruise as applicable,COMP_SSA_MARINE,SSA Marine,SSA Marine,Operating,,1270713,,,5,,,SSA Marine operates through Texas Stevedoring Services and Houston Terminal JVs,,https://www.ssamarine.com/,High,,v1.16 operator-network expansion
TERM0428,BC Vehicle Processing Centre,PORTG0325,Port of Nanaimo,Canada,Nanaimo,North America,Marine terminal / stevedoring operation,Containers / conventional / cruise as applicable,COMP_SSA_MARINE,SSA Marine,SSA Marine,Operating,,,,,,,,,,https://www.ssamarine.com/,High,,v1.16 operator-network expansion
TERM0429,Berth 83,PORTG0132,Port of Long Beach,United States,Long Beach,North America,Marine terminal / stevedoring operation,Containers / conventional / cruise as applicable,COMP_SSA_MARINE,SSA Marine,SSA Marine,Operating,,,,,,,,,,https://www.ssamarine.com/,High,,v1.16 operator-network expansion
TERM0430,Blount Island Terminal,PORTG0326,Port of Jacksonville,United States,Jacksonville,North America,Marine terminal / stevedoring operation,Containers / conventional / cruise as applicable,COMP_SSA_MARINE,SSA Marine,SSA Marine,Operating,,,,,,,,,,https://www.ssamarine.com/,High,,v1.16 operator-network expansion
TERM0431,B Street Pier,PORTG0327,Port of San Diego,United States,San Diego,North America,Marine terminal / stevedoring operation,Containers / conventional / cruise as applicable,COMP_SSA_MARINE,SSA Marine,SSA Marine,Operating,,,,,,,,,,https://www.ssamarine.com/,High,,v1.16 operator-network expansion
TERM0432,Bulk Terminal 5,PORTG0328,Port of Portland,United States,Portland,North America,Marine terminal / stevedoring operation,Containers / conventional / cruise as applicable,COMP_SSA_MARINE,SSA Marine,SSA Marine,Operating,,,,,,,,,,https://www.ssamarine.com/,High,,v1.16 operator-network expansion
TERM0433,Cai Lan International Container Terminal,PORTG0329,Port of Cai Lan,Vietnam,Ha Long,Southeast Asia,Marine terminal / stevedoring operation,Containers / conventional / cruise as applicable,COMP_SSA_MARINE,SSA Marine,SSA Marine,Operating,,,,,,,,,,https://www.ssamarine.com/,High,,v1.16 operator-network expansion
TERM0434,Canada Place Cruise Terminal,PORTG0330,Port of Vancouver,Canada,Vancouver,North America,Marine terminal / stevedoring operation,Containers / conventional / cruise as applicable,COMP_SSA_MARINE,SSA Marine,SSA Marine,Operating,,,,,,,,,,https://www.ssamarine.com/,High,,v1.16 operator-network expansion
TERM0435,Cape Liberty Cruise Port,PORTG0099,Port of New York / New Jersey,United States,Bayonne,North America,Marine terminal / stevedoring operation,Containers / conventional / cruise as applicable,COMP_SSA_MARINE,SSA Marine,SSA Marine,Operating,,,,,,,,,,https://www.ssamarine.com/,High,,v1.16 operator-network expansion
TERM0436,Chesapeake Terminal,PORTG0324,Port of Baltimore,United States,Baltimore,North America,Marine terminal / stevedoring operation,Containers / conventional / cruise as applicable,COMP_SSA_MARINE,SSA Marine,SSA Marine,Operating,,,,,,,,,,https://www.ssamarine.com/,High,,v1.16 operator-network expansion
TERM0437,Colonel’s Island Terminal,PORTG0331,Port of Brunswick,United States,Brunswick,North America,Marine terminal / stevedoring operation,Containers / conventional / cruise as applicable,COMP_SSA_MARINE,SSA Marine,SSA Marine,Operating,,,,,,,,,,https://www.ssamarine.com/,High,,v1.16 operator-network expansion
TERM0438,Columbus Street Terminal,PORTG0332,Port of Charleston,United States,Charleston,North America,Marine terminal / stevedoring operation,Containers / conventional / cruise as applicable,COMP_SSA_MARINE,SSA Marine,SSA Marine,Operating,,,,,,,,,,https://www.ssamarine.com/,High,,v1.16 operator-network expansion
TERM0439,Conventional Cargo Terminals,PORTG0333,Port of Tacoma,United States,Tacoma,North America,Marine terminal / stevedoring operation,Containers / conventional / cruise as applicable,COMP_SSA_MARINE,SSA Marine,SSA Marine,Operating,,,,,,,,,,https://www.ssamarine.com/,High,,v1.16 operator-network expansion
TERM0440,Dundalk Terminal,PORTG0324,Port of Baltimore,United States,Baltimore,North America,Marine terminal / stevedoring operation,Containers / conventional / cruise as applicable,COMP_SSA_MARINE,SSA Marine,SSA Marine,Operating,,,,,,,,,,https://www.ssamarine.com/,High,,v1.16 operator-network expansion
TERM0441,Ed Austin Terminal / Dames Point,PORTG0326,Port of Jacksonville,United States,Jacksonville,North America,Marine terminal / stevedoring operation,Containers / conventional / cruise as applicable,COMP_SSA_MARINE,SSA Marine,SSA Marine,Operating,,,,,,,,,,https://www.ssamarine.com/,High,,v1.16 operator-network expansion
TERM0442,Erato St. Terminal,PORTG0137,Port of New Orleans,United States,New Orleans,North America,Marine terminal / stevedoring operation,Containers / conventional / cruise as applicable,COMP_SSA_MARINE,SSA Marine,SSA Marine,Operating,,,,,,,,,,https://www.ssamarine.com/,High,,v1.16 operator-network expansion
TERM0443,Garden City Terminal,PORTG0334,Port of Savannah,United States,Savannah,North America,Marine terminal / stevedoring operation,Containers / conventional / cruise as applicable,COMP_SSA_MARINE,SSA Marine,SSA Marine,Operating,,,,,,,,,,https://www.ssamarine.com/,High,,v1.16 operator-network expansion
TERM0444,Half Moon Cruise Terminal,PORTG0335,Port of Norfolk / Virginia,United States,Norfolk,North America,Marine terminal / stevedoring operation,Containers / conventional / cruise as applicable,COMP_SSA_MARINE,SSA Marine,SSA Marine,Operating,,,,,,,,,,https://www.ssamarine.com/,High,,v1.16 operator-network expansion
TERM0445,Jacksonville Container Terminal,PORTG0326,Port of Jacksonville,United States,Jacksonville,North America,Marine terminal / stevedoring operation,Containers / conventional / cruise as applicable,COMP_SSA_MARINE,SSA Marine,SSA Marine,Operating,,,,,,,,,,https://www.ssamarine.com/?6fdf7a44_page=2,High,,v1.16 operator-network expansion
TERM0446,Julia St. Terminal,PORTG0137,Port of New Orleans,United States,New Orleans,North America,Marine terminal / stevedoring operation,Containers / conventional / cruise as applicable,COMP_SSA_MARINE,SSA Marine,SSA Marine,Operating,,,,,,,,,,https://www.ssamarine.com/?6fdf7a44_page=2,High,,v1.16 operator-network expansion
TERM0447,Lynnterm Terminal,PORTG0330,Port of Vancouver,Canada,North Vancouver,North America,Marine terminal / stevedoring operation,Containers / conventional / cruise as applicable,COMP_SSA_MARINE,SSA Marine,SSA Marine,Operating,,,,,,,,,,https://www.ssamarine.com/?6fdf7a44_page=2,High,,v1.16 operator-network expansion
TERM0448,Maisonneuve and Viau Terminals,PORTG0336,Port of Montreal,Canada,Montreal,North America,Marine terminal / stevedoring operation,Containers / conventional / cruise as applicable,COMP_SSA_MARINE,SSA Marine,SSA Marine,Operating,,,,,,,,,,https://www.ssamarine.com/?6fdf7a44_page=2,High,,v1.16 operator-network expansion
TERM0449,Manzanillo International Terminal,PORTG0337,Port of Manzanillo / Colón,Panama,Colón,Central America / Caribbean,Marine terminal / stevedoring operation,Containers / conventional / cruise as applicable,COMP_SSA_MARINE,SSA Marine,SSA Marine,Operating,,,,,,,,,,https://www.ssamarine.com/?6fdf7a44_page=2,High,,v1.16 operator-network expansion
TERM0450,Manzanillo Multipurpose Port Facility,PORTG0271,Port of Manzanillo,Mexico,Manzanillo,North America / Pacific-Atlantic,Marine terminal / stevedoring operation,Containers / conventional / cruise as applicable,COMP_SSA_MARINE,SSA Marine,SSA Marine,Operating,,,,,,,,,,https://www.ssamarine.com/?6fdf7a44_page=2,High,,v1.16 operator-network expansion
TERM0451,Manzanillo Multipurpose Terminal,PORTG0271,Port of Manzanillo,Mexico,Manzanillo,North America / Pacific-Atlantic,Marine terminal / stevedoring operation,Containers / conventional / cruise as applicable,COMP_SSA_MARINE,SSA Marine,SSA Marine,Operating,,,,,,,,,,https://www.ssamarine.com/?6fdf7a44_page=2,High,,v1.16 operator-network expansion
TERM0452,Manzanillo Specialized Container Terminal TEC I,PORTG0271,Port of Manzanillo,Mexico,Manzanillo,North America / Pacific-Atlantic,Marine terminal / stevedoring operation,Containers / conventional / cruise as applicable,COMP_SSA_MARINE,SSA Marine,SSA Marine,Operating,,,,,,,,,,https://www.ssamarine.com/?6fdf7a44_page=2,High,,v1.16 operator-network expansion
TERM0453,Mayor’s Point Terminal,PORTG0331,Port of Brunswick,United States,Brunswick,North America,Marine terminal / stevedoring operation,Containers / conventional / cruise as applicable,COMP_SSA_MARINE,SSA Marine,SSA Marine,Operating,,,,,,,,,,https://www.ssamarine.com/?6fdf7a44_page=2,High,,v1.16 operator-network expansion
TERM0454,MPA Cruise Terminal,PORTG0324,Port of Baltimore,United States,Baltimore,North America,Marine terminal / stevedoring operation,Containers / conventional / cruise as applicable,COMP_SSA_MARINE,SSA Marine,SSA Marine,Operating,,,,,,,,,,https://www.ssamarine.com/?6fdf7a44_page=2,High,,v1.16 operator-network expansion
TERM0455,New Orleans Terminal / Napoleon Avenue,PORTG0137,Port of New Orleans,United States,New Orleans,North America,Marine terminal / stevedoring operation,Containers / conventional / cruise as applicable,COMP_SSA_MARINE,SSA Marine,SSA Marine,Operating,,,,,,,,,,https://www.ssamarine.com/?6fdf7a44_page=2,High,,v1.16 operator-network expansion
TERM0456,NIT Terminal,PORTG0338,Port of Virginia,United States,Norfolk,North America,Marine terminal / stevedoring operation,Containers / conventional / cruise as applicable,COMP_SSA_MARINE,SSA Marine,SSA Marine,Operating,,,,,,,,,,https://www.ssamarine.com/?6fdf7a44_page=2,High,,v1.16 operator-network expansion
TERM0457,NNMT Terminal,PORTG0338,Port of Virginia,United States,Norfolk,North America,Marine terminal / stevedoring operation,Containers / conventional / cruise as applicable,COMP_SSA_MARINE,SSA Marine,SSA Marine,Operating,,,,,,,,,,https://www.ssamarine.com/?6fdf7a44_page=2,High,,v1.16 operator-network expansion
TERM0458,North Port Marine Terminal,PORTG0339,Port of Kalama,United States,Kalama,North America,Marine terminal / stevedoring operation,Containers / conventional / cruise as applicable,COMP_SSA_MARINE,SSA Marine,SSA Marine,Operating,,,,,,,,,,https://www.ssamarine.com/?6fdf7a44_page=2,High,,v1.16 operator-network expansion
TERM0459,Oakland International Container Terminal,PORTG0192,Port of Oakland,United States,Oakland,North America,Marine terminal / stevedoring operation,Containers / conventional / cruise as applicable,COMP_SSA_MARINE,SSA Marine,SSA Marine,Operating,,,,,,,,,,https://www.ssamarine.com/?6fdf7a44_page=2,High,,v1.16 operator-network expansion
TERM0460,Ocean Terminal,PORTG0334,Port of Savannah,United States,Savannah,North America,Marine terminal / stevedoring operation,Containers / conventional / cruise as applicable,COMP_SSA_MARINE,SSA Marine,SSA Marine,Operating,,,,,,,,,,https://www.ssamarine.com/?6fdf7a44_page=2,High,,v1.16 operator-network expansion
TERM0461,Outer Harbor Berth 54/55,PORTG0098,Port of Los Angeles,United States,Los Angeles,North America,Marine terminal / stevedoring operation,Containers / conventional / cruise as applicable,COMP_SSA_MARINE,SSA Marine,SSA Marine,Operating,,,,,,,,,,https://www.ssamarine.com/?6fdf7a44_page=2,High,,v1.16 operator-network expansion
TERM0462,Pacific Container Terminal,PORTG0132,Port of Long Beach,United States,Long Beach,North America,Marine terminal / stevedoring operation,Containers / conventional / cruise as applicable,COMP_SSA_MARINE,SSA Marine,SSA Marine,Operating,,,,,,,,,,https://www.ssamarine.com/?6fdf7a44_page=2,High,,v1.16 operator-network expansion
TERM0463,Pacific Terminal,PORTG0340,Port of Everett,United States,Everett,North America,Marine terminal / stevedoring operation,Containers / conventional / cruise as applicable,COMP_SSA_MARINE,SSA Marine,SSA Marine,Operating,,,,,,,,,,https://www.ssamarine.com/?6fdf7a44_page=2,High,,v1.16 operator-network expansion
TERM0464,Pier A,PORTG0132,Port of Long Beach,United States,Long Beach,North America,Marine terminal / stevedoring operation,Containers / conventional / cruise as applicable,COMP_SSA_MARINE,SSA Marine,SSA Marine,Operating,,,,,,,,,,https://www.ssamarine.com/?6fdf7a44_page=2,High,,v1.16 operator-network expansion
TERM0465,Pier F Berth 206,PORTG0132,Port of Long Beach,United States,Long Beach,North America,Marine terminal / stevedoring operation,Containers / conventional / cruise as applicable,COMP_SSA_MARINE,SSA Marine,SSA Marine,Operating,,,,,,,,,,https://www.ssamarine.com/?6fdf7a44_page=2,High,,v1.16 operator-network expansion
TERM0466,Port Canaveral Cruise/Cargo Operations,PORTG0321,Port Canaveral,United States,Cape Canaveral,North America,Marine terminal / stevedoring operation,Containers / conventional / cruise as applicable,COMP_SSA_MARINE,SSA Marine,SSA Marine,Operating,,,,,,,,,,https://www.ssamarine.com/?6fdf7a44_page=2,High,,v1.16 operator-network expansion
TERM0467,Port of Astoria Operations,PORTG0341,Port of Astoria,United States,Astoria,North America,Marine terminal / stevedoring operation,Containers / conventional / cruise as applicable,COMP_SSA_MARINE,SSA Marine,SSA Marine,Operating,,,,,,,,,,https://www.ssamarine.com/?6fdf7a44_page=3,High,,v1.16 operator-network expansion
TERM0468,Port of Beaumont Operations,PORTG0342,Port of Beaumont,United States,Beaumont,North America,Marine terminal / stevedoring operation,Containers / conventional / cruise as applicable,COMP_SSA_MARINE,SSA Marine,SSA Marine,Operating,,,,,,,,,,https://www.ssamarine.com/?6fdf7a44_page=3,High,,v1.16 operator-network expansion
TERM0469,Port of Benicia Operations,PORTG0343,Port of Benicia,United States,Benicia,North America,Marine terminal / stevedoring operation,Containers / conventional / cruise as applicable,COMP_SSA_MARINE,SSA Marine,SSA Marine,Operating,,,,,,,,,,https://www.ssamarine.com/?6fdf7a44_page=3,High,,v1.16 operator-network expansion
TERM0470,Port of Coos Bay Operations,PORTG0344,Port of Coos Bay,United States,Coos Bay,North America,Marine terminal / stevedoring operation,Containers / conventional / cruise as applicable,COMP_SSA_MARINE,SSA Marine,SSA Marine,Operating,,,,,,,,,,https://www.ssamarine.com/?6fdf7a44_page=3,High,,v1.16 operator-network expansion
TERM0471,Port of Duluth-Superior Operations,PORTG0345,Port of Duluth-Superior,United States,Duluth,North America,Marine terminal / stevedoring operation,Containers / conventional / cruise as applicable,COMP_SSA_MARINE,SSA Marine,SSA Marine,Operating,,,,,,,,,,https://www.ssamarine.com/?6fdf7a44_page=3,High,,v1.16 operator-network expansion
TERM0472,Port of Galveston Cruise Operations,PORTG0346,Port of Galveston,United States,Galveston,North America,Marine terminal / stevedoring operation,Containers / conventional / cruise as applicable,COMP_SSA_MARINE,SSA Marine,SSA Marine,Operating,,,,,,,,,,https://www.ssamarine.com/?6fdf7a44_page=3,High,,v1.16 operator-network expansion
TERM0473,Port of Grays Harbor Operations,PORTG0347,Port of Grays Harbor,United States,Aberdeen,North America,Marine terminal / stevedoring operation,Containers / conventional / cruise as applicable,COMP_SSA_MARINE,SSA Marine,SSA Marine,Operating,,,,,,,,,,https://www.ssamarine.com/?6fdf7a44_page=3,High,,v1.16 operator-network expansion
TERM0474,Port of Gulfport Operations,PORTG0348,Port of Gulfport,United States,Gulfport,North America,Marine terminal / stevedoring operation,Containers / conventional / cruise as applicable,COMP_SSA_MARINE,SSA Marine,SSA Marine,Operating,,,,,,,,,,https://www.ssamarine.com/?6fdf7a44_page=3,High,,v1.16 operator-network expansion
TERM0475,Port of Hueneme Operations,PORTG0349,Port of Hueneme,United States,Port Hueneme,North America,Marine terminal / stevedoring operation,Containers / conventional / cruise as applicable,COMP_SSA_MARINE,SSA Marine,SSA Marine,Operating,,,,,,,,,,https://www.ssamarine.com/?6fdf7a44_page=3,High,,v1.16 operator-network expansion
TERM0476,Port of Lázaro Cárdenas Operations,PORTG0151,Port of Lázaro Cárdenas,Mexico,Lázaro Cárdenas,North America / Pacific-Atlantic,Marine terminal / stevedoring operation,Containers / conventional / cruise as applicable,COMP_SSA_MARINE,SSA Marine,SSA Marine,Operating,,,,,,,,,,https://www.ssamarine.com/?6fdf7a44_page=3,High,,v1.16 operator-network expansion
TERM0477,Port of Miami Cruise Operations,PORTG0129,PortMiami,United States,Miami,North America,Marine terminal / stevedoring operation,Containers / conventional / cruise as applicable,COMP_SSA_MARINE,SSA Marine,SSA Marine,Operating,,,,,,,,,,https://www.ssamarine.com/?6fdf7a44_page=3,High,,v1.16 operator-network expansion
TERM0478,Port of Mobile Operations,PORTG0186,Port of Mobile,United States,Mobile,North America,Marine terminal / stevedoring operation,Containers / conventional / cruise as applicable,COMP_SSA_MARINE,SSA Marine,SSA Marine,Operating,,,,,,,,,,https://www.ssamarine.com/?6fdf7a44_page=3,High,,v1.16 operator-network expansion
TERM0479,Port of Morehead City Operations,PORTG0350,Port of Morehead City,United States,Morehead City,North America,Marine terminal / stevedoring operation,Containers / conventional / cruise as applicable,COMP_SSA_MARINE,SSA Marine,SSA Marine,Operating,,,,,,,,,,https://www.ssamarine.com/?6fdf7a44_page=3,High,,v1.16 operator-network expansion
TERM0480,Port of Olympia Operations,PORTG0351,Port of Olympia,United States,Olympia,North America,Marine terminal / stevedoring operation,Containers / conventional / cruise as applicable,COMP_SSA_MARINE,SSA Marine,SSA Marine,Operating,,,,,,,,,,https://www.ssamarine.com/?6fdf7a44_page=3,High,,v1.16 operator-network expansion
TERM0481,Port of Panama City Operations,PORTG0352,Port of Panama City Florida,United States,Panama City,North America,Marine terminal / stevedoring operation,Containers / conventional / cruise as applicable,COMP_SSA_MARINE,SSA Marine,SSA Marine,Operating,,,,,,,,,,https://www.ssamarine.com/?6fdf7a44_page=3,High,,v1.16 operator-network expansion
TERM0482,Port of Pascagoula Operations,PORTG0353,Port of Pascagoula,United States,Pascagoula,North America,Marine terminal / stevedoring operation,Containers / conventional / cruise as applicable,COMP_SSA_MARINE,SSA Marine,SSA Marine,Operating,,,,,,,,,,https://www.ssamarine.com/?6fdf7a44_page=3,High,,v1.16 operator-network expansion
TERM0483,Port of Port Angeles Operations,PORTG0354,Port of Port Angeles,United States,Port Angeles,North America,Marine terminal / stevedoring operation,Containers / conventional / cruise as applicable,COMP_SSA_MARINE,SSA Marine,SSA Marine,Operating,,,,,,,,,,https://www.ssamarine.com/?6fdf7a44_page=3,High,,v1.16 operator-network expansion
TERM0484,Port of Port Arthur Operations,PORTG0355,Port of Port Arthur,United States,Port Arthur,North America,Marine terminal / stevedoring operation,Containers / conventional / cruise as applicable,COMP_SSA_MARINE,SSA Marine,SSA Marine,Operating,,,,,,,,,,https://www.ssamarine.com/?6fdf7a44_page=3,High,,v1.16 operator-network expansion
TERM0485,Port of Progreso Cruise Operations,PORTG0185,Port of Progreso,Mexico,Progreso,North America / Pacific-Atlantic,Marine terminal / stevedoring operation,Containers / conventional / cruise as applicable,COMP_SSA_MARINE,SSA Marine,SSA Marine,Operating,,,,,,,,,,https://www.ssamarine.com/?6fdf7a44_page=3,High,,v1.16 operator-network expansion
TERM0486,Port of Providence Operations,PORTG0356,Port of Providence,United States,Providence,North America,Marine terminal / stevedoring operation,Containers / conventional / cruise as applicable,COMP_SSA_MARINE,SSA Marine,SSA Marine,Operating,,,,,,,,,,https://www.ssamarine.com/?6fdf7a44_page=3,High,,v1.16 operator-network expansion
TERM0487,Port of Stockton Operations,PORTG0357,Port of Stockton,United States,Stockton,North America,Marine terminal / stevedoring operation,Containers / conventional / cruise as applicable,COMP_SSA_MARINE,SSA Marine,SSA Marine,Operating,,,,,,,,,,https://www.ssamarine.com/?6fdf7a44_page=3,High,,v1.16 operator-network expansion
TERM0488,Port of Tampa Cruise Operations,PORTG0358,Port Tampa Bay,United States,Tampa,North America,Marine terminal / stevedoring operation,Containers / conventional / cruise as applicable,COMP_SSA_MARINE,SSA Marine,SSA Marine,Operating,,,,,,,,,,https://www.ssamarine.com/?6fdf7a44_page=3,High,,v1.16 operator-network expansion
TERM0489,Port of Veracruz Operations,PORTG0270,Port of Veracruz,Mexico,Veracruz,North America / Pacific-Atlantic,Marine terminal / stevedoring operation,Containers / conventional / cruise as applicable,COMP_SSA_MARINE,SSA Marine,SSA Marine,Operating,,,,,,,,,,https://www.ssamarine.com/?6fdf7a44_page=4,High,,v1.16 operator-network expansion
TERM0490,Port of West Sacramento Operations,PORTG0359,Port of West Sacramento,United States,West Sacramento,North America,Marine terminal / stevedoring operation,Containers / conventional / cruise as applicable,COMP_SSA_MARINE,SSA Marine,SSA Marine,Operating,,,,,,,,,,https://www.ssamarine.com/?6fdf7a44_page=4,High,,v1.16 operator-network expansion
TERM0491,Port of Wilmington Operations,PORTG0360,Port of Wilmington NC,United States,Wilmington,North America,Marine terminal / stevedoring operation,Containers / conventional / cruise as applicable,COMP_SSA_MARINE,SSA Marine,SSA Marine,Operating,,,,,,,,,,https://www.ssamarine.com/?6fdf7a44_page=4,High,,v1.16 operator-network expansion
TERM0492,San Antonio Terminal Internacional,PORTG0361,Port of San Antonio,Chile,San Antonio,South America Pacific,Marine terminal / stevedoring operation,Containers / conventional / cruise as applicable,COMP_SSA_MARINE,SSA Marine,SSA Marine,Operating,,,,,,,,,,https://www.ssamarine.com/?6fdf7a44_page=4,High,,v1.16 operator-network expansion
TERM0493,Santa Marta International Terminal,PORTG0362,Port of Santa Marta,Colombia,Santa Marta,South America Pacific,Marine terminal / stevedoring operation,Containers / conventional / cruise as applicable,COMP_SSA_MARINE,SSA Marine,SSA Marine,Operating,,,,,,,,,,https://www.ssamarine.com/?6fdf7a44_page=4,High,,v1.16 operator-network expansion
TERM0494,San Vicente Terminal Internacional,PORTG0363,Port of San Vicente / Talcahuano,Chile,Talcahuano,South America Pacific,Marine terminal / stevedoring operation,Containers / conventional / cruise as applicable,COMP_SSA_MARINE,SSA Marine,SSA Marine,Operating,,,,,,,,,,https://www.ssamarine.com/?6fdf7a44_page=4,High,,v1.16 operator-network expansion
TERM0495,Smith Cove Terminal Pier 91,PORTG0138,Port of Seattle,United States,Seattle,North America,Marine terminal / stevedoring operation,Containers / conventional / cruise as applicable,COMP_SSA_MARINE,SSA Marine,SSA Marine,Operating,,,,,,,,,,https://www.ssamarine.com/?6fdf7a44_page=4,High,,v1.16 operator-network expansion
TERM0496,South Locust Point Terminal,PORTG0324,Port of Baltimore,United States,Baltimore,North America,Marine terminal / stevedoring operation,Containers / conventional / cruise as applicable,COMP_SSA_MARINE,SSA Marine,SSA Marine,Operating,,,,,,,,,,https://www.ssamarine.com/?6fdf7a44_page=4,High,,v1.16 operator-network expansion
TERM0497,SP-SSA International Terminal,PORTG0105,Cai Mep-Thi Vai,Vietnam,Ba Ria-Vung Tau,Southeast Asia,Marine terminal / stevedoring operation,Containers / conventional / cruise as applicable,COMP_SSA_MARINE,SSA Marine,SSA Marine,Operating,,,,,,,,,,https://www.ssamarine.com/?6fdf7a44_page=4,High,,v1.16 operator-network expansion
TERM0498,Squamish Terminals,PORTG0364,Port of Squamish,Canada,Squamish,North America,Marine terminal / stevedoring operation,Containers / conventional / cruise as applicable,COMP_SSA_MARINE,SSA Marine,SSA Marine,Operating,,,,,,,,,,https://www.ssamarine.com/?6fdf7a44_page=4,High,,v1.16 operator-network expansion
TERM0499,Tenth Avenue Marine Terminal,PORTG0327,Port of San Diego,United States,San Diego,North America,Marine terminal / stevedoring operation,Containers / conventional / cruise as applicable,COMP_SSA_MARINE,SSA Marine,SSA Marine,Operating,,,,,,,,,,https://www.ssamarine.com/?6fdf7a44_page=4,High,,v1.16 operator-network expansion
TERM0500,Terminal 18,PORTG0138,Port of Seattle,United States,Seattle,North America,Marine terminal / stevedoring operation,Containers / conventional / cruise as applicable,COMP_SSA_MARINE,SSA Marine,SSA Marine,Operating,,,,,,,,,,https://www.ssamarine.com/?6fdf7a44_page=4,High,,v1.16 operator-network expansion
TERM0501,Terminal 30,PORTG0138,Port of Seattle,United States,Seattle,North America,Marine terminal / stevedoring operation,Containers / conventional / cruise as applicable,COMP_SSA_MARINE,SSA Marine,SSA Marine,Operating,,,,,,,,,,https://www.ssamarine.com/?6fdf7a44_page=4,High,,v1.16 operator-network expansion
TERM0502,Terminal 5,PORTG0138,Port of Seattle,United States,Seattle,North America,Marine terminal / stevedoring operation,Containers / conventional / cruise as applicable,COMP_SSA_MARINE,SSA Marine,SSA Marine,Operating,,,,,,,,,,https://www.ssamarine.com/?6fdf7a44_page=4,High,,v1.16 operator-network expansion
TERM0503,Terminal B63,PORTG0192,Port of Oakland,United States,Oakland,North America,Marine terminal / stevedoring operation,Containers / conventional / cruise as applicable,COMP_SSA_MARINE,SSA Marine,SSA Marine,Operating,,,,,,,,,,https://www.ssamarine.com/?6fdf7a44_page=4,High,,v1.16 operator-network expansion
TERM0504,EUROGATE Container Terminal Hamburg,PORTG0111,Port of Hamburg,Germany,Hamburg,Northern Europe,Marine container terminal,Containers,COMP_EUROGATE,EUROGATE,EUROGATE / Contship,Operating,,1400000,2080,15.1,,Yes,1100,,,https://www1.eurogate.de/en/terminals/,High,,v1.16 operator-network expansion
TERM0505,EUROGATE Container Terminal Bremerhaven,PORTG0175,Port of Bremerhaven,Germany,Bremerhaven,Northern Europe,Marine container terminal,Containers,COMP_EUROGATE,EUROGATE,EUROGATE / Contship,Operating,,,,,,,,,,https://www1.eurogate.de/en/terminals/,High,,v1.16 operator-network expansion
TERM0506,North Sea Terminal Bremerhaven (NTB),PORTG0175,Port of Bremerhaven,Germany,Bremerhaven,Northern Europe,Marine container terminal,Containers,COMP_EUROGATE,EUROGATE,EUROGATE / Contship,Operating,,,,,,,,,,https://www1.eurogate.de/en/terminals/,High,,v1.16 operator-network expansion
TERM0507,MSC Gate Bremerhaven,PORTG0175,Port of Bremerhaven,Germany,Bremerhaven,Northern Europe,Marine container terminal,Containers,COMP_EUROGATE,EUROGATE,EUROGATE / Contship,Operating,,,,,,,,,,https://www1.eurogate.de/en/terminals/,High,,v1.16 operator-network expansion
TERM0508,EUROGATE Container Terminal Wilhelmshaven,PORTG0365,JadeWeserPort Wilhelmshaven,Germany,Wilhelmshaven,Northern Europe,Marine container terminal,Containers,COMP_EUROGATE,EUROGATE,EUROGATE / Contship,Operating,,,,,,,,,,https://www1.eurogate.de/en/terminals/,High,,v1.16 operator-network expansion
TERM0509,La Spezia Container Terminal,PORTG0366,Port of La Spezia,Italy,La Spezia,Mediterranean Europe,Marine container terminal,Containers,COMP_EUROGATE,EUROGATE,EUROGATE / Contship,Operating,,,,,,,,,,https://contshipitalia.com/en/terminals/,High,,v1.16 operator-network expansion
TERM0510,Terminal Container Ravenna,PORTG0367,Port of Ravenna,Italy,Ravenna,Mediterranean Europe,Marine container terminal,Containers,COMP_EUROGATE,EUROGATE,EUROGATE / Contship,Operating,,,,,,,,,,https://contshipitalia.com/en/terminals/,High,,v1.16 operator-network expansion
TERM0511,Salerno Container Terminal,PORTG0368,Port of Salerno,Italy,Salerno,Mediterranean Europe,Marine container terminal,Containers,COMP_EUROGATE,EUROGATE,EUROGATE / Contship,Operating,,,,,,,,,,https://contshipitalia.com/en/terminals/,High,,v1.16 operator-network expansion
TERM0512,EUROGATE Tanger TC2,PORTG0124,Tanger Med,Morocco,Tangier,Global,Marine container terminal,Containers,COMP_EUROGATE,EUROGATE,EUROGATE / Contship,Operating,,,,,,,,,,https://contshipitalia.com/en/terminals/,High,,v1.16 operator-network expansion
TERM0513,Tanger Alliance TC3,PORTG0124,Tanger Med,Morocco,Tangier,Global,Marine container terminal,Containers,COMP_EUROGATE,EUROGATE,EUROGATE / Contship,Operating,,,,,,,,,,https://contshipitalia.com/en/terminals/,High,,v1.16 operator-network expansion
TERM0514,Damietta Alliance Container Terminal,PORTG0369,Port of Damietta,Egypt,Damietta,Eastern Mediterranean / Red Sea,Marine container terminal,Containers,COMP_EUROGATE,EUROGATE,EUROGATE / Contship,Operating,,,,,,,,,,https://contshipitalia.com/en/terminals/,High,,v1.16 operator-network expansion
TERM0515,HHLA Container Terminal Altenwerder (CTA),PORTG0111,Port of Hamburg,Germany,Hamburg,Northern Europe,Marine container terminal,Containers,COMP_HHLA,HHLA,HHLA,Operating,,1000000,,,4,Yes,,,,https://hhla.de/en/company/subsidiaries/seaport-terminals,High,,v1.16 operator-network expansion
TERM0516,HHLA Container Terminal Burchardkai (CTB),PORTG0111,Port of Hamburg,Germany,Hamburg,Northern Europe,Marine container terminal,Containers,COMP_HHLA,HHLA,HHLA,Operating,,1400000,,,10,Yes,,,,https://hhla.de/en/company/subsidiaries/seaport-terminals,High,,v1.16 operator-network expansion
TERM0517,HHLA Container Terminal Tollerort (CTT),PORTG0111,Port of Hamburg,Germany,Hamburg,Northern Europe,Marine container terminal,Containers,COMP_HHLA,HHLA,HHLA,Operating,,700000,,,4,Yes,,,,https://hhla.de/en/company/subsidiaries/seaport-terminals,High,,v1.16 operator-network expansion
TERM0518,HHLA Container Terminal Odessa,PORTG0123,Port of Odesa,Ukraine,Odesa,Global,Marine container terminal,Containers,COMP_HHLA,HHLA,HHLA,Operating,,,,,,,,,,https://hhla.de/en/company/subsidiaries/seaport-terminals,High,,v1.16 operator-network expansion
TERM0519,HHLA Container Terminal Estonia,PORTG0370,Port of Muuga / Tallinn,Estonia,Tallinn,Global,Marine container terminal,Containers,COMP_HHLA,HHLA,HHLA,Operating,,,,,,,,,,https://hhla.de/en/company/subsidiaries/seaport-terminals,High,,v1.16 operator-network expansion
TERM0520,UNIKAI,PORTG0111,Port of Hamburg,Germany,Hamburg,Northern Europe,Multipurpose / Ro-Ro terminal,Ro-Ro / project / general cargo,COMP_HHLA,HHLA,HHLA,Operating,,,,,,,,,,https://hhla.de/en/company/subsidiaries/seaport-terminals,High,,v1.16 operator-network expansion
TERM0521,HHLA Frucht- und Kühl-Zentrum,PORTG0111,Port of Hamburg,Germany,Hamburg,Northern Europe,Reefer / fruit terminal,Perishables / reefer,COMP_HHLA,HHLA,HHLA,Operating,,,,,,,,,,https://hhla.de/en/company/subsidiaries/seaport-terminals,High,,v1.16 operator-network expansion
TERM0522,HHLA TK Estonia,PORTG0370,Port of Muuga / Tallinn,Estonia,Tallinn,Global,Multipurpose terminal,General / Ro-Ro / bulk,COMP_HHLA,HHLA,HHLA,Operating,,,,,,,,,,https://hhla.de/en/company/subsidiaries/seaport-terminals,High,,v1.16 operator-network expansion
TERM0523,HHLA PLT Italy,PORTG0144,Port of Trieste,Italy,Trieste,Mediterranean Europe,Multipurpose / Ro-Ro terminal,Ro-Ro / project / general cargo,COMP_HHLA,HHLA,HHLA,Operating,,,,,,,,,,https://hhla.de/en/company/subsidiaries/seaport-terminals,High,,v1.16 operator-network expansion
TERM0524,Hansaport,PORTG0111,Port of Hamburg,Germany,Hamburg,Northern Europe,Bulk terminal,Iron ore / coal / bulk,COMP_HHLA,HHLA,HHLA,Operating,,,,,,,,,,https://hhla.de/en/company/subsidiaries/seaport-terminals,High,,v1.16 operator-network expansion
